metric,region,head_label,layer,exp11_effect,value,global_rank,within_layer_rank,within_layer_pct
one_minus_cosine,query,L0H2,0,0.0354449,0.0105944,17,4,0.727273
one_minus_cosine,query,L8H11,8,0.0570507,0.015106,9,1,1
one_minus_cosine,query,L9H3,9,0.0333219,0.00991319,22,1,1
one_minus_cosine,query,L9H6,9,0.0872111,0.0049409,57,4,0.727273
one_minus_cosine,query,L10H0,10,0.181936,0.00718234,37,4,0.727273
one_minus_cosine,query,L10H2,10,0.160698,0.00546956,49,6,0.545455
one_minus_cosine,query,L10H4,10,0.0294798,0.00969915,24,2,0.909091
one_minus_cosine,query,L10H6,10,0.0310876,0.0100974,20,1,1
one_minus_cosine,query,L10H7,10,0.0270115,0.00451513,68,11,0.0909091
one_minus_cosine,query,L10H8,10,0.0300396,0.00476526,59,9,0.272727
one_minus_cosine,query,L10H9,10,0.036272,0.00531212,52,7,0.454545
one_minus_cosine,query,L11H0,11,0.0648068,0.00863499,30,4,0.727273
one_minus_cosine,query,L11H2,11,0.0715656,0.0093285,28,3,0.818182
one_minus_cosine,query,L11H3,11,0.120718,0.00467349,61,9,0.272727
one_minus_cosine,query,L11H4,11,0.0728341,0.00678304,42,8,0.363636
one_minus_cosine,query,L11H5,11,0.0393637,0.00990176,23,2,0.909091
one_minus_cosine,query,L11H6,11,0.0355571,0.00804022,35,6,0.545455
one_minus_cosine,query,L11H11,11,0.117279,0.0148114,10,1,1
one_minus_cosine,orig_doc,L0H2,0,0.0354449,0.00442741,105,6,0.545455
one_minus_cosine,orig_doc,L8H11,8,0.0570507,0.0133709,9,3,0.818182
one_minus_cosine,orig_doc,L9H3,9,0.0333219,0.00677209,59,4,0.727273
one_minus_cosine,orig_doc,L9H6,9,0.0872111,0.00227796,139,12,0
one_minus_cosine,orig_doc,L10H0,10,0.181936,0.00706487,55,5,0.636364
one_minus_cosine,orig_doc,L10H2,10,0.160698,0.00573149,85,8,0.363636
one_minus_cosine,orig_doc,L10H4,10,0.0294798,0.00517973,93,9,0.272727
one_minus_cosine,orig_doc,L10H6,10,0.0310876,0.0034595,119,12,0
one_minus_cosine,orig_doc,L10H7,10,0.0270115,0.00737089,51,3,0.818182
one_minus_cosine,orig_doc,L10H8,10,0.0300396,0.00659859,63,7,0.454545
one_minus_cosine,orig_doc,L10H9,10,0.036272,0.0104983,23,1,1
one_minus_cosine,orig_doc,L11H0,11,0.0648068,0.00338363,120,12,0
one_minus_cosine,orig_doc,L11H2,11,0.0715656,0.00751085,47,5,0.636364
one_minus_cosine,orig_doc,L11H3,11,0.120718,0.00617832,72,7,0.454545
one_minus_cosine,orig_doc,L11H4,11,0.0728341,0.00915152,29,3,0.818182
one_minus_cosine,orig_doc,L11H5,11,0.0393637,0.0102072,24,1,1
one_minus_cosine,orig_doc,L11H6,11,0.0355571,0.00728326,52,6,0.545455
one_minus_cosine,orig_doc,L11H11,11,0.117279,0.0049929,98,10,0.181818
normalized_l2,query,L0H2,0,0.0354449,0.100135,37,5,0.636364
normalized_l2,query,L8H11,8,0.0570507,0.170184,4,1,1
normalized_l2,query,L9H3,9,0.0333219,0.110921,27,1,1
normalized_l2,query,L9H6,9,0.0872111,0.0821373,61,4,0.727273
normalized_l2,query,L10H0,10,0.181936,0.103436,33,4,0.727273
normalized_l2,query,L10H2,10,0.160698,0.0918288,47,6,0.545455
normalized_l2,query,L10H4,10,0.0294798,0.113008,23,1,1
normalized_l2,query,L10H6,10,0.0310876,0.112659,24,2,0.909091
normalized_l2,query,L10H7,10,0.0270115,0.0905546,48,7,0.454545
normalized_l2,query,L10H8,10,0.0300396,0.0885178,52,10,0.181818
normalized_l2,query,L10H9,10,0.036272,0.0897882,49,8,0.363636
normalized_l2,query,L11H0,11,0.0648068,0.116783,20,3,0.818182
normalized_l2,query,L11H2,11,0.0715656,0.0961421,42,8,0.363636
normalized_l2,query,L11H3,11,0.120718,0.0836134,59,9,0.272727
normalized_l2,query,L11H4,11,0.0728341,0.103022,34,7,0.454545
normalized_l2,query,L11H5,11,0.0393637,0.128534,16,2,0.909091
normalized_l2,query,L11H6,11,0.0355571,0.113748,22,4,0.727273
normalized_l2,query,L11H11,11,0.117279,0.134518,13,1,1
normalized_l2,orig_doc,L0H2,0,0.0354449,0.0768865,111,5,0.636364
normalized_l2,orig_doc,L8H11,8,0.0570507,0.15218,2,1,1
normalized_l2,orig_doc,L9H3,9,0.0333219,0.10049,61,4,0.727273
normalized_l2,orig_doc,L9H6,9,0.0872111,0.0621702,135,12,0
normalized_l2,orig_doc,L10H0,10,0.181936,0.108102,42,3,0.818182
normalized_l2,orig_doc,L10H2,10,0.160698,0.0918186,81,8,0.363636
normalized_l2,orig_doc,L10H4,10,0.0294798,0.089026,89,10,0.181818
normalized_l2,orig_doc,L10H6,10,0.0310876,0.0758075,113,12,0
normalized_l2,orig_doc,L10H7,10,0.0270115,0.104136,52,5,0.636364
normalized_l2,orig_doc,L10H8,10,0.0300396,0.100591,59,7,0.454545
normalized_l2,orig_doc,L10H9,10,0.036272,0.119188,26,1,1
normalized_l2,orig_doc,L11H0,11,0.0648068,0.0775997,109,12,0
normalized_l2,orig_doc,L11H2,11,0.0715656,0.107583,45,7,0.454545
normalized_l2,orig_doc,L11H3,11,0.120718,0.108036,43,6,0.545455
normalized_l2,orig_doc,L11H4,11,0.0728341,0.110347,38,5,0.636364
normalized_l2,orig_doc,L11H5,11,0.0393637,0.127543,18,1,1
normalized_l2,orig_doc,L11H6,11,0.0355571,0.111409,37,4,0.727273
normalized_l2,orig_doc,L11H11,11,0.117279,0.0927449,77,8,0.363636
tw_mean_omc,query,L0H2,0,0.0354449,0.0127089,23,5,0.636364
tw_mean_omc,query,L8H11,8,0.0570507,0.0175863,10,1,1
tw_mean_omc,query,L9H3,9,0.0333219,0.0114535,26,1,1
tw_mean_omc,query,L9H6,9,0.0872111,0.00798543,43,4,0.727273
tw_mean_omc,query,L10H0,10,0.181936,0.0109731,27,3,0.818182
tw_mean_omc,query,L10H2,10,0.160698,0.00735352,48,6,0.545455
tw_mean_omc,query,L10H4,10,0.0294798,0.0136426,19,2,0.909091
tw_mean_omc,query,L10H6,10,0.0310876,0.017702,9,1,1
tw_mean_omc,query,L10H7,10,0.0270115,0.00469511,73,10,0.181818
tw_mean_omc,query,L10H8,10,0.0300396,0.00455215,77,11,0.0909091
tw_mean_omc,query,L10H9,10,0.036272,0.00706978,50,7,0.454545
tw_mean_omc,query,L11H0,11,0.0648068,0.0108383,29,5,0.636364
tw_mean_omc,query,L11H2,11,0.0715656,0.0164488,12,2,0.909091
tw_mean_omc,query,L11H3,11,0.120718,0.00738414,47,9,0.272727
tw_mean_omc,query,L11H4,11,0.0728341,0.00850197,40,8,0.363636
tw_mean_omc,query,L11H5,11,0.0393637,0.0132884,21,3,0.818182
tw_mean_omc,query,L11H6,11,0.0355571,0.0107928,30,6,0.545455
tw_mean_omc,query,L11H11,11,0.117279,0.018328,8,1,1
tw_mean_omc,orig_doc,L0H2,0,0.0354449,0.00783381,113,7,0.454545
tw_mean_omc,orig_doc,L8H11,8,0.0570507,0.0182916,25,4,0.727273
tw_mean_omc,orig_doc,L9H3,9,0.0333219,0.0126729,67,7,0.454545
tw_mean_omc,orig_doc,L9H6,9,0.0872111,0.00647362,123,11,0.0909091
tw_mean_omc,orig_doc,L10H0,10,0.181936,0.015362,47,6,0.545455
tw_mean_omc,orig_doc,L10H2,10,0.160698,0.0131513,64,10,0.181818
tw_mean_omc,orig_doc,L10H4,10,0.0294798,0.0148729,54,7,0.454545
tw_mean_omc,orig_doc,L10H6,10,0.0310876,0.0110158,78,11,0.0909091
tw_mean_omc,orig_doc,L10H7,10,0.0270115,0.017749,27,4,0.727273
tw_mean_omc,orig_doc,L10H8,10,0.0300396,0.0206742,7,2,0.909091
tw_mean_omc,orig_doc,L10H9,10,0.036272,0.017005,37,5,0.636364
tw_mean_omc,orig_doc,L11H0,11,0.0648068,0.0105003,83,12,0
tw_mean_omc,orig_doc,L11H2,11,0.0715656,0.0167928,38,6,0.545455
tw_mean_omc,orig_doc,L11H3,11,0.120718,0.014185,58,9,0.272727
tw_mean_omc,orig_doc,L11H4,11,0.0728341,0.0159537,45,8,0.363636
tw_mean_omc,orig_doc,L11H5,11,0.0393637,0.0224683,2,1,1
tw_mean_omc,orig_doc,L11H6,11,0.0355571,0.0140838,60,10,0.181818
tw_mean_omc,orig_doc,L11H11,11,0.117279,0.0118524,70,11,0.0909091
tw_mean_nl2,query,L0H2,0,0.0354449,0.0975859,45,4,0.727273
tw_mean_nl2,query,L8H11,8,0.0570507,0.180164,1,1,1
tw_mean_nl2,query,L9H3,9,0.0333219,0.115135,32,1,1
tw_mean_nl2,query,L9H6,9,0.0872111,0.0922812,56,5,0.636364
tw_mean_nl2,query,L10H0,10,0.181936,0.125549,23,3,0.818182
tw_mean_nl2,query,L10H2,10,0.160698,0.105032,36,6,0.545455
tw_mean_nl2,query,L10H4,10,0.0294798,0.128453,21,2,0.909091
tw_mean_nl2,query,L10H6,10,0.0310876,0.128811,20,1,1
tw_mean_nl2,query,L10H7,10,0.0270115,0.0972249,47,9,0.272727
tw_mean_nl2,query,L10H8,10,0.0300396,0.0914137,58,11,0.0909091
tw_mean_nl2,query,L10H9,10,0.036272,0.100958,42,8,0.363636
tw_mean_nl2,query,L11H0,11,0.0648068,0.132866,18,4,0.727273
tw_mean_nl2,query,L11H2,11,0.0715656,0.118741,28,7,0.454545
tw_mean_nl2,query,L11H3,11,0.120718,0.103227,37,9,0.272727
tw_mean_nl2,query,L11H4,11,0.0728341,0.116863,31,8,0.363636
tw_mean_nl2,query,L11H5,11,0.0393637,0.144746,8,2,0.909091
tw_mean_nl2,query,L11H6,11,0.0355571,0.128381,22,5,0.636364
tw_mean_nl2,query,L11H11,11,0.117279,0.14797,7,1,1
tw_mean_nl2,orig_doc,L0H2,0,0.0354449,0.0718769,131,5,0.636364
tw_mean_nl2,orig_doc,L8H11,8,0.0570507,0.173854,5,2,0.909091
tw_mean_nl2,orig_doc,L9H3,9,0.0333219,0.124597,56,6,0.545455
tw_mean_nl2,orig_doc,L9H6,9,0.0872111,0.0894061,105,11,0.0909091
tw_mean_nl2,orig_doc,L10H0,10,0.181936,0.142809,30,6,0.545455
tw_mean_nl2,orig_doc,L10H2,10,0.160698,0.136905,40,9,0.272727
tw_mean_nl2,orig_doc,L10H4,10,0.0294798,0.133216,46,10,0.181818
tw_mean_nl2,orig_doc,L10H6,10,0.0310876,0.120394,63,11,0.0909091
tw_mean_nl2,orig_doc,L10H7,10,0.0270115,0.158544,11,3,0.818182
tw_mean_nl2,orig_doc,L10H8,10,0.0300396,0.175173,3,2,0.909091
tw_mean_nl2,orig_doc,L10H9,10,0.036272,0.158278,13,4,0.727273
tw_mean_nl2,orig_doc,L11H0,11,0.0648068,0.122239,59,12,0
tw_mean_nl2,orig_doc,L11H2,11,0.0715656,0.1515,22,7,0.454545
tw_mean_nl2,orig_doc,L11H3,11,0.120718,0.163456,10,4,0.727273
tw_mean_nl2,orig_doc,L11H4,11,0.0728341,0.143516,26,8,0.363636
tw_mean_nl2,orig_doc,L11H5,11,0.0393637,0.172435,7,2,0.909091
tw_mean_nl2,orig_doc,L11H6,11,0.0355571,0.14348,27,9,0.272727
tw_mean_nl2,orig_doc,L11H11,11,0.117279,0.128193,53,11,0.0909091
one_minus_cka_raw,query,L0H2,0,0.0354449,0.0585105,3,3,0.818182
one_minus_cka_raw,query,L8H11,8,0.0570507,0.0328851,6,1,1
one_minus_cka_raw,query,L9H3,9,0.0333219,0.0132509,34,2,0.909091
one_minus_cka_raw,query,L9H6,9,0.0872111,0.0123551,37,3,0.818182
one_minus_cka_raw,query,L10H0,10,0.181936,0.00670229,65,9,0.272727
one_minus_cka_raw,query,L10H2,10,0.160698,0.00834207,57,6,0.545455
one_minus_cka_raw,query,L10H4,10,0.0294798,0.0159647,26,3,0.818182
one_minus_cka_raw,query,L10H6,10,0.0310876,0.0204569,20,1,1
one_minus_cka_raw,query,L10H7,10,0.0270115,0.00588567,71,11,0.0909091
one_minus_cka_raw,query,L10H8,10,0.0300396,0.00766269,60,8,0.363636
one_minus_cka_raw,query,L10H9,10,0.036272,0.00658728,66,10,0.181818
one_minus_cka_raw,query,L11H0,11,0.0648068,0.0159518,27,4,0.727273
one_minus_cka_raw,query,L11H2,11,0.0715656,0.013021,35,7,0.454545
one_minus_cka_raw,query,L11H3,11,0.120718,0.00923157,50,10,0.181818
one_minus_cka_raw,query,L11H4,11,0.0728341,0.0123826,36,8,0.363636
one_minus_cka_raw,query,L11H5,11,0.0393637,0.0111101,39,9,0.272727
one_minus_cka_raw,query,L11H6,11,0.0355571,0.00846524,54,11,0.0909091
one_minus_cka_raw,query,L11H11,11,0.117279,0.0168308,23,3,0.818182
one_minus_cka_qc,query,L0H2,0,0.0354449,0.534324,1,1,1
one_minus_cka_qc,query,L8H11,8,0.0570507,0.0688612,48,4,0.727273
one_minus_cka_qc,query,L9H3,9,0.0333219,0.0668497,50,1,1
one_minus_cka_qc,query,L9H6,9,0.0872111,0.0236978,113,11,0.0909091
one_minus_cka_qc,query,L10H0,10,0.181936,0.0110094,139,11,0.0909091
one_minus_cka_qc,query,L10H2,10,0.160698,0.0152147,135,9,0.272727
one_minus_cka_qc,query,L10H4,10,0.0294798,0.037934,83,2,0.909091
one_minus_cka_qc,query,L10H6,10,0.0310876,0.0333421,93,3,0.818182
one_minus_cka_qc,query,L10H7,10,0.0270115,0.00966411,142,12,0
one_minus_cka_qc,query,L10H8,10,0.0300396,0.012836,136,10,0.181818
one_minus_cka_qc,query,L10H9,10,0.036272,0.018508,123,6,0.545455
one_minus_cka_qc,query,L11H0,11,0.0648068,0.0235251,114,3,0.818182
one_minus_cka_qc,query,L11H2,11,0.0715656,0.0154499,134,10,0.181818
one_minus_cka_qc,query,L11H3,11,0.120718,0.0118471,137,11,0.0909091
one_minus_cka_qc,query,L11H4,11,0.0728341,0.0155041,133,9,0.272727
one_minus_cka_qc,query,L11H5,11,0.0393637,0.0160729,132,8,0.363636
one_minus_cka_qc,query,L11H6,11,0.0355571,0.0114794,138,12,0
one_minus_cka_qc,query,L11H11,11,0.117279,0.0222975,116,4,0.727273
one_minus_cka_raw,orig_doc,L0H2,0,0.0354449,0.026273,25,5,0.636364
one_minus_cka_raw,orig_doc,L8H11,8,0.0570507,0.0356955,10,2,0.909091
one_minus_cka_raw,orig_doc,L9H3,9,0.0333219,0.014806,90,10,0.181818
one_minus_cka_raw,orig_doc,L9H6,9,0.0872111,0.0117409,103,12,0
one_minus_cka_raw,orig_doc,L10H0,10,0.181936,0.020196,54,8,0.363636
one_minus_cka_raw,orig_doc,L10H2,10,0.160698,0.0127725,98,11,0.0909091
one_minus_cka_raw,orig_doc,L10H4,10,0.0294798,0.0188695,61,9,0.272727
one_minus_cka_raw,orig_doc,L10H6,10,0.0310876,0.0229121,34,3,0.818182
one_minus_cka_raw,orig_doc,L10H7,10,0.0270115,0.0119804,102,12,0
one_minus_cka_raw,orig_doc,L10H8,10,0.0300396,0.0206948,49,7,0.454545
one_minus_cka_raw,orig_doc,L10H9,10,0.036272,0.0261498,26,1,1
one_minus_cka_raw,orig_doc,L11H0,11,0.0648068,0.0207518,46,2,0.909091
one_minus_cka_raw,orig_doc,L11H2,11,0.0715656,0.0203463,53,3,0.818182
one_minus_cka_raw,orig_doc,L11H3,11,0.120718,0.0178134,67,7,0.454545
one_minus_cka_raw,orig_doc,L11H4,11,0.0728341,0.014404,92,11,0.0909091
one_minus_cka_raw,orig_doc,L11H5,11,0.0393637,0.0184994,63,6,0.545455
one_minus_cka_raw,orig_doc,L11H6,11,0.0355571,0.0209852,44,1,1
one_minus_cka_raw,orig_doc,L11H11,11,0.117279,0.0137847,95,12,0
one_minus_cka_qc,orig_doc,L0H2,0,0.0354449,0.0615774,12,5,0.636364
one_minus_cka_qc,orig_doc,L8H11,8,0.0570507,0.0702392,7,2,0.909091
one_minus_cka_qc,orig_doc,L9H3,9,0.0333219,0.0617443,11,2,0.909091
one_minus_cka_qc,orig_doc,L9H6,9,0.0872111,0.0186033,114,12,0
one_minus_cka_qc,orig_doc,L10H0,10,0.181936,0.0359432,45,4,0.727273
one_minus_cka_qc,orig_doc,L10H2,10,0.160698,0.0214977,102,11,0.0909091
one_minus_cka_qc,orig_doc,L10H4,10,0.0294798,0.0230038,93,10,0.181818
one_minus_cka_qc,orig_doc,L10H6,10,0.0310876,0.0370456,42,3,0.818182
one_minus_cka_qc,orig_doc,L10H7,10,0.0270115,0.0147589,122,12,0
one_minus_cka_qc,orig_doc,L10H8,10,0.0300396,0.0248011,86,9,0.272727
one_minus_cka_qc,orig_doc,L10H9,10,0.036272,0.0332196,50,6,0.545455
one_minus_cka_qc,orig_doc,L11H0,11,0.0648068,0.0298434,58,2,0.909091
one_minus_cka_qc,orig_doc,L11H2,11,0.0715656,0.0269362,77,4,0.727273
one_minus_cka_qc,orig_doc,L11H3,11,0.120718,0.0221362,99,7,0.454545
one_minus_cka_qc,orig_doc,L11H4,11,0.0728341,0.0188028,111,10,0.181818
one_minus_cka_qc,orig_doc,L11H5,11,0.0393637,0.030755,55,1,1
one_minus_cka_qc,orig_doc,L11H6,11,0.0355571,0.0255431,81,6,0.545455
one_minus_cka_qc,orig_doc,L11H11,11,0.117279,0.0170899,116,12,0
