metric,region,rank,head_label,layer,value,causal,exp11_effect
one_minus_cosine,query,1,L0H4,0,0.03388,False,0.00164019
one_minus_cosine,query,2,L0H3,0,0.0212514,False,0.00555183
one_minus_cosine,query,3,L7H3,7,0.0192482,False,-0.0122528
one_minus_cosine,query,4,L5H6,5,0.0187629,False,-0.0528547
one_minus_cosine,query,5,L7H6,7,0.0185846,False,0.0131266
one_minus_cosine,query,6,L5H4,5,0.0166776,False,0.0117797
one_minus_cosine,query,7,L6H6,6,0.0164284,False,-0.0186769
one_minus_cosine,query,8,L3H3,3,0.0156322,False,-3.02056e-05
one_minus_cosine,query,9,L8H11,8,0.015106,True,0.0570507
one_minus_cosine,query,10,L11H11,11,0.0148114,True,0.117279
one_minus_cosine,query,11,L0H11,0,0.0144493,False,-0.695876
one_minus_cosine,query,12,L1H4,1,0.0142675,False,-0.124605
one_minus_cosine,query,13,L2H11,2,0.0141667,False,-0.105347
one_minus_cosine,query,14,L8H5,8,0.0121996,False,-0.188794
one_minus_cosine,query,15,L8H6,8,0.0116172,False,-0.231567
one_minus_cosine,query,16,L4H6,4,0.010684,False,-0.0462292
one_minus_cosine,query,17,L0H2,0,0.0105944,True,0.0354449
one_minus_cosine,query,18,L4H3,4,0.01022,False,-0.0640744
one_minus_cosine,orig_doc,1,L0H4,0,0.0176963,False,0.00164019
one_minus_cosine,orig_doc,2,L3H7,3,0.0155381,False,-0.0521198
one_minus_cosine,orig_doc,3,L4H7,4,0.0154209,False,-0.0329958
one_minus_cosine,orig_doc,4,L5H4,5,0.0154022,False,0.0117797
one_minus_cosine,orig_doc,5,L8H9,8,0.0149343,False,-0.0997658
one_minus_cosine,orig_doc,6,L8H7,8,0.0144577,False,-0.0488822
one_minus_cosine,orig_doc,7,L1H2,1,0.0137103,False,-0.0106538
one_minus_cosine,orig_doc,8,L0H3,0,0.0134416,False,0.00555183
one_minus_cosine,orig_doc,9,L8H11,8,0.0133709,True,0.0570507
one_minus_cosine,orig_doc,10,L6H6,6,0.0133528,False,-0.0186769
one_minus_cosine,orig_doc,11,L7H6,7,0.0131624,False,0.0131266
one_minus_cosine,orig_doc,12,L7H9,7,0.012132,False,-0.0171476
one_minus_cosine,orig_doc,13,L2H9,2,0.0119804,False,0.000916868
one_minus_cosine,orig_doc,14,L1H3,1,0.0115112,False,-0.0315832
one_minus_cosine,orig_doc,15,L2H11,2,0.0113653,False,-0.105347
one_minus_cosine,orig_doc,16,L7H2,7,0.0113077,False,0.0037257
one_minus_cosine,orig_doc,17,L8H2,8,0.0112747,False,-0.00182416
one_minus_cosine,orig_doc,18,L7H10,7,0.0109366,False,-0.012595
normalized_l2,query,1,L0H4,0,0.186512,False,0.00164019
normalized_l2,query,2,L7H6,7,0.172219,False,0.0131266
normalized_l2,query,3,L5H6,5,0.170652,False,-0.0528547
normalized_l2,query,4,L8H11,8,0.170184,True,0.0570507
normalized_l2,query,5,L6H6,6,0.164585,False,-0.0186769
normalized_l2,query,6,L0H11,0,0.159409,False,-0.695876
normalized_l2,query,7,L7H3,7,0.15623,False,-0.0122528
normalized_l2,query,8,L1H4,1,0.146674,False,-0.124605
normalized_l2,query,9,L0H3,0,0.143024,False,0.00555183
normalized_l2,query,10,L5H4,5,0.138687,False,0.0117797
normalized_l2,query,11,L2H11,2,0.138156,False,-0.105347
normalized_l2,query,12,L3H3,3,0.135458,False,-3.02056e-05
normalized_l2,query,13,L11H11,11,0.134518,True,0.117279
normalized_l2,query,14,L8H5,8,0.132873,False,-0.188794
normalized_l2,query,15,L4H6,4,0.13129,False,-0.0462292
normalized_l2,query,16,L11H5,11,0.128534,True,0.0393637
normalized_l2,query,17,L8H6,8,0.128062,False,-0.231567
normalized_l2,query,18,L1H11,1,0.120432,False,-0.0952975
normalized_l2,orig_doc,1,L0H4,0,0.154396,False,0.00164019
normalized_l2,orig_doc,2,L8H11,8,0.15218,True,0.0570507
normalized_l2,orig_doc,3,L7H6,7,0.147843,False,0.0131266
normalized_l2,orig_doc,4,L8H9,8,0.147081,False,-0.0997658
normalized_l2,orig_doc,5,L6H6,6,0.142893,False,-0.0186769
normalized_l2,orig_doc,6,L5H4,5,0.141004,False,0.0117797
normalized_l2,orig_doc,7,L8H7,8,0.140224,False,-0.0488822
normalized_l2,orig_doc,8,L0H11,0,0.139541,False,-0.695876
normalized_l2,orig_doc,9,L1H2,1,0.13886,False,-0.0106538
normalized_l2,orig_doc,10,L4H7,4,0.138652,False,-0.0329958
normalized_l2,orig_doc,11,L3H7,3,0.138532,False,-0.0521198
normalized_l2,orig_doc,12,L7H9,7,0.136912,False,-0.0171476
normalized_l2,orig_doc,13,L0H3,0,0.131867,False,0.00555183
normalized_l2,orig_doc,14,L1H4,1,0.131643,False,-0.124605
normalized_l2,orig_doc,15,L8H2,8,0.130827,False,-0.00182416
normalized_l2,orig_doc,16,L1H3,1,0.13,False,-0.0315832
normalized_l2,orig_doc,17,L2H11,2,0.128679,False,-0.105347
normalized_l2,orig_doc,18,L11H5,11,0.127543,True,0.0393637
tw_mean_omc,query,1,L0H4,0,0.031972,False,0.00164019
tw_mean_omc,query,2,L0H3,0,0.0290783,False,0.00555183
tw_mean_omc,query,3,L5H6,5,0.0214339,False,-0.0528547
tw_mean_omc,query,4,L3H3,3,0.0201312,False,-3.02056e-05
tw_mean_omc,query,5,L7H6,7,0.0200777,False,0.0131266
tw_mean_omc,query,6,L7H3,7,0.0200384,False,-0.0122528
tw_mean_omc,query,7,L5H4,5,0.0193717,False,0.0117797
tw_mean_omc,query,8,L11H11,11,0.018328,True,0.117279
tw_mean_omc,query,9,L10H6,10,0.017702,True,0.0310876
tw_mean_omc,query,10,L8H11,8,0.0175863,True,0.0570507
tw_mean_omc,query,11,L6H6,6,0.0173866,False,-0.0186769
tw_mean_omc,query,12,L11H2,11,0.0164488,True,0.0715656
tw_mean_omc,query,13,L2H11,2,0.0147201,False,-0.105347
tw_mean_omc,query,14,L0H11,0,0.0141734,False,-0.695876
tw_mean_omc,query,15,L1H4,1,0.0140145,False,-0.124605
tw_mean_omc,query,16,L8H6,8,0.0138787,False,-0.231567
tw_mean_omc,query,17,L8H5,8,0.0138347,False,-0.188794
tw_mean_omc,query,18,L8H2,8,0.0137168,False,-0.00182416
tw_mean_omc,orig_doc,1,L8H7,8,0.0253177,False,-0.0488822
tw_mean_omc,orig_doc,2,L11H5,11,0.0224683,True,0.0393637
tw_mean_omc,orig_doc,3,L10H10,10,0.0213396,False,0.015579
tw_mean_omc,orig_doc,4,L8H9,8,0.0212627,False,-0.0997658
tw_mean_omc,orig_doc,5,L9H8,9,0.021018,False,-0.0207313
tw_mean_omc,orig_doc,6,L7H9,7,0.02078,False,-0.0171476
tw_mean_omc,orig_doc,7,L10H8,10,0.0206742,True,0.0300396
tw_mean_omc,orig_doc,8,L7H1,7,0.02066,False,-0.0130103
tw_mean_omc,orig_doc,9,L3H7,3,0.0205579,False,-0.0521198
tw_mean_omc,orig_doc,10,L7H8,7,0.0204425,False,-0.0471924
tw_mean_omc,orig_doc,11,L11H7,11,0.0203869,False,-0.0482084
tw_mean_omc,orig_doc,12,L0H3,0,0.0202922,False,0.00555183
tw_mean_omc,orig_doc,13,L0H4,0,0.0200278,False,0.00164019
tw_mean_omc,orig_doc,14,L4H7,4,0.019973,False,-0.0329958
tw_mean_omc,orig_doc,15,L6H7,6,0.0199548,False,-0.0900685
tw_mean_omc,orig_doc,16,L8H2,8,0.0198824,False,-0.00182416
tw_mean_omc,orig_doc,17,L7H10,7,0.0197985,False,-0.012595
tw_mean_omc,orig_doc,18,L6H10,6,0.019578,False,-0.0565682
tw_mean_nl2,query,1,L8H11,8,0.180164,True,0.0570507
tw_mean_nl2,query,2,L5H6,5,0.178297,False,-0.0528547
tw_mean_nl2,query,3,L0H4,0,0.17563,False,0.00164019
tw_mean_nl2,query,4,L7H6,7,0.171736,False,0.0131266
tw_mean_nl2,query,5,L6H6,6,0.162885,False,-0.0186769
tw_mean_nl2,query,6,L7H3,7,0.155362,False,-0.0122528
tw_mean_nl2,query,7,L11H11,11,0.14797,True,0.117279
tw_mean_nl2,query,8,L11H5,11,0.144746,True,0.0393637
tw_mean_nl2,query,9,L8H6,8,0.144038,False,-0.231567
tw_mean_nl2,query,10,L0H3,0,0.143069,False,0.00555183
tw_mean_nl2,query,11,L1H4,1,0.141982,False,-0.124605
tw_mean_nl2,query,12,L3H3,3,0.140384,False,-3.02056e-05
tw_mean_nl2,query,13,L5H4,5,0.140256,False,0.0117797
tw_mean_nl2,query,14,L8H5,8,0.134859,False,-0.188794
tw_mean_nl2,query,15,L11H9,11,0.134449,False,-0.00739365
tw_mean_nl2,query,16,L2H11,2,0.134147,False,-0.105347
tw_mean_nl2,query,17,L4H6,4,0.133254,False,-0.0462292
tw_mean_nl2,query,18,L11H0,11,0.132866,True,0.0648068
tw_mean_nl2,orig_doc,1,L10H10,10,0.184536,False,0.015579
tw_mean_nl2,orig_doc,2,L11H9,11,0.182989,False,-0.00739365
tw_mean_nl2,orig_doc,3,L10H8,10,0.175173,True,0.0300396
tw_mean_nl2,orig_doc,4,L8H7,8,0.17513,False,-0.0488822
tw_mean_nl2,orig_doc,5,L8H11,8,0.173854,True,0.0570507
tw_mean_nl2,orig_doc,6,L8H9,8,0.173578,False,-0.0997658
tw_mean_nl2,orig_doc,7,L11H5,11,0.172435,True,0.0393637
tw_mean_nl2,orig_doc,8,L11H10,11,0.164338,False,0.00425051
tw_mean_nl2,orig_doc,9,L8H2,8,0.164233,False,-0.00182416
tw_mean_nl2,orig_doc,10,L11H3,11,0.163456,True,0.120718
tw_mean_nl2,orig_doc,11,L10H7,10,0.158544,True,0.0270115
tw_mean_nl2,orig_doc,12,L7H6,7,0.158449,False,0.0131266
tw_mean_nl2,orig_doc,13,L10H9,10,0.158278,True,0.036272
tw_mean_nl2,orig_doc,14,L11H7,11,0.156662,False,-0.0482084
tw_mean_nl2,orig_doc,15,L9H8,9,0.156585,False,-0.0207313
tw_mean_nl2,orig_doc,16,L6H6,6,0.156085,False,-0.0186769
tw_mean_nl2,orig_doc,17,L8H6,8,0.155904,False,-0.231567
tw_mean_nl2,orig_doc,18,L7H9,7,0.155142,False,-0.0171476
one_minus_cka_raw,query,1,L0H11,0,0.107949,False,-0.695876
one_minus_cka_raw,query,2,L0H4,0,0.061793,False,0.00164019
one_minus_cka_raw,query,3,L0H2,0,0.0585105,True,0.0354449
one_minus_cka_raw,query,4,L1H2,1,0.0578235,False,-0.0106538
one_minus_cka_raw,query,5,L6H6,6,0.0506775,False,-0.0186769
one_minus_cka_raw,query,6,L8H11,8,0.0328851,True,0.0570507
one_minus_cka_raw,query,7,L5H4,5,0.0318457,False,0.0117797
one_minus_cka_raw,query,8,L1H11,1,0.0312281,False,-0.0952975
one_minus_cka_raw,query,9,L3H3,3,0.0283768,False,-3.02056e-05
one_minus_cka_raw,query,10,L1H4,1,0.0283639,False,-0.124605
one_minus_cka_raw,query,11,L7H6,7,0.0277826,False,0.0131266
one_minus_cka_raw,query,12,L1H9,1,0.0273095,False,-0.000676348
one_minus_cka_raw,query,13,L11H8,11,0.0264037,False,-0.0102455
one_minus_cka_raw,query,14,L7H3,7,0.0248451,False,-0.0122528
one_minus_cka_raw,query,15,L11H7,11,0.0246684,False,-0.0482084
one_minus_cka_raw,query,16,L5H6,5,0.0238678,False,-0.0528547
one_minus_cka_raw,query,17,L9H11,9,0.0234328,False,-0.025821
one_minus_cka_raw,query,18,L8H5,8,0.0231784,False,-0.188794
one_minus_cka_qc,query,1,L0H2,0,0.534324,True,0.0354449
one_minus_cka_qc,query,2,L0H10,0,0.465521,False,-0.149754
one_minus_cka_qc,query,3,L0H4,0,0.451721,False,0.00164019
one_minus_cka_qc,query,4,L0H3,0,0.39144,False,0.00555183
one_minus_cka_qc,query,5,L0H9,0,0.350388,False,-0.00814434
one_minus_cka_qc,query,6,L0H11,0,0.331655,False,-0.695876
one_minus_cka_qc,query,7,L1H9,1,0.328397,False,-0.000676348
one_minus_cka_qc,query,8,L0H5,0,0.323763,False,0.00159974
one_minus_cka_qc,query,9,L1H2,1,0.254452,False,-0.0106538
one_minus_cka_qc,query,10,L1H0,1,0.243731,False,-0.0141166
one_minus_cka_qc,query,11,L1H5,1,0.224522,False,-0.00315292
one_minus_cka_qc,query,12,L0H0,0,0.208722,False,0.00104779
one_minus_cka_qc,query,13,L1H3,1,0.191756,False,-0.0315832
one_minus_cka_qc,query,14,L5H4,5,0.162838,False,0.0117797
one_minus_cka_qc,query,15,L2H9,2,0.160664,False,0.000916868
one_minus_cka_qc,query,16,L3H9,3,0.160643,False,-0.225852
one_minus_cka_qc,query,17,L4H10,4,0.149331,False,-0.0781693
one_minus_cka_qc,query,18,L3H0,3,0.141058,False,-0.0132228
one_minus_cka_raw,orig_doc,1,L0H11,0,0.246899,False,-0.695876
one_minus_cka_raw,orig_doc,2,L8H9,8,0.132394,False,-0.0997658
one_minus_cka_raw,orig_doc,3,L0H7,0,0.0916001,False,-0.910967
one_minus_cka_raw,orig_doc,4,L0H6,0,0.0594398,False,-0.143775
one_minus_cka_raw,orig_doc,5,L1H2,1,0.0584396,False,-0.0106538
one_minus_cka_raw,orig_doc,6,L9H10,9,0.0480565,False,-0.00222724
one_minus_cka_raw,orig_doc,7,L3H7,3,0.0399805,False,-0.0521198
one_minus_cka_raw,orig_doc,8,L7H9,7,0.0399019,False,-0.0171476
one_minus_cka_raw,orig_doc,9,L7H1,7,0.0374233,False,-0.0130103
one_minus_cka_raw,orig_doc,10,L8H11,8,0.0356955,True,0.0570507
one_minus_cka_raw,orig_doc,11,L4H7,4,0.0352154,False,-0.0329958
one_minus_cka_raw,orig_doc,12,L7H6,7,0.033694,False,0.0131266
one_minus_cka_raw,orig_doc,13,L2H9,2,0.0336254,False,0.000916868
one_minus_cka_raw,orig_doc,14,L5H9,5,0.0336061,False,0.00725487
one_minus_cka_raw,orig_doc,15,L9H8,9,0.0331758,False,-0.0207313
one_minus_cka_raw,orig_doc,16,L1H9,1,0.0325735,False,-0.000676348
one_minus_cka_raw,orig_doc,17,L1H7,1,0.0307036,False,-0.207742
one_minus_cka_raw,orig_doc,18,L7H5,7,0.0304649,False,-0.231011
one_minus_cka_qc,orig_doc,1,L0H11,0,0.303738,False,-0.695876
one_minus_cka_qc,orig_doc,2,L8H9,8,0.160878,False,-0.0997658
one_minus_cka_qc,orig_doc,3,L0H7,0,0.127348,False,-0.910967
one_minus_cka_qc,orig_doc,4,L1H2,1,0.108437,False,-0.0106538
one_minus_cka_qc,orig_doc,5,L0H4,0,0.0874952,False,0.00164019
one_minus_cka_qc,orig_doc,6,L0H6,0,0.0724556,False,-0.143775
one_minus_cka_qc,orig_doc,7,L8H11,8,0.0702392,True,0.0570507
one_minus_cka_qc,orig_doc,8,L9H10,9,0.0643224,False,-0.00222724
one_minus_cka_qc,orig_doc,9,L2H9,2,0.0632316,False,0.000916868
one_minus_cka_qc,orig_doc,10,L4H7,4,0.0629712,False,-0.0329958
one_minus_cka_qc,orig_doc,11,L9H3,9,0.0617443,True,0.0333219
one_minus_cka_qc,orig_doc,12,L0H2,0,0.0615774,True,0.0354449
one_minus_cka_qc,orig_doc,13,L3H7,3,0.0600961,False,-0.0521198
one_minus_cka_qc,orig_doc,14,L0H3,0,0.055543,False,0.00555183
one_minus_cka_qc,orig_doc,15,L1H7,1,0.0541573,False,-0.207742
one_minus_cka_qc,orig_doc,16,L7H1,7,0.0508937,False,-0.0130103
one_minus_cka_qc,orig_doc,17,L5H9,5,0.0502728,False,0.00725487
one_minus_cka_qc,orig_doc,18,L1H3,1,0.0496059,False,-0.0315832
