,information_start_5,relevant_start_5,relevant_start_4,information_start_4,information_end_5,relevant_start_3,information_end_4,information_start_3,relevant_end_5,relevant_end_4,information_end_3,information_end_1,relevance_end_1,relevant_end_3,information_end_2
information_start_5,0.9999997,0.9998996,0.9999815,0.9999903,0.9999445,0.99997854,0.99998266,0.99999064,0.9999583,0.9999518,0.9999772,0.9992982,0.99957407,0.9999717,0.99996203
relevant_start_5,0.9998996,1.0,0.9999399,0.9998376,0.99979305,0.9999435,0.9998796,0.999883,0.99988174,0.9997891,0.99987054,0.9996798,0.99983466,0.999828,0.9999381
relevant_start_4,0.9999815,0.9999399,1.0000001,0.9999643,0.9999188,0.9999952,0.99996376,0.99996996,0.99997103,0.9999391,0.9999558,0.99938583,0.9996427,0.99995935,0.99997365
information_start_4,0.9999903,0.9998376,0.9999643,1.0,0.9999542,0.99996036,0.99997616,0.99998724,0.9999504,0.99996763,0.99997294,0.99915445,0.999466,0.9999811,0.99993926
information_end_5,0.9999445,0.99979305,0.9999188,0.9999542,0.99999964,0.999911,0.9999755,0.9999622,0.9999499,0.9999774,0.9999551,0.99908364,0.9993667,0.99996793,0.9999171
relevant_start_3,0.99997854,0.9999435,0.9999952,0.99996036,0.999911,0.9999999,0.9999664,0.9999702,0.9999504,0.99992275,0.9999618,0.99941546,0.9996531,0.999944,0.9999785
information_end_4,0.99998266,0.9998796,0.99996376,0.99997616,0.9999755,0.9999664,0.9999999,0.99998724,0.9999523,0.99995935,0.9999909,0.99927485,0.999528,0.99996805,0.9999678
information_start_3,0.99999064,0.999883,0.99996996,0.99998724,0.9999622,0.9999702,0.99998724,0.99999994,0.9999478,0.9999521,0.99998486,0.99929106,0.99955755,0.9999689,0.99996513
relevant_end_5,0.9999583,0.99988174,0.99997103,0.9999504,0.9999499,0.9999504,0.9999523,0.9999478,1.0000001,0.99997616,0.9999262,0.9992225,0.9995167,0.99998,0.99993306
relevant_end_4,0.9999518,0.9997891,0.9999391,0.99996763,0.9999774,0.99992275,0.99995935,0.9999521,0.99997616,0.99999976,0.9999365,0.99901026,0.9993444,0.99999183,0.9999014
information_end_3,0.9999772,0.99987054,0.9999558,0.99997294,0.9999551,0.9999618,0.9999909,0.99998486,0.9999262,0.9999365,0.9999996,0.999307,0.99956405,0.99995613,0.99997294
information_end_1,0.9992982,0.9996798,0.99938583,0.99915445,0.99908364,0.99941546,0.99927485,0.99929106,0.9992225,0.99901026,0.999307,0.9999999,0.99990606,0.999108,0.9994912
relevance_end_1,0.99957407,0.99983466,0.9996427,0.999466,0.9993667,0.9996531,0.999528,0.99955755,0.9995167,0.9993444,0.99956405,0.99990606,0.99999976,0.9994434,0.99969256
relevant_end_3,0.9999717,0.999828,0.99995935,0.9999811,0.99996793,0.999944,0.99996805,0.9999689,0.99998,0.99999183,0.99995613,0.999108,0.9994434,0.9999999,0.99992657
information_end_2,0.99996203,0.9999381,0.99997365,0.99993926,0.9999171,0.9999785,0.9999678,0.99996513,0.99993306,0.9999014,0.99997294,0.9994912,0.99969256,0.99992657,1.0
