layer,component,head_idx,scale,n,delta_toward_control_mean,delta_toward_control_std
0,decoder_cross_attn,5,0.5,100,0.0042044028639792955,0.0017653427681903668
0,decoder_cross_attn,5,1.0,100,0.008394002020358988,0.00351466963172712
0,decoder_cross_attn,5,1.5,100,0.012534470856189679,0.005250084807954724
4,decoder_cross_attn,2,0.5,100,0.004473722577094983,0.0013970543289655725
4,decoder_cross_attn,2,1.0,100,0.008932352960109663,0.002787843181341243
4,decoder_cross_attn,2,1.5,100,0.013379628360271406,0.004177088910118763
5,decoder_cross_attn,7,0.5,100,0.008001576364040327,0.00264005903578814
5,decoder_cross_attn,7,1.0,100,0.015985800325870467,0.005271479423065407
5,decoder_cross_attn,7,1.5,100,0.0239496129751205,0.007893483704972356
6,decoder_cross_attn,7,0.5,100,0.02218771547079082,0.006782820020476114
6,decoder_cross_attn,7,1.0,100,0.04423844367265697,0.013532325458296645
6,decoder_cross_attn,7,1.5,100,0.06611485153436657,0.020246062961613406
6,decoder_cross_attn,9,0.5,100,0.012649476230144454,0.0025276578363124342
6,decoder_cross_attn,9,1.0,100,0.02522979944944377,0.00500046689309634
6,decoder_cross_attn,9,1.5,100,0.03778662413358684,0.0075012572070863376
7,decoder_cross_attn,3,0.5,100,0.016264254450797988,0.005443229479992003
7,decoder_cross_attn,3,1.0,100,0.03250323027372356,0.010871857483217734
7,decoder_cross_attn,3,1.5,100,0.04873506009578701,0.016299770102974107
7,decoder_cross_attn,5,0.5,100,0.002369244396686525,0.003261955709003718
7,decoder_cross_attn,5,1.0,100,0.004685755074024175,0.006545880282989673
7,decoder_cross_attn,5,1.5,100,0.006952540576457952,0.009829616607854162
7,decoder_cross_attn,6,0.5,100,0.004789219498634295,0.0015043977491699513
7,decoder_cross_attn,6,1.0,100,0.00956774950027461,0.0030029398526542823
7,decoder_cross_attn,6,1.5,100,0.014335024952888444,0.004493098159927517
8,decoder_cross_attn,0,0.5,100,0.0044708189368247555,0.00261035939632981
8,decoder_cross_attn,0,1.0,100,0.008862464427947952,0.005163370347037592
8,decoder_cross_attn,0,1.5,100,0.013218872249126387,0.0077142966505728576
8,decoder_cross_attn,7,0.5,100,0.033078559637069654,0.008984198342686397
8,decoder_cross_attn,7,1.0,100,0.06588320940732952,0.01789709723326658
8,decoder_cross_attn,7,1.5,100,0.09840710163116452,0.026812014965051888
9,decoder_cross_attn,2,0.5,100,0.07793352603912349,0.019967663996386862
9,decoder_cross_attn,2,1.0,100,0.1547523885965347,0.04003281739776034
9,decoder_cross_attn,2,1.5,100,0.22991707175970075,0.05958884005118493
9,decoder_cross_attn,7,0.5,100,0.009994303584098769,0.0032705119930304307
9,decoder_cross_attn,7,1.0,100,0.019941677749156905,0.006528372950318752
9,decoder_cross_attn,7,1.5,100,0.029831025600433304,0.009786899089983708
10,decoder_cross_attn,0,0.5,100,-0.013612856864929159,0.012532578390352175
10,decoder_cross_attn,0,1.0,100,-0.02855876058340069,0.025162108465048093
10,decoder_cross_attn,0,1.5,100,-0.04466612011194226,0.03786799673745164
10,decoder_cross_attn,3,0.5,100,0.007277136147022197,0.0019669004071426015
10,decoder_cross_attn,3,1.0,100,0.014547496736049605,0.0039379288673305245
10,decoder_cross_attn,3,1.5,100,0.021798265576362563,0.0059097917062179905
10,decoder_cross_attn,6,0.5,100,0.008269244432449295,0.0014033394743210106
10,decoder_cross_attn,6,1.0,100,0.016525088250637008,0.0028199214536826756
10,decoder_cross_attn,6,1.5,100,0.024779986441135354,0.004250595366395359
11,decoder_cross_attn,0,0.5,100,0.01765569597482676,0.003064430698235561
11,decoder_cross_attn,0,1.0,100,0.03524518400430674,0.006094620305968947
11,decoder_cross_attn,0,1.5,100,0.05277421116828914,0.009113205100465033
11,decoder_cross_attn,1,0.5,100,0.009097412824630686,0.0027484529647078568
11,decoder_cross_attn,1,1.0,100,0.018109681308269454,0.00549355297131062
11,decoder_cross_attn,1,1.5,100,0.02702333360910411,0.008236308435834774
11,decoder_cross_attn,2,0.5,100,0.016125904619693713,0.0024973399823677704
11,decoder_cross_attn,2,1.0,100,0.032174848914146376,0.005000018712267327
11,decoder_cross_attn,2,1.5,100,0.04816445410251613,0.007514419012506207
11,decoder_cross_attn,3,0.5,100,0.03714691609144206,0.005680115403954391
11,decoder_cross_attn,3,1.0,100,0.07424326300621029,0.011335096312025382
11,decoder_cross_attn,3,1.5,100,0.11128046154975887,0.016913692586009183
11,decoder_cross_attn,6,0.5,100,0.02423226624727244,0.002947582627010519
11,decoder_cross_attn,6,1.0,100,0.04834545165300365,0.005882723311622622
11,decoder_cross_attn,6,1.5,100,0.07235363483428951,0.00880034463362392
11,decoder_cross_attn,11,0.5,100,0.029368107318878126,0.002871030762633674
11,decoder_cross_attn,11,1.0,100,0.05865735828876491,0.005731960281332211
11,decoder_cross_attn,11,1.5,100,0.08785622388124463,0.008571964284473486
11,decoder_self_attn,3,0.5,100,-0.0023717409372329334,0.0017270339744736816
11,decoder_self_attn,3,1.0,100,-0.004810572266578633,0.0034447907748339428
11,decoder_self_attn,3,1.5,100,-0.007315764725208238,0.005160898778508375
