attack_name,token,position,repetitions,variant,layer_index,layer_name,n_examples,mean_rank,median_rank,mean_score,median_score,success_rate_vs_control,score_success_rate_vs_control,mean_rank_gain_vs_control,median_rank_gain_vs_control,mean_score_delta_vs_control,median_score_delta_vs_control
important_start_5,important,start,5,attack,0,embedding,100,59.33,64.0,0.402165858745575,0.44906163215637207,0.04,0.11,-8.27,-7.0,-0.103437739610672,-0.09545886516571059
important_start_5,important,start,5,attack,1,encoder_block_1,100,59.41,63.0,0.2656227421760559,0.32468247413635254,0.01,0.01,-10.01,-9.5,-0.1388035726547241,-0.1305522918701172
important_start_5,important,start,5,attack,2,encoder_block_2,100,58.42,60.0,0.40305826902389524,0.4229211807250976,0.0,0.0,-12.07,-12.0,-0.15725528955459595,-0.14963316917419434
important_start_5,important,start,5,attack,3,encoder_block_3,100,56.14,63.5,0.4175908064842224,0.41278004646301264,0.0,0.0,-12.76,-11.0,-0.14593229174613953,-0.13460755348205566
important_start_5,important,start,5,attack,4,encoder_block_4,100,52.27,54.0,0.49063109993934634,0.4657067060470581,0.0,0.0,-9.57,-9.0,-0.11324140071868896,-0.10859203338623069
important_start_5,important,start,5,attack,5,encoder_block_5,100,45.9,46.5,0.50546626329422,0.4688770771026611,0.04,0.09,-5.81,-4.0,-0.07468900203704834,-0.07105672359466556
important_start_5,important,start,5,attack,6,encoder_block_6,100,46.57,46.5,0.47580370962619783,0.4727057218551636,0.01,0.04,-7.2,-6.0,-0.08682235538959503,-0.08612996339797979
important_start_5,important,start,5,attack,7,encoder_block_7,100,40.49,40.5,0.5458517467975617,0.5379433631896973,0.16,0.21,-3.43,-2.0,-0.04726047992706299,-0.0452034473419189
important_start_5,important,start,5,attack,8,encoder_block_8,100,37.83,36.5,0.6044177567958832,0.5920888185501099,0.19,0.26,-2.62,-2.0,-0.03741032242774964,-0.03895688056945801
important_start_5,important,start,5,attack,9,encoder_block_9,100,31.12,26.5,0.7735278224945068,0.7230746150016785,0.25,0.32,-1.54,-1.0,-0.023313161730766304,-0.02278083562850952
important_start_5,important,start,5,attack,10,encoder_block_10,100,26.57,21.0,0.6271314463019371,0.7077205181121826,0.15,0.22,-1.47,-1.0,-0.03625034034252165,-0.04150712490081787
important_start_5,important,start,5,attack,11,encoder_block_11,100,23.99,16.0,1.0143097639083862,1.3498513102531433,0.19,0.26,-0.79,0.0,-0.05931030035018923,-0.08849585056304932
important_start_5,important,start,5,attack,12,encoder_block_12,100,24.89,16.0,-0.3607551288604736,1.5471872687339783,0.13,0.23,-0.33,0.0,-0.08999835968017572,-0.11142495274543757
important_start_5,important,start,5,original,0,embedding,100,51.06,51.0,0.5056036186218261,0.5325052738189697,0.0,0.38,0.0,0.0,2.0265579225382715e-08,0.0
important_start_5,important,start,5,original,1,encoder_block_1,100,49.22,49.0,0.40522164463996885,0.47287607192993164,0.22,0.51,0.18,0.0,0.0007953298091888483,0.00031328201293945963
important_start_5,important,start,5,original,2,encoder_block_2,100,46.91,47.0,0.5534254455566406,0.5784533023834229,0.08,0.26,-0.56,0.0,-0.006888113021850586,-0.006999373435974093
important_start_5,important,start,5,original,3,encoder_block_3,100,43.85,46.5,0.5582500541210175,0.5769108533859253,0.14,0.3,-0.47,0.0,-0.005273044109344483,-0.004983782768249553
important_start_5,important,start,5,original,4,encoder_block_4,100,42.52,42.0,0.6051108264923095,0.5860962867736816,0.27,0.52,0.18,0.0,0.001238325834274281,0.0004508495330810547
important_start_5,important,start,5,original,5,encoder_block_5,100,40.16,36.0,0.579882287979126,0.5346207618713379,0.15,0.42,-0.07,0.0,-0.0002729773521423352,-0.0016688108444214145
important_start_5,important,start,5,original,6,encoder_block_6,100,39.26,37.0,0.5645265084505081,0.5503106713294983,0.22,0.59,0.11,0.0,0.001900443434715268,0.0021175146102905273
important_start_5,important,start,5,original,7,encoder_block_7,100,37.07,34.5,0.5935015940666198,0.5600012540817261,0.22,0.5,-0.01,0.0,0.00038936734199523226,-0.00016105175018310395
important_start_5,important,start,5,original,8,encoder_block_8,100,35.24,33.5,0.6406778883934021,0.6033443212509155,0.18,0.48,-0.03,0.0,-0.0011501908302307127,-0.0009233951568603932
important_start_5,important,start,5,original,9,encoder_block_9,100,29.72,25.0,0.7914793080091477,0.7320693731307983,0.16,0.32,-0.14,0.0,-0.005361676216125492,-0.004800558090209975
important_start_5,important,start,5,original,10,encoder_block_10,100,25.52,19.0,0.6543844485282898,0.7490859031677246,0.11,0.32,-0.42,0.0,-0.008997338116168974,-0.0075931549072265625
important_start_5,important,start,5,original,11,encoder_block_11,100,23.29,14.0,1.0794150683283805,1.3960078358650208,0.17,0.52,-0.09,0.0,0.0057950040698051385,0.000860750675201416
important_start_5,important,start,5,original,12,encoder_block_12,100,24.6,16.5,-0.26736762017011645,1.8573596924543379,0.24,0.64,-0.04,0.0,0.0033891490101814314,0.032965660095214844
important_start_5,important,start,5,padded_control,0,embedding,100,51.06,51.0,0.5056035983562469,0.5325053930282593,0.0,0.0,0.0,0.0,0.0,0.0
important_start_5,important,start,5,padded_control,1,encoder_block_1,100,49.4,48.5,0.40442631483078,0.46725463867187494,0.0,0.0,0.0,0.0,0.0,0.0
important_start_5,important,start,5,padded_control,2,encoder_block_2,100,46.35,47.5,0.5603135585784912,0.5901072025299072,0.0,0.0,0.0,0.0,0.0,0.0
important_start_5,important,start,5,padded_control,3,encoder_block_3,100,43.38,46.0,0.563523098230362,0.5775747299194336,0.0,0.0,0.0,0.0,0.0,0.0
important_start_5,important,start,5,padded_control,4,encoder_block_4,100,42.7,43.0,0.6038725006580353,0.5807760953903198,0.0,0.0,0.0,0.0,0.0,0.0
important_start_5,important,start,5,padded_control,5,encoder_block_5,100,40.09,37.0,0.5801552653312683,0.5391871929168701,0.0,0.0,0.0,0.0,0.0,0.0
important_start_5,important,start,5,padded_control,6,encoder_block_6,100,39.37,37.5,0.5626260650157928,0.5483027696609497,0.0,0.0,0.0,0.0,0.0,0.0
important_start_5,important,start,5,padded_control,7,encoder_block_7,100,37.06,34.0,0.5931122267246246,0.5632380247116089,0.0,0.0,0.0,0.0,0.0,0.0
important_start_5,important,start,5,padded_control,8,encoder_block_8,100,35.21,33.0,0.6418280792236328,0.6190203428268433,0.0,0.0,0.0,0.0,0.0,0.0
important_start_5,important,start,5,padded_control,9,encoder_block_9,100,29.58,24.5,0.7968409842252732,0.7400398254394531,0.0,0.0,0.0,0.0,0.0,0.0
important_start_5,important,start,5,padded_control,10,encoder_block_10,100,25.1,18.5,0.6633817866444588,0.761099100112915,0.0,0.0,0.0,0.0,0.0,0.0
important_start_5,important,start,5,padded_control,11,encoder_block_11,100,23.2,14.0,1.0736200642585754,1.4283068180084229,0.0,0.0,0.0,0.0,0.0,0.0
important_start_5,important,start,5,padded_control,12,encoder_block_12,100,24.56,16.5,-0.27075676918029784,1.7305210828781128,0.0,0.0,0.0,0.0,0.0,0.0
