relevance_group,fold,rank,head_label
relevant,0,1,L9H4
relevant,0,2,L10H11
relevant,0,3,L9H9
relevant,0,4,L11H7
relevant,0,5,L11H0
relevant,0,6,L9H11
relevant,0,7,L10H10
relevant,0,8,L9H0
relevant,0,9,L10H5
relevant,0,10,L11H3
relevant,0,11,L11H2
relevant,0,12,L10H7
relevant,0,13,L10H8
relevant,0,14,L9H6
relevant,0,15,L9H7
relevant,0,16,L11H9
relevant,0,17,L10H4
relevant,0,18,L11H8
relevant,0,19,L11H5
relevant,0,20,L10H1
relevant,0,21,L10H6
relevant,0,22,L9H3
relevant,0,23,L11H1
relevant,0,24,L10H3
relevant,0,25,L11H6
relevant,0,26,L9H2
relevant,0,27,L11H4
relevant,0,28,L9H8
relevant,0,29,L9H10
relevant,0,30,L11H10
relevant,0,31,L10H9
relevant,0,32,L10H2
relevant,0,33,L10H0
relevant,0,34,L11H11
relevant,0,35,L9H1
relevant,0,36,L9H5
relevant,1,1,L9H10
relevant,1,2,L10H11
relevant,1,3,L9H3
relevant,1,4,L11H2
relevant,1,5,L11H3
relevant,1,6,L9H0
relevant,1,7,L9H9
relevant,1,8,L11H7
relevant,1,9,L11H8
relevant,1,10,L10H10
relevant,1,11,L9H6
relevant,1,12,L11H0
relevant,1,13,L11H5
relevant,1,14,L10H9
relevant,1,15,L10H8
relevant,1,16,L9H4
relevant,1,17,L10H1
relevant,1,18,L11H9
relevant,1,19,L10H0
relevant,1,20,L9H2
relevant,1,21,L10H6
relevant,1,22,L11H6
relevant,1,23,L9H7
relevant,1,24,L10H7
relevant,1,25,L11H4
relevant,1,26,L10H5
relevant,1,27,L9H5
relevant,1,28,L11H1
relevant,1,29,L9H8
relevant,1,30,L9H11
relevant,1,31,L10H2
relevant,1,32,L9H1
relevant,1,33,L10H4
relevant,1,34,L10H3
relevant,1,35,L11H10
relevant,1,36,L11H11
relevant,2,1,L9H10
relevant,2,2,L9H9
relevant,2,3,L9H0
relevant,2,4,L11H2
relevant,2,5,L9H3
relevant,2,6,L10H1
relevant,2,7,L11H3
relevant,2,8,L9H8
relevant,2,9,L10H8
relevant,2,10,L11H8
relevant,2,11,L11H5
relevant,2,12,L11H9
relevant,2,13,L9H6
relevant,2,14,L10H11
relevant,2,15,L10H5
relevant,2,16,L10H10
relevant,2,17,L10H9
relevant,2,18,L11H4
relevant,2,19,L11H6
relevant,2,20,L11H0
relevant,2,21,L9H2
relevant,2,22,L9H4
relevant,2,23,L11H7
relevant,2,24,L10H0
relevant,2,25,L9H7
relevant,2,26,L10H7
relevant,2,27,L11H1
relevant,2,28,L9H11
relevant,2,29,L10H6
relevant,2,30,L9H1
relevant,2,31,L11H11
relevant,2,32,L10H2
relevant,2,33,L11H10
relevant,2,34,L10H3
relevant,2,35,L10H4
relevant,2,36,L9H5
relevant,3,1,L9H10
relevant,3,2,L9H0
relevant,3,3,L11H2
relevant,3,4,L9H3
relevant,3,5,L11H3
relevant,3,6,L10H9
relevant,3,7,L11H7
relevant,3,8,L10H11
relevant,3,9,L9H6
relevant,3,10,L11H8
relevant,3,11,L11H0
relevant,3,12,L9H2
relevant,3,13,L10H10
relevant,3,14,L11H5
relevant,3,15,L9H9
relevant,3,16,L10H1
relevant,3,17,L9H8
relevant,3,18,L10H7
relevant,3,19,L9H7
relevant,3,20,L11H6
relevant,3,21,L11H9
relevant,3,22,L9H4
relevant,3,23,L10H6
relevant,3,24,L9H11
relevant,3,25,L10H5
relevant,3,26,L10H0
relevant,3,27,L10H4
relevant,3,28,L11H4
relevant,3,29,L10H8
relevant,3,30,L9H1
relevant,3,31,L11H11
relevant,3,32,L10H2
relevant,3,33,L9H5
relevant,3,34,L10H3
relevant,3,35,L11H1
relevant,3,36,L11H10
relevant,4,1,L9H10
relevant,4,2,L9H3
relevant,4,3,L9H9
relevant,4,4,L11H2
relevant,4,5,L11H3
relevant,4,6,L10H11
relevant,4,7,L10H8
relevant,4,8,L9H0
relevant,4,9,L11H7
relevant,4,10,L11H5
relevant,4,11,L11H9
relevant,4,12,L9H6
relevant,4,13,L10H10
relevant,4,14,L9H4
relevant,4,15,L10H5
relevant,4,16,L11H8
relevant,4,17,L11H0
relevant,4,18,L10H1
relevant,4,19,L10H0
relevant,4,20,L9H7
relevant,4,21,L10H6
relevant,4,22,L10H9
relevant,4,23,L10H7
relevant,4,24,L11H4
relevant,4,25,L11H6
relevant,4,26,L9H2
relevant,4,27,L9H8
relevant,4,28,L10H4
relevant,4,29,L9H1
relevant,4,30,L9H11
relevant,4,31,L11H11
relevant,4,32,L10H2
relevant,4,33,L11H1
relevant,4,34,L10H3
relevant,4,35,L11H10
relevant,4,36,L9H5
nonrelevant,0,1,L11H8
nonrelevant,0,2,L10H11
nonrelevant,0,3,L10H5
nonrelevant,0,4,L10H0
nonrelevant,0,5,L9H6
nonrelevant,0,6,L11H7
nonrelevant,0,7,L11H2
nonrelevant,0,8,L11H5
nonrelevant,0,9,L9H0
nonrelevant,0,10,L11H3
nonrelevant,0,11,L9H10
nonrelevant,0,12,L9H5
nonrelevant,0,13,L9H9
nonrelevant,0,14,L9H7
nonrelevant,0,15,L10H10
nonrelevant,0,16,L10H8
nonrelevant,0,17,L10H1
nonrelevant,0,18,L11H6
nonrelevant,0,19,L10H9
nonrelevant,0,20,L9H8
nonrelevant,0,21,L10H7
nonrelevant,0,22,L11H0
nonrelevant,0,23,L9H3
nonrelevant,0,24,L9H4
nonrelevant,0,25,L9H11
nonrelevant,0,26,L11H4
nonrelevant,0,27,L9H1
nonrelevant,0,28,L9H2
nonrelevant,0,29,L10H3
nonrelevant,0,30,L10H6
nonrelevant,0,31,L11H9
nonrelevant,0,32,L10H2
nonrelevant,0,33,L10H4
nonrelevant,0,34,L11H1
nonrelevant,0,35,L11H10
nonrelevant,0,36,L11H11
nonrelevant,1,1,L9H10
nonrelevant,1,2,L11H2
nonrelevant,1,3,L11H6
nonrelevant,1,4,L10H5
nonrelevant,1,5,L11H3
nonrelevant,1,6,L10H11
nonrelevant,1,7,L10H8
nonrelevant,1,8,L9H6
nonrelevant,1,9,L9H0
nonrelevant,1,10,L11H5
nonrelevant,1,11,L9H3
nonrelevant,1,12,L11H7
nonrelevant,1,13,L10H10
nonrelevant,1,14,L10H7
nonrelevant,1,15,L9H7
nonrelevant,1,16,L10H9
nonrelevant,1,17,L11H0
nonrelevant,1,18,L10H6
nonrelevant,1,19,L9H4
nonrelevant,1,20,L9H9
nonrelevant,1,21,L10H0
nonrelevant,1,22,L9H2
nonrelevant,1,23,L10H1
nonrelevant,1,24,L11H8
nonrelevant,1,25,L9H5
nonrelevant,1,26,L9H8
nonrelevant,1,27,L9H1
nonrelevant,1,28,L10H4
nonrelevant,1,29,L11H4
nonrelevant,1,30,L9H11
nonrelevant,1,31,L11H9
nonrelevant,1,32,L10H3
nonrelevant,1,33,L11H1
nonrelevant,1,34,L11H11
nonrelevant,1,35,L11H10
nonrelevant,1,36,L10H2
nonrelevant,2,1,L9H10
nonrelevant,2,2,L11H5
nonrelevant,2,3,L11H2
nonrelevant,2,4,L10H8
nonrelevant,2,5,L10H5
nonrelevant,2,6,L10H11
nonrelevant,2,7,L9H6
nonrelevant,2,8,L10H10
nonrelevant,2,9,L9H0
nonrelevant,2,10,L9H3
nonrelevant,2,11,L9H7
nonrelevant,2,12,L11H3
nonrelevant,2,13,L10H1
nonrelevant,2,14,L9H5
nonrelevant,2,15,L11H6
nonrelevant,2,16,L11H7
nonrelevant,2,17,L11H8
nonrelevant,2,18,L10H9
nonrelevant,2,19,L9H4
nonrelevant,2,20,L11H0
nonrelevant,2,21,L10H0
nonrelevant,2,22,L9H9
nonrelevant,2,23,L9H8
nonrelevant,2,24,L10H7
nonrelevant,2,25,L9H2
nonrelevant,2,26,L10H6
nonrelevant,2,27,L10H4
nonrelevant,2,28,L11H4
nonrelevant,2,29,L9H11
nonrelevant,2,30,L11H10
nonrelevant,2,31,L11H1
nonrelevant,2,32,L9H1
nonrelevant,2,33,L11H9
nonrelevant,2,34,L10H3
nonrelevant,2,35,L11H11
nonrelevant,2,36,L10H2
nonrelevant,3,1,L9H10
nonrelevant,3,2,L11H6
nonrelevant,3,3,L10H11
nonrelevant,3,4,L10H5
nonrelevant,3,5,L11H2
nonrelevant,3,6,L11H5
nonrelevant,3,7,L11H3
nonrelevant,3,8,L9H9
nonrelevant,3,9,L9H3
nonrelevant,3,10,L9H7
nonrelevant,3,11,L10H1
nonrelevant,3,12,L10H9
nonrelevant,3,13,L9H0
nonrelevant,3,14,L9H6
nonrelevant,3,15,L11H0
nonrelevant,3,16,L10H10
nonrelevant,3,17,L11H8
nonrelevant,3,18,L10H7
nonrelevant,3,19,L10H8
nonrelevant,3,20,L10H0
nonrelevant,3,21,L11H7
nonrelevant,3,22,L9H5
nonrelevant,3,23,L9H2
nonrelevant,3,24,L9H4
nonrelevant,3,25,L10H4
nonrelevant,3,26,L10H6
nonrelevant,3,27,L9H8
nonrelevant,3,28,L9H1
nonrelevant,3,29,L11H4
nonrelevant,3,30,L9H11
nonrelevant,3,31,L11H9
nonrelevant,3,32,L11H1
nonrelevant,3,33,L11H10
nonrelevant,3,34,L10H3
nonrelevant,3,35,L11H11
nonrelevant,3,36,L10H2
nonrelevant,4,1,L9H10
nonrelevant,4,2,L11H5
nonrelevant,4,3,L11H2
nonrelevant,4,4,L10H11
nonrelevant,4,5,L9H3
nonrelevant,4,6,L10H5
nonrelevant,4,7,L11H6
nonrelevant,4,8,L10H8
nonrelevant,4,9,L11H3
nonrelevant,4,10,L10H0
nonrelevant,4,11,L11H7
nonrelevant,4,12,L9H6
nonrelevant,4,13,L9H0
nonrelevant,4,14,L10H9
nonrelevant,4,15,L9H4
nonrelevant,4,16,L11H0
nonrelevant,4,17,L9H7
nonrelevant,4,18,L10H1
nonrelevant,4,19,L9H9
nonrelevant,4,20,L10H10
nonrelevant,4,21,L10H4
nonrelevant,4,22,L11H8
nonrelevant,4,23,L9H5
nonrelevant,4,24,L10H7
nonrelevant,4,25,L9H8
nonrelevant,4,26,L9H2
nonrelevant,4,27,L10H6
nonrelevant,4,28,L11H4
nonrelevant,4,29,L9H1
nonrelevant,4,30,L9H11
nonrelevant,4,31,L11H1
nonrelevant,4,32,L10H3
nonrelevant,4,33,L11H10
nonrelevant,4,34,L11H11
nonrelevant,4,35,L11H9
nonrelevant,4,36,L10H2
