layer,component,head_idx,n,fwd_effect_mean,rev_effect_mean,combined_effect_mean,score_drop_zero_mean,score_drop_mean_mean,fwd_effect_std,rev_effect_std,combined_effect_std,score_drop_zero_std,score_drop_mean_std
0,decoder_cross_attn,0,10432,-0.003885000846547254,-0.004260314200131564,-0.005113346229224974,0.005219059463510373,-0.00023195914855580558,0.10033135655424091,0.09429664896633834,0.09578152158460645,0.009228405077115113,0.001379317650802862
0,decoder_cross_attn,1,10432,0.004118873689143548,0.004634522010366311,0.002469509674963584,-0.0678574866536673,0.0029689767419366106,0.21306770054503762,0.2167103818838497,0.2163084173052305,0.044657912984133165,0.00654454154656988
0,decoder_cross_attn,2,10432,0.0012051793233845514,0.0008782183971076674,-0.0005801215549773764,-0.008667084138463323,0.0005459191200489064,0.13022496312063464,0.12532789755324505,0.13057969035739447,0.027551794965675988,0.003671357338685261
0,decoder_cross_attn,3,10432,0.007475890755342209,0.007397619976893577,0.00682102890270736,-0.020714686824968673,0.0003408776614757782,0.18773355473560258,0.1874897549731485,0.18609930176708223,0.011350882927139183,0.0028212269942147652
0,decoder_cross_attn,4,10432,0.0006644125112797044,0.0006486955853370112,0.0004574690312783765,0.0037789003405022483,5.4400732763604474e-05,0.009537034883991796,0.009436473436830501,0.009670218859475376,0.002007396065669637,0.00011707526058881149
0,decoder_cross_attn,5,10432,0.022394309003490466,0.02192367424140647,0.020156487942117725,-0.04944473656717159,0.0029274858991426723,0.21946972584140242,0.21991599286142952,0.21790573666121654,0.04213014250738416,0.007095067042886206
0,decoder_cross_attn,6,10432,-0.007272178061012699,-0.007205486258749091,-0.007736038025001244,-0.011951334705216301,-0.0001656312746869931,0.10298234207278661,0.10287484970129239,0.10490823750491234,0.008090929937922684,0.001140605727349245
0,decoder_cross_attn,7,10432,0.015394513931162795,0.013433588529205167,0.011514662545838158,-0.05155734027353072,0.0018857251481364393,0.5200686288321805,0.5267558241774782,0.527882508165207,0.04878382031575082,0.009634009727809553
0,decoder_cross_attn,8,10432,-0.004789668489671611,-0.004840970417174268,-0.005237347007383257,-0.005949579466397107,-0.00029616863638207006,0.06573985504771074,0.06442075447087449,0.06679635073433084,0.005712538568120059,0.0007904580829108296
0,decoder_cross_attn,9,10432,0.0010552475214827349,0.0010256446106300006,0.0008417156656235608,-0.0026183100402971836,6.224618627591543e-05,0.009572189178010738,0.009512545083804766,0.008842039181330587,0.001641535222674869,0.00015365504436212155
0,decoder_cross_attn,10,10432,0.00684782883440141,0.00681498731880669,0.005417660801178416,-0.00498991036227692,0.0011797965264256254,0.14257091464895327,0.14260449476369932,0.14193807345477652,0.025560121628179687,0.00344070355091277
0,decoder_cross_attn,11,10432,0.019467910315643697,0.019104961805606658,0.017928797379157837,-0.007430004893710664,0.0007522695810688232,0.39485846500966515,0.3893673591157214,0.38879638206461237,0.010956455795008977,0.002776704289168352
0,decoder_self_attn,0,10432,-6.883121667220056e-06,5.026149691541483e-06,-0.0001461286420666869,0.010085700348339529,2.567029266726751e-07,0.0017122937145113285,0.001222276405789798,0.0016783962655410646,0.008353646223710322,1.191154156078341e-05
0,decoder_self_attn,1,10432,-8.122689990912663e-06,5.303969616618605e-07,-0.000149605301365686,0.0029435852868196478,2.4282522042470474e-07,0.0018740165696010172,0.0011541256339017776,0.0017823315341777696,0.0028331025173919376,1.1905051012616498e-05
0,decoder_self_attn,2,10432,-5.4698720582410715e-06,3.6924009087196006e-06,-0.00014630062844594554,0.00034130810034328367,2.8979844567965875e-07,0.00183517172935023,0.0012173476611336623,0.0018001913403650578,0.0009237156749884835,1.1867342540769754e-05
0,decoder_self_attn,3,10432,-1.1837160935533584e-05,-2.596270518331955e-07,-0.00014942368979414044,0.0015859281275695544,2.267370514708794e-07,0.0017802114462605288,0.0011035717850078923,0.001698088017858215,0.005907503332828582,1.1875607787709925e-05
0,decoder_self_attn,4,10432,-8.085269592687814e-06,-5.431583915773311e-06,-0.00015253615593009058,0.0033541695833308573,2.719061963397301e-07,0.0018806645132963082,0.0012417314785948695,0.001845366988232486,0.001601765325858568,1.1934897586253368e-05
0,decoder_self_attn,5,10432,-5.916654418917338e-06,2.1295014439988818e-06,-0.00015066163448391754,-0.007161276134308038,2.5185990644378895e-07,0.0018795153357033998,0.0011220797055188133,0.0017868429166931152,0.0033051696351499805,1.1895418484215787e-05
0,decoder_self_attn,6,10432,-8.98092470589481e-06,3.719082348781616e-06,-0.00015070036522324434,-0.0037861702395202645,2.594240455448262e-07,0.001976954654166347,0.0011754721226624751,0.0018864742793715534,0.0014135366359381686,1.1901880553452206e-05
0,decoder_self_attn,7,10432,-5.3283514434720276e-06,8.828383983185344e-08,-0.00014956906726280186,0.0099680726794937,2.7430449481025066e-07,0.0018190848235714913,0.001185836484741306,0.001766912362011463,0.00900581566849614,1.1909134912888323e-05
0,decoder_self_attn,8,10432,-9.063990506442843e-06,-7.29819927001169e-07,-0.00015571284451935697,-0.00255877467763657,2.768499193930187e-07,0.0018593675257997978,0.001211207346598443,0.0017579835266025496,0.001062569184569223,1.1925067896882666e-05
0,decoder_self_attn,9,10432,-1.6915551612193663e-05,-5.8392129083051095e-06,-0.00015971181054013007,-0.0007119383470103755,2.2492440063163546e-07,0.002088134399964968,0.0011687630961012268,0.0019863458619839244,0.0019777276967413936,1.1882800209510116e-05
0,decoder_self_attn,10,10432,-8.82016764834662e-06,-3.645489039265037e-07,-0.0001535557031529885,-0.00873848767751149,2.614780974808646e-07,0.00186597520443175,0.0012154479557408907,0.0018584883118124174,0.003279579813484949,1.1892499246538257e-05
0,decoder_self_attn,11,10432,-1.7057363302772007e-05,-7.512253170390913e-06,-0.00016098318235408096,-0.001058583333516947,2.698392887239807e-07,0.0018384168849173172,0.001194172774040621,0.0018481704757782632,0.0026187039377338255,1.1952461514776082e-05
1,decoder_cross_attn,0,10432,-0.00041816121793399676,-0.00038597631974648494,-0.0006350645864907631,0.006444554327432868,-2.5394806164124227e-05,0.007731801939740192,0.0075055517537092635,0.007673710629685181,0.003122950441251191,0.0001439839349251825
1,decoder_cross_attn,1,10432,-0.005814133163748492,-0.005832719593130612,-0.006158718503245365,-0.03136353002592597,-0.00036598797787574687,0.10663850489709015,0.10475843053300105,0.10685909698868584,0.013370466446531023,0.0014563145656485488
1,decoder_cross_attn,2,10432,-0.007363945915600783,-0.0068694655996083855,-0.008589993747904203,0.005076335733070773,-0.00017215872749091617,0.1710861068847673,0.16957455410913108,0.1721424468753054,0.02218655936941968,0.004559350920917353
1,decoder_cross_attn,3,10432,-0.005092244857418325,-0.00507880119822902,-0.005441400863761086,-0.0126656653328107,-0.00014066997632680334,0.06375724967691658,0.0629980705744927,0.06414482733615429,0.009006786925434915,0.0006211913036965802
1,decoder_cross_attn,4,10432,0.0005132851082792907,0.00047371866226756135,-0.00011737011911416108,0.007898272454390058,0.000533152920153963,0.08088249972876317,0.08412565151643453,0.0832534695282976,0.010465739546404486,0.0018516953070922795
1,decoder_cross_attn,5,10432,0.0021303434853356283,0.002240477082078422,0.0018747148891310418,-0.0007317908368204802,0.00012624798488281938,0.025442516796963584,0.026402963611254653,0.024649860208846786,0.005850686091576624,0.0004350223057889903
1,decoder_cross_attn,6,10432,0.0044037683197697035,0.004386910482198431,0.004066176609097603,0.0013481840088483406,0.0002451256493197671,0.038015841011467176,0.035335953825907866,0.03477425303698084,0.0029754222239334843,0.0004436248522858441
1,decoder_cross_attn,7,10432,-0.10078251763845787,-0.10319125855760092,-0.10719950450558484,-0.1180617211577968,0.00020691926913919069,1.2924904709971705,1.2919791766934976,1.3122696116971724,0.07145123976819205,0.020325397282065283
1,decoder_cross_attn,8,10432,0.0030294741244456724,0.0032015898079125913,0.0027284079681206093,-0.0013806139064689849,0.00022485455572375003,0.026504883375599947,0.02764647117643592,0.025436860532963984,0.008472755893844523,0.0006340900667585751
1,decoder_cross_attn,9,10432,0.015468494455335009,0.015684852487321384,0.014296486101224092,-0.05928603153635796,0.0017978872309661535,0.17206733625869666,0.16892418413190965,0.16703189702165447,0.030262412724501385,0.005033868937314019
1,decoder_cross_attn,10,10432,0.0018438178543512382,0.0018834371727482974,0.0016381003558329577,0.00832002017464187,0.00010278552879172493,0.022660075394843323,0.023642371400077772,0.02249996155562685,0.0031532230205983548,0.00026197169593866683
1,decoder_cross_attn,11,10432,-0.01462479293281745,-0.01532240496768351,-0.016006966517994055,0.02404843920776102,-0.0015553130191162119,0.16673380919807654,0.16808548919495225,0.1693876448409829,0.018149671947545788,0.0037522475354373774
1,decoder_self_attn,0,10432,0.00021233795404330773,0.00019348292305371544,-0.0001163244803603616,-0.019812712415858514,0.0002733092802216646,0.043866838901812526,0.04479739975438026,0.044916913930781927,0.009240256086350927,0.0008951509556291345
1,decoder_self_attn,1,10432,-0.0009902656724046523,-0.0009175086332008281,-0.0011955515973735237,-0.0008266989807340996,-3.742638466867718e-05,0.01400639776384174,0.012556897146694376,0.013873811293068021,0.0017670928490786727,0.00022464846082555527
1,decoder_self_attn,2,10432,-0.00025031322547699645,-0.00026186868476220013,-0.0005094724323329645,-0.012622646743180244,3.2966360849742084e-05,0.022526960959530537,0.022093591744276726,0.022386510809915928,0.005198173880899422,0.0003474020734008412
1,decoder_self_attn,3,10432,-0.00507424911954588,-0.005298122381128528,-0.006180883781687725,0.010575416198634505,-0.0009804921270422306,0.15955985206995085,0.1598131153057532,0.15885229618371177,0.018460821615821802,0.003533180707551852
1,decoder_self_attn,4,10432,0.0027149241516058902,0.0027362253419953146,0.0024179896521577663,-0.020836222544026752,0.0002824973652104833,0.03151355458990588,0.031325213281228385,0.031137005429066875,0.00748204496771735,0.0005955608475604742
1,decoder_self_attn,5,10432,0.0021727803925215903,0.0022389713825927437,0.0019209310212548573,0.009697241433667533,3.957674992870013e-05,0.02550994414374837,0.026290725049164323,0.02530130356118776,0.0037739614701484776,0.00042683702629538314
1,decoder_self_attn,6,10432,-0.0002811087764125871,-0.0002813129264842384,-0.0005114250621538402,-0.0005602048762839593,5.521925817603955e-06,0.011630909967783662,0.011953176088927174,0.011804533286250049,0.0019755926265797156,0.0002641579266079931
1,decoder_self_attn,7,10432,0.006460452205774058,0.00635338437512979,0.005944717162368063,-0.04372986066126563,0.0008575654091553217,0.05827229126634985,0.05748796953800853,0.057626996058932616,0.017994720011535296,0.001598165360208243
1,decoder_self_attn,8,10432,0.0019656281933267176,0.0019498594846243705,0.0017141431245979687,0.0030470544970851105,0.00013057977543925024,0.022291451570354736,0.020939235338217545,0.020854514338252257,0.0028567396653557753,0.0002993899253319752
1,decoder_self_attn,9,10432,-0.00031163727160955264,-0.0003539921153159801,-0.0005774803016945054,0.0004660163511824902,5.849012590807068e-05,0.034929710507059585,0.03521748576716627,0.0352668040290445,0.003042747844888144,0.00036698979499608754
1,decoder_self_attn,10,10432,0.0003440578674145029,0.00034486121057300225,0.00012752154682839015,-0.009900889547964503,8.546763622526823e-05,0.014481522762258895,0.01455754731559749,0.014568541641137396,0.00401013163151588,0.0003127423152321368
1,decoder_self_attn,11,10432,0.0002756743708548085,0.0002439754599031009,6.062157012546214e-05,-0.009647505882801733,8.521901523588014e-07,0.010234611328778766,0.010112132251737396,0.01049463139723426,0.005858216823292836,0.0001797557909285151
2,decoder_cross_attn,0,10432,-0.00766672569499507,-0.010119055351942097,-0.011328978323096305,0.002688836580588034,-0.000210122135324976,0.19243371744029678,0.19522583045317485,0.19539272374894945,0.042626071701287085,0.01257976763698755
2,decoder_cross_attn,1,10432,0.01728880452782801,0.017019481241670277,0.014917970876149619,-0.27986151396091224,0.009975229000009899,0.2827503830649596,0.27993467315047105,0.2809504482322997,0.1119232428512824,0.03505516660457347
2,decoder_cross_attn,2,10432,0.0009879009651464843,0.0006988345640269071,-7.6420417627829e-06,-0.014270558901862466,0.0007325487805564582,0.09110108570186011,0.09259600359943443,0.09306198292704608,0.014903654752877768,0.002493622598954942
2,decoder_cross_attn,3,10432,0.002580816713049825,0.0025743598121935763,0.001821839025164235,-0.004764988712760731,0.0001674789386841373,0.07019355111763485,0.06615310901247284,0.06583828024172068,0.00926073403345872,0.0015721489339203438
2,decoder_cross_attn,4,10432,0.0022961545337136166,0.0023033083876679125,0.001839162682933938,0.005361313767376922,0.00018570336664631843,0.040027764246126106,0.04129901880837067,0.03998724912558404,0.009833463294086565,0.001035868406885843
2,decoder_cross_attn,5,10432,0.007589029470092071,0.007218587909002527,0.006429691441763743,0.017318084653169825,0.002496563768060006,0.15758897628316712,0.15659487926210522,0.15740187920185797,0.03669923835768096,0.007198696824635265
2,decoder_cross_attn,6,10432,0.0076673026746758985,0.007751705616121404,0.006739370228486776,0.0009506679585694872,0.00031181635546491566,0.11021014919310536,0.10588426577806241,0.106123757751987,0.014404047739799338,0.0020627845178284292
2,decoder_cross_attn,7,10432,0.0012174526044458375,0.001229648654792329,0.0003901950806458292,-0.019566270977007246,0.0007178101294382485,0.10711362732132265,0.10551905256687127,0.1072755502925789,0.017658032553512976,0.0025570465791601837
2,decoder_cross_attn,8,10432,-0.00312946565406564,-0.0031689080180020367,-0.0035689231900624704,-0.012252013803248255,-6.17274810257184e-05,0.06341701808838951,0.06431698463661545,0.06446271045038635,0.007180931354286431,0.0010866927394720407
2,decoder_cross_attn,9,10432,-0.004000215343368622,-0.0040669665765717,-0.004384141561651147,-0.007127103621448619,-0.00015491792186522472,0.0638360524121059,0.06352603173983837,0.06512211209786226,0.005772044868318022,0.0008026448313570507
2,decoder_cross_attn,10,10432,-0.00423811393064278,-0.004136877009838835,-0.0046858792986590745,-0.008716687277256488,-0.0001828505834735911,0.08986129412323209,0.08369762669895085,0.08985342918717464,0.0063226139051733,0.0011252369179181579
2,decoder_cross_attn,11,10432,0.01217759824548975,0.01263961277740932,0.01130943074431415,0.00392788890006443,0.001937368009782208,0.12602236536952607,0.12517783299141672,0.12556909408585168,0.018847809829045062,0.0042139227964368454
2,decoder_self_attn,0,10432,0.0005613881294295077,0.0005633498662073614,0.0002624477860015862,-0.007571324464676442,0.00011131854047940866,0.038439510559287744,0.036690983946622256,0.0383507118280384,0.005412663083274595,0.0006341243911762522
2,decoder_self_attn,1,10432,-0.0006177186372406291,-0.0005480385704140113,-0.0008783294432067729,0.003283111890635067,1.469806002372997e-05,0.016809559268438076,0.017653659548788583,0.017545768968588494,0.0024935037004414472,0.0003740711874149994
2,decoder_self_attn,2,10432,-0.0031140783976059782,-0.0031215512543563257,-0.0034320559388713694,-0.0065763483975265075,-8.357624506200009e-05,0.028580191389934437,0.029025676536786445,0.030237876914292888,0.0035318987385072964,0.0004786403071756314
2,decoder_self_attn,3,10432,-0.0034883655088009677,-0.0030761818642400774,-0.00431534816758697,0.0408122526414612,-0.00016716018210570608,0.16948977586350364,0.16812332255557275,0.16781895801091448,0.02039589567432177,0.0037163202297549724
2,decoder_self_attn,4,10432,0.0022819531246018416,0.0021229183348818073,0.0014146302520240315,-0.06411183450622422,0.0004767020392957214,0.1606532085748301,0.1567234380035054,0.16042690136645135,0.027462056219954588,0.0033093076377429162
2,decoder_self_attn,5,10432,0.0032431693896326653,0.003129982003704978,0.0028043894278367665,-0.0008853663778949475,6.194366642096682e-05,0.03777295836806657,0.037372133422180716,0.03622194669038152,0.0037839452510034727,0.0006077632000775428
2,decoder_self_attn,6,10432,-0.00020355471480697882,-0.0001641797983139089,-0.00047958654063000105,-0.004516321898615117,0.00010557223305654119,0.0188119061164705,0.019712956867201863,0.019408166259600516,0.0026939485300523426,0.0004690403268847175
2,decoder_self_attn,7,10432,-0.002187502364394801,-0.0024259069933474623,-0.002813068086039587,-0.024858777652683114,0.00011168119134781181,0.069562592861064,0.07060668860566567,0.07101099812423928,0.009867034636700528,0.0011426704145889909
2,decoder_self_attn,8,10432,-0.00040410835884969646,-0.0003911376082900147,-0.0006900587873099279,0.004570613409523908,0.00010068164966954137,0.02333941849659376,0.024475831192783192,0.023906983204556594,0.0032481151955061605,0.00042094710419928334
2,decoder_self_attn,9,10432,-0.0020749450936613516,-0.0021480421522304173,-0.002441762875056915,-0.0059643171933347824,5.424065598246919e-05,0.029306401725652485,0.02992863982373556,0.030551243182420085,0.004911442788506127,0.0005752365378974347
2,decoder_self_attn,10,10432,-0.0005064250161186315,-0.00045822112343815735,-0.0008214092732680591,0.0008607815859690623,0.0001967315114977347,0.022564684616122804,0.021736487761977872,0.022869401689700454,0.002698092387084473,0.0006129161794651614
2,decoder_self_attn,11,10432,0.0003672074760422399,0.00033060468593528385,9.816240045591444e-05,0.002867818904320668,2.2479408689160465e-05,0.013510484845022725,0.014448728808670533,0.013381011635528793,0.0026556599468587454,0.00026045974541828726
3,decoder_cross_attn,0,10432,0.009048213663151575,0.008860892503942848,0.008135539961176578,-0.01565993881564401,0.0011804094202416287,0.07230151436381292,0.07398131868549811,0.07091313804060233,0.012288504365968374,0.0023175783311699997
3,decoder_cross_attn,1,10432,0.009527746061899075,0.009535605392439934,0.008863899475448415,-0.010762742460930992,0.0007020290083954453,0.07478947605327733,0.07462101911893702,0.07285344058977294,0.008395713239262262,0.0016703174876812137
3,decoder_cross_attn,2,10432,-0.025620943231834083,-0.026044808546994647,-0.027070274666366245,0.0014275202636201305,-0.0020814255355611436,0.2865289985651208,0.2857137422892801,0.2871026470852051,0.02531605411773659,0.004928196362754633
3,decoder_cross_attn,3,10432,-0.0023486378777737562,-0.002439297226470499,-0.0027963665365293884,0.004022378859430104,-0.00025566264935567343,0.04244345913419847,0.042729164147833884,0.0433905103855995,0.0036075844988666516,0.0006844712689182973
3,decoder_cross_attn,4,10432,-0.011912885956068604,-0.012285350291172795,-0.013729776728490196,-0.08913969774044864,0.001540395569776184,0.20310747305007837,0.2039742576148861,0.2085144961886307,0.05230205821122004,0.005382539293596048
3,decoder_cross_attn,5,10432,0.0015175599845519156,0.0016525148598769903,0.0012533713996258822,0.0017798060945526395,0.00010088065416306144,0.032372978987642645,0.03559542993048704,0.032016827125946744,0.0036549683208084043,0.0006054164121656049
3,decoder_cross_attn,6,10432,-0.0008120353481612392,-0.0007824812581687851,-0.0010930980178477645,-0.0012271370734459393,-0.0001353081658573902,0.02634788490134459,0.026810750253157923,0.026744400164713023,0.004736461965447753,0.0006231879162091636
3,decoder_cross_attn,7,10432,0.0006904282228749447,0.0007071589684549789,6.765191824374902e-05,0.021809018740538994,0.00011161012157934244,0.11187113649160588,0.11086373944407002,0.11173375563374316,0.012750319366694601,0.002031706930750492
3,decoder_cross_attn,8,10432,0.014712957762688553,0.014941676688042103,0.014021700488559838,-0.0049867376076640196,0.0015458013159594026,0.1294359610237539,0.13135039452138195,0.12992193201689387,0.011673546886482072,0.0025843743065270064
3,decoder_cross_attn,9,10432,-0.0011677864990580129,-0.001091197093398193,-0.0014160250780552487,-0.00033300677942900246,5.083720691136114e-05,0.02853424155548191,0.029835543506814485,0.030052241165213624,0.0036843103992679712,0.0003879360084533371
3,decoder_cross_attn,10,10432,-4.060927805224984e-05,-7.814109340638768e-05,-0.0006326699857031795,-0.04405169617713202,0.00032905065968768653,0.11599395141639214,0.11753678981683018,0.11634042666931599,0.017459266218440656,0.00156449448715178
3,decoder_cross_attn,11,10432,-0.0007115249825733149,-0.0006599426116469649,-0.001598097436018704,0.010082252512534518,0.0009447158045746721,0.15568651348651832,0.15862865487784936,0.15854956241968857,0.015702520656024357,0.0038389427123448915
3,decoder_self_attn,0,10432,0.0023734526491479037,0.002496639149016166,0.00200759043410581,-0.028074398166157172,0.0009554861194848139,0.051114334613462674,0.05027873274969911,0.051066149996371824,0.012208672953569654,0.002092322340655762
3,decoder_self_attn,1,10432,0.0008451413134200552,0.0009175777623034086,0.0005681845974912988,-0.0067516750644640655,0.00047009626683417133,0.024459324603100244,0.023272443912139153,0.024100725815710718,0.004398673433052261,0.001230239225330984
3,decoder_self_attn,2,10432,0.0009962389909487905,0.001011715149739045,0.0007595669227999538,0.0014463271788589815,7.72149226359611e-05,0.01475033999753167,0.014323188292924066,0.014642583117389677,0.003111851163122423,0.00030929776597812315
3,decoder_self_attn,3,10432,0.0006154679571070968,0.0006389631528129252,0.0001292063517604089,0.012137251704691246,-0.0005947879481306393,0.05934090029738985,0.060809907536374296,0.058673385925406024,0.009020356636612246,0.0020623106746541077
3,decoder_self_attn,4,10432,-0.0006977565518559169,-0.0007339197559981827,-0.0010455815040778453,-0.005992036532793449,4.775480415809444e-05,0.02019658492096315,0.020890201068444206,0.02050545834372482,0.0038825225708292335,0.0005476586034229833
3,decoder_self_attn,5,10432,0.0028675076648989784,0.0027958458657650763,0.0024194918974684075,-0.01091172921248462,0.0005624588476093871,0.059265241943108025,0.05781939151519858,0.05887773873777776,0.0074946408073764135,0.00171114617305041
3,decoder_self_attn,6,10432,0.00011089321889944413,0.00017251349116878558,-0.00013354805448225656,6.758880464394859e-05,0.00014833315986956022,0.01969989524683703,0.018182266219191418,0.019276138170015,0.004135068942482114,0.0005214275313238609
3,decoder_self_attn,7,10432,-0.006911144935336252,-0.006770112490661485,-0.007274898819923658,-0.013199975142723905,0.00021082629303968248,0.0715473684997576,0.06999750661400427,0.07194895458097957,0.008012349950730788,0.0016834726750028033
3,decoder_self_attn,8,10432,0.0019935124232778813,0.0020660351575008114,0.0017342028782645293,-0.0021666341155561473,3.0376128509545855e-05,0.028013662693987435,0.02853176132286174,0.027591939646990696,0.002762296938888911,0.00043581212321826794
3,decoder_self_attn,9,10432,-0.0029843338897169265,-0.003038795727686118,-0.003325624322780966,-0.021377810708424205,-0.00010603568459534662,0.048879479237384754,0.049200401237495334,0.04940977416330954,0.00908595579002528,0.0007865851460967034
3,decoder_self_attn,10,10432,-0.002291422249922093,-0.0023793568510706267,-0.0026637727288225024,0.0026071859099416313,-0.00026112785877121494,0.034800688077056094,0.03418037111018844,0.035093778434986976,0.0048223270288011,0.0008623538879267725
3,decoder_self_attn,11,10432,5.980283614373521e-07,9.540727559912164e-06,-0.00024248259854086862,0.001970234772681799,1.8486558842510112e-05,0.013899837032071543,0.013629731878810154,0.013881159666168005,0.002733286440794301,0.000340610751194003
4,decoder_cross_attn,0,10432,-0.0053695667485546454,-0.005391688285484207,-0.006589892639941835,-3.4435109401043142e-06,0.0007523688276304026,0.09659456303645533,0.09080517274813914,0.09819921910834044,0.019674213241672914,0.003750517778565702
4,decoder_cross_attn,1,10432,0.004401510902285751,0.004627069304468824,0.002981823833898884,0.03579753986274123,0.002486158982262091,0.14263259641816925,0.13681306952209554,0.14230779252169334,0.02495013042958183,0.00604601524018925
4,decoder_cross_attn,2,10432,0.025202242060813625,0.024045517653195438,0.023394977424116607,-0.056417234042699355,0.0031024081785334372,0.16619270812548528,0.16084360036315454,0.1605979895345728,0.02831725074609243,0.005292582774956737
4,decoder_cross_attn,3,10432,0.020772005505257138,0.020973211776470106,0.019303036567477092,-0.05169043252016043,0.003564895763479007,0.15405632864037647,0.15300326279806617,0.1501359209918332,0.03790736781512662,0.006457580339833205
4,decoder_cross_attn,4,10432,0.0024036957116355217,0.002594919544428658,0.0013874336160501293,0.008114760814440281,0.0006513867228708937,0.07517498305553497,0.07136602327745367,0.07151895123739038,0.010907200181793445,0.0023874614535744146
4,decoder_cross_attn,5,10432,0.004029852423015726,0.003940892038557557,0.003290326531924062,-0.003586565055798704,1.964221302808387e-05,0.09642410606437715,0.09549537217240978,0.09441280969162229,0.009444496590351835,0.0013280610964637532
4,decoder_cross_attn,6,10432,0.002299544211663041,0.002374581051559722,0.0018137595251537882,0.005346587084896521,0.00031990077606532574,0.025873211569433636,0.025677000262020418,0.025342583142899073,0.008679092015138805,0.0010893535819091601
4,decoder_cross_attn,7,10432,0.002590329962471956,0.0026362548486269905,0.0021032834187355684,-0.01812002836995142,0.00011733492573527969,0.04379074893494828,0.046768009743501655,0.04323237680936222,0.007166156850174895,0.0006919105594760938
4,decoder_cross_attn,8,10432,-0.017828073512216304,-0.017674657770197635,-0.019191664233932138,0.058295759262425646,-0.0006919418564466125,0.20239896659247295,0.2113807970140193,0.21573479529572195,0.0396147005235425,0.003624028080759708
4,decoder_cross_attn,9,10432,-0.0032285166277584566,-0.0034431745838168952,-0.004151370293361049,0.006728118122698135,8.898763346023053e-05,0.09893615274915783,0.09844328435114917,0.09934486889745651,0.016450282957987648,0.002294062322495713
4,decoder_cross_attn,10,10432,0.0003581497420777209,0.0003568596753093102,-4.781039204322902e-06,-0.007330406098655078,3.545534614176264e-05,0.024658901125330594,0.0248387384676946,0.02479420679742028,0.003867275792501189,0.0004338892822770049
4,decoder_cross_attn,11,10432,-0.008075763583763553,-0.008158698316231353,-0.008507744445730528,-0.006244469921824497,-0.00036533851250775866,0.10444890632362804,0.10596946544960924,0.10663098585783884,0.007040482913762405,0.0009223714520238197
4,decoder_self_attn,0,10432,-0.002549250193848822,-0.002690359654467717,-0.0031081675139919924,-0.05210907954974039,0.00043337350494107823,0.10782614252052014,0.10705436395364168,0.10802332709757373,0.01746189878690848,0.0021108913399819603
4,decoder_self_attn,1,10432,-0.00030882284336040174,-0.0003553253667811895,-0.0006238208278001671,-0.004636458338358245,3.345340113241118e-05,0.02366274378463289,0.02283258888248274,0.023475697837070854,0.002968408527313679,0.00033474289046659604
4,decoder_self_attn,2,10432,0.0004971693718809305,0.0005944256738154091,0.00023478118453480932,0.0013990451616057809,-8.373775525136922e-07,0.01828748558638913,0.01721552503364622,0.017565016337729812,0.0031190282215211155,0.00041941842875575883
4,decoder_self_attn,3,10432,-0.0006195125626594893,-0.00011925328492832637,-0.0012715576725135702,-0.062217296125435806,0.0018451358127390448,0.12720472180728937,0.1277223415986557,0.12782774984498402,0.02847179464199366,0.0051961041204044486
4,decoder_self_attn,4,10432,0.0018708567609077957,0.0018855063694964095,0.0015499602993948216,-0.007916093166157613,-0.00010454578987934369,0.03649484275696425,0.03604297197241962,0.03550936522711067,0.007106202952973766,0.0009820438245168432
4,decoder_self_attn,5,10432,-0.00574592420985502,-0.005658977969322115,-0.006124518541482309,-0.0027422174965631204,0.00025208679633500634,0.0718512349670504,0.07070005440989684,0.07282218265054231,0.006334930885168242,0.0013600037206902556
4,decoder_self_attn,6,10432,0.002723766046019146,0.0027123401218988076,0.002366137752798537,-0.0008277202445007997,0.0001464643382804282,0.026368890072576288,0.026327445280907972,0.025472922731128705,0.0034352912127899476,0.0005027301500722471
4,decoder_self_attn,7,10432,0.00027977711980185544,0.0003817093458821017,-0.0001184408102108543,0.0009679311037954873,0.0002576107790613594,0.029616362186684467,0.02958844142387136,0.02881848922111675,0.00491383148443918,0.0012952515971847726
4,decoder_self_attn,8,10432,0.0011199991695643582,0.0011112430132372295,0.0007651163459226504,-0.001435868177802907,0.00025524191724055095,0.016233174361257346,0.016136418315179434,0.015603102322355006,0.003660158766896287,0.000631201712756073
4,decoder_self_attn,9,10432,0.003792537619723775,0.003762039344339143,0.003383258642774199,0.004680602794135973,0.0003521012605104872,0.03281891950172139,0.03517453548635361,0.03344052051265031,0.004466497202938513,0.0007310651938223172
4,decoder_self_attn,10,10432,0.003192205884554756,0.003143590325432335,0.002835915633673034,0.005345481115770408,0.00023220871229500162,0.036361048818291074,0.03517794832375571,0.03492281379357717,0.005600708793305391,0.0005220083948331327
4,decoder_self_attn,11,10432,-0.000854867979782531,-0.0008483871165664119,-0.001142127618737915,0.0020956017999721084,2.110865184225792e-05,0.021397930800733694,0.022360122547134792,0.021714617322501416,0.0036747307456908703,0.0005737484278270855
5,decoder_cross_attn,0,10432,-0.0017494605539402368,-0.001497603846752018,-0.0026805919737739486,-0.004044256502322479,0.000799381959771992,0.11325335080865385,0.11007145679007532,0.11306552464589914,0.01700015813559659,0.0033875493811204153
5,decoder_cross_attn,1,10432,-0.0034624527003155442,-0.003329339928490475,-0.003880922123347348,-0.012364138048456406,0.00019557024152274657,0.07552272755890097,0.07626865869230069,0.07613202624692349,0.008780547668173478,0.0010339073110371526
5,decoder_cross_attn,2,10432,-0.019051561909560543,-0.02069636125358158,-0.021959428939175088,-0.008861041987783324,-0.002876788287057855,0.2172658692798822,0.22752642172745505,0.22807120645724493,0.036566560903931275,0.006202507552512958
5,decoder_cross_attn,3,10432,-0.003818833732225978,-0.00434825038242813,-0.0053591103160175735,0.009292046831237947,-0.00043245017859924544,0.13763167716717636,0.13877674230141107,0.1376178998398156,0.021764493028102336,0.0036897748066796565
5,decoder_cross_attn,4,10432,0.017241045130856465,0.016816219757359353,0.0155566270272915,-0.07916371368780226,0.004186374360289789,0.2729072025582154,0.2674950058815228,0.26783905117231005,0.04533196553311819,0.008047605049470817
5,decoder_cross_attn,5,10432,-0.004188313525883263,-0.004232103099649218,-0.0054137582794395464,-0.020587494355437823,0.00048270260920873446,0.11533403819752935,0.11409602166010997,0.11745504598373262,0.02326375403057853,0.0032743244412360407
5,decoder_cross_attn,6,10432,-0.003523821360834371,-0.003779970245073395,-0.004486061387584395,-0.02125170903081824,0.0003139240298694385,0.098489761339474,0.1012597672185023,0.10186899383245218,0.012683326148999263,0.001807670085786626
5,decoder_cross_attn,7,10432,0.02389886657112105,0.02188200790591318,0.02130156986812953,-0.06619703480538171,0.0040653655969714615,0.12532998965325137,0.11787968271463577,0.11796927343381257,0.04097442431347896,0.007417439598927001
5,decoder_cross_attn,8,10432,0.003964815573459885,0.004314303213171846,0.0030308490136134935,-0.03414522448020406,0.0010881194533448664,0.10337504752817293,0.09941618844666306,0.10332635104996252,0.02117289255015307,0.003293920821696887
5,decoder_cross_attn,9,10432,0.005279113446796885,0.005278820067403231,0.004370534505388513,0.013011574296657818,-6.836790168669626e-05,0.08415852726505246,0.08171310664557675,0.07958682561576365,0.02121730598518825,0.0019252184016413294
5,decoder_cross_attn,10,10432,-0.002182957162421424,-0.0014685843163308593,-0.003953688818851618,0.14884065250091913,-4.353117414871201e-06,0.2707177421735167,0.2672097797594015,0.2721096043297782,0.07252794380861692,0.007497839378693611
5,decoder_cross_attn,11,10432,0.0023186845431078127,0.002398487167404491,0.0013290126161516038,-0.003712975547900361,-0.0002941791835223871,0.09737284480881471,0.0975226708412171,0.09621708325751135,0.019719283208540005,0.0027076583299134745
5,decoder_self_attn,0,10432,-0.0032976273812581613,-0.0032365142333108075,-0.003753455205141975,0.00808324085611366,-0.0004139502884168586,0.04204022376847622,0.04025230904777233,0.042161914901396494,0.005402273447190728,0.0009010892180278646
5,decoder_self_attn,1,10432,0.003267778939274128,0.003339485626833141,0.0028860424151405367,-0.0011747301901844861,0.000456901404298132,0.0388420409844082,0.039506705728798885,0.03789766649114257,0.005941829583319515,0.0008573708523871235
5,decoder_self_attn,2,10432,-0.0031067958697822123,-0.003148676201124699,-0.0035055561100476368,0.00951396200685912,-5.737632695880871e-06,0.037135686499456824,0.038121564341382974,0.03874785550506705,0.006023653843978716,0.00096823214027336
5,decoder_self_attn,3,10432,-0.011148048102635338,-0.011015479893067285,-0.01209317529475291,-0.10812568279166067,0.0021677729759388047,0.24508897031967056,0.24284719343358838,0.2471991301706493,0.044619928066662116,0.0058396289834730525
5,decoder_self_attn,4,10432,-0.0034740178282283295,-0.002960006581200105,-0.004588499950518544,0.0004784700930678504,0.0010577104871441214,0.28487848137015553,0.286105133465577,0.283961687438754,0.026131115761174408,0.00688479293684187
5,decoder_self_attn,5,10432,0.0020073359705895205,0.002034337015692009,0.0015246048190376963,0.0028163581726603913,0.00021780000005396476,0.03569868871343145,0.03542338335902884,0.034961019275782095,0.00654968029169426,0.0009223608212459618
5,decoder_self_attn,6,10432,0.00048766055251077677,0.0006473381178909494,0.00013893658115828516,0.008680527122045593,0.0003263433492439577,0.036339471662149486,0.037650257018011224,0.036217370246013736,0.006344967512957091,0.0011269193873458207
5,decoder_self_attn,7,10432,-0.001158001008573918,-0.0010176291835385701,-0.0016401782910323947,0.008045156482047162,-0.0008145157430617918,0.06287578154445089,0.06199909577713958,0.06183445749375605,0.008941196046706016,0.001960353021482964
5,decoder_self_attn,8,10432,0.0014274463283315264,0.0014205263495667515,0.0010955288658474238,-0.0033729705106798173,0.0002148127079044137,0.02689305005490943,0.027449554801984802,0.02737098547652401,0.005455806166079273,0.0005881007716088893
5,decoder_self_attn,9,10432,0.0014684045703887273,0.0014562766296095455,0.0010351618504941859,0.0025270427420072423,0.0002448395925911003,0.03727457146074098,0.03834653707005415,0.03784252696054612,0.00579367446577717,0.0007332671258813169
5,decoder_self_attn,10,10432,0.015493073984445582,0.01479510454156588,0.014267030434422531,-0.07307690269302322,0.0025165821404190387,0.1944033670495959,0.1939257667950323,0.193767515759482,0.03159452362411327,0.005259845737381107
5,decoder_self_attn,11,10432,-0.0011621666105192361,-0.0011639159558226642,-0.00143049110780308,0.009848718201467285,-0.00015506392453390241,0.017100246500314217,0.016428140848278698,0.017100890125082018,0.006323427135174162,0.00042913569425123433
6,decoder_cross_attn,0,10432,-0.010218687370970491,-0.008684539671979364,-0.011681510362098241,0.020957934525880965,-0.0037231973866629115,0.29043205244164655,0.2856311611054162,0.2861608916939211,0.04389291753010555,0.008735989953555326
6,decoder_cross_attn,1,10432,0.019334431675512045,0.01938126910021001,0.018084383989978595,0.049938364743263616,0.0012758027525058555,0.166291144828983,0.1757780296367512,0.1666446704933002,0.033859451704179,0.003663444250273936
6,decoder_cross_attn,2,10432,-0.03335026506471933,-0.031786046384888134,-0.03498781561406081,0.006515713359130704,-0.001333948281205079,0.355350150703136,0.35071238501908886,0.3604715071679347,0.049042439478316185,0.005597029348348372
6,decoder_cross_attn,3,10432,0.006499836460245789,0.006439329022173057,0.005307920138038776,-0.03567270596477376,0.002459681380048736,0.15637009201803212,0.14820837282939806,0.14997168863092122,0.023962989034394366,0.004965795729549846
6,decoder_cross_attn,4,10432,0.0010314880231902398,0.00127874344355456,-0.00015686691106503662,0.022964925188114087,0.0015627128954839552,0.16720942239889003,0.16835910916853183,0.16953563715661912,0.02039543932132625,0.004257839274267046
6,decoder_cross_attn,5,10432,0.002735913349632388,0.002633162682899965,0.001311205935101087,0.05899092426346439,0.000207293450838075,0.11922618785796783,0.11623764829000029,0.1196818174163967,0.03441490993994932,0.0036013112344048504
6,decoder_cross_attn,6,10432,0.02025359587479959,0.020392656964916375,0.01915105413001205,-0.05574198417648372,0.0032266180710923903,0.14643497244761924,0.14610202164096514,0.14599321297786524,0.031299586385860105,0.005522896919021176
6,decoder_cross_attn,7,10432,0.02434751033660164,0.021237510744836235,0.02003192873505502,-0.13037348086617176,0.007457374713663556,0.258519057982789,0.27344458853549797,0.27340282559376056,0.08072063365871553,0.01641061536109617
6,decoder_cross_attn,8,10432,0.002691861986845886,0.003118611129949379,0.0018312724902595926,-0.0018946151763337747,0.001490116685748862,0.12233430137947876,0.1189351234996541,0.12255532911245712,0.028773265089302776,0.004273145287142211
6,decoder_cross_attn,9,10432,0.022783645989170515,0.022726979026529672,0.020984376036447885,-0.08055887922810308,0.00496898715504288,0.16964954794259696,0.16253133606029613,0.16405054273063874,0.044249487933785865,0.008716603785479029
6,decoder_cross_attn,10,10432,0.016954106819507365,0.016513759018600183,0.0155797633031932,-0.09654863892720175,0.0024366267125459106,0.15269221693061547,0.14745710289538616,0.14838145220086468,0.03654211866937978,0.004196051860238266
6,decoder_cross_attn,11,10432,0.006752634010039485,0.0068494394373099475,0.006015700394778863,-0.002749646910997614,0.0010842263635727628,0.15490282380451006,0.15494531082520466,0.1558632030389539,0.01811631046965039,0.0019118826894711882
6,decoder_self_attn,0,10432,-0.0044243932684996864,-0.004698951482595719,-0.005459974383880325,-0.06254440185076844,0.0011656867965850074,0.17039196573603033,0.16358323824243337,0.17032402887092687,0.02474423797418363,0.003667421977143952
6,decoder_self_attn,1,10432,0.002078176670875237,0.002263528107103506,0.001637268732971059,0.0025744062885527694,0.00040436446583868376,0.04834993986603477,0.05269709289712348,0.04855399035241531,0.008109077111997794,0.001123211990977017
6,decoder_self_attn,2,10432,0.0012280330659575742,0.001068559321062601,0.0005983880842110287,0.0024722032613217963,0.00033088550514374666,0.04142850888158281,0.04119000186865766,0.04060840979137865,0.006607588088105553,0.0009997025111391055
6,decoder_self_attn,3,10432,-0.027815859317844173,-0.02624018491416633,-0.029028137584475835,0.11345747345629961,-0.0033430725791737076,0.3376272435327258,0.33671179797068823,0.3377835797103884,0.05126444831452243,0.008322729525373185
6,decoder_self_attn,4,10432,-0.0068999628172049035,-0.006783071913154972,-0.0076633591887444955,-0.021407522538254006,8.7247894322678e-05,0.10875559468135179,0.10562166988650215,0.10868826521197575,0.012919822424744303,0.003611289194384796
6,decoder_self_attn,5,10432,0.0017152957459238088,0.0017056131996911281,0.0011318634167496004,-0.022841530704893635,0.0007709290823710479,0.044705892319170666,0.04454018796432482,0.04491664291884717,0.013586251444613253,0.0020564155177609663
6,decoder_self_attn,6,10432,0.0005380163763564504,0.0005721222809789474,6.956640982357582e-05,0.015454976590195964,0.00040394717333208684,0.038924315863992275,0.038045212637550146,0.03879253505411488,0.009503679490605488,0.0011776840442076603
6,decoder_self_attn,7,10432,0.009013341189134843,0.009110955658435406,0.008225440023703698,0.008985820649180288,0.0011325729610912405,0.08946576264344824,0.09278944914114903,0.09095617055658718,0.01520696033769579,0.0022282926218968936
6,decoder_self_attn,8,10432,-0.0003524239954781114,-0.00032917199914874677,-0.000811270901426353,-0.012750135166170549,2.2058450171230677e-05,0.05342394730580369,0.05376924069371243,0.053988937442896956,0.008522857309269346,0.0009616708463622205
6,decoder_self_attn,9,10432,-0.0019164430973698035,-0.0019310277675124046,-0.002552208793384909,0.01539651132003041,0.00039858059411970525,0.07072752349649294,0.07118544960308049,0.07238346114002539,0.013757581371465637,0.0019831938701198033
6,decoder_self_attn,10,10432,0.006852551483721685,0.0070151069903160775,0.006221470533255054,0.009507818394654793,0.0005812547041068809,0.07997510288565841,0.08453051390694515,0.07857947252885461,0.009484445310995503,0.0013583030219180392
6,decoder_self_attn,11,10432,-0.0016242947734403225,-0.0015839266294067444,-0.0019869675254697377,0.01651588858939429,5.1170768233390774e-05,0.04125128848272639,0.04221114005716253,0.04239861797026631,0.008227294080111384,0.0007457550558401036
7,decoder_cross_attn,0,10432,0.004153343276379204,0.004254348113570464,0.0034213829069782375,-0.02368083329331354,0.0007041386861433928,0.06701520458209037,0.06905640734235717,0.0688374921561524,0.014898481163520324,0.0019336040419854368
7,decoder_cross_attn,1,10432,-0.014866063103614146,-0.014149477215655263,-0.016131304180714325,0.0966580329845699,0.0001542044323554807,0.27852008967400715,0.26602311462083544,0.2822032755641176,0.035109897559017486,0.00453018895507218
7,decoder_cross_attn,2,10432,0.020465432448590913,0.02055405893750816,0.019534094225506678,-0.001402828730271406,0.002949132011243414,0.16036936310618943,0.16230953489027147,0.15918260894344372,0.031045463411278007,0.00492840376625488
7,decoder_cross_attn,3,10432,0.0274015649233959,0.028332933377419645,0.02561150791493877,-0.11836568527980677,0.005801510065079765,0.3633778356581395,0.3692715275590961,0.3635914205874123,0.08035252822152421,0.01417151076077078
7,decoder_cross_attn,4,10432,0.014832998596283576,0.014857534159164637,0.013560439861632571,-0.04298698737791684,0.0020318945264157806,0.1398543332885833,0.13946481000805408,0.1382552923326013,0.02600344221185839,0.0037228906604572865
7,decoder_cross_attn,5,10432,0.02570082977940931,0.026032973064001222,0.024349205791866776,0.012819521348392069,0.0014645066412245613,0.2571207685635276,0.2589068968654781,0.25373694142706044,0.04257422504217262,0.0068424987335311376
7,decoder_cross_attn,6,10432,0.024760582855516862,0.02485072785616235,0.02332463017655557,-0.04211845311644752,0.0033384012101229225,0.14682422504020826,0.1556655948147227,0.147393220168798,0.03519936583893367,0.0054780590754617605
7,decoder_cross_attn,7,10432,-0.0018915122942613253,-0.0017101763540099367,-0.002933526830041629,-0.02437548827239954,7.433722729857286e-05,0.1321635969252062,0.1315526830322556,0.13226948213283185,0.020259653881925042,0.0019062706273110094
7,decoder_cross_attn,8,10432,-0.002028196572608608,-0.0022102577845065766,-0.003009803641772585,0.01399779988329946,-0.00046578643163607794,0.042972036930284147,0.042672351795444124,0.04132651647926968,0.01749667322607189,0.0019947728102479943
7,decoder_cross_attn,9,10432,-0.012731545921343516,-0.013045199231433805,-0.014011180415314014,-0.0010712503596991762,9.535672285943377e-05,0.16002542183115676,0.1656907911129621,0.16920486080959954,0.032606004418869794,0.00319070895078229
7,decoder_cross_attn,10,10432,-0.004934417251946126,-0.004829605060310851,-0.006065560529743427,-0.02228098718358052,-0.0005539947866456387,0.13712983190348949,0.13508482576534317,0.13721373098243433,0.02238387501709331,0.003149472433131069
7,decoder_cross_attn,11,10432,0.010034416673093068,0.010519558052876667,0.008911751759959528,0.0002820095078779694,0.0017727277551611723,0.11359620272702146,0.11229408148159949,0.11260760805493,0.020474230579734062,0.0033739341884220357
7,decoder_self_attn,0,10432,-0.004645870692162105,-0.004179357519174352,-0.005371928415755499,0.07304405260965385,-0.0005589851115378778,0.11860581541102506,0.11492765677396415,0.11890271410714622,0.036149186938717416,0.0029134473444690757
7,decoder_self_attn,1,10432,0.005941306518011505,0.0060524711006671285,0.00536613448504546,-0.014109186960264225,0.0013247260215343377,0.046532301582101296,0.047837263351648424,0.047029652261802765,0.010036602064044298,0.00219128219659332
7,decoder_self_attn,2,10432,-0.001782559120124146,-0.0016332414205912648,-0.002294730690935538,0.0013800257912614036,0.0006189421162100523,0.06011275346546934,0.06208826412383651,0.06199326255583684,0.007995189915832925,0.0016607976008495742
7,decoder_self_attn,3,10432,0.0058380769860873075,0.004965623465680666,0.004253299517043933,0.03081710177810825,-0.0003631901855871882,0.1395213240714488,0.14061912128980675,0.13948588071612475,0.02636111942307923,0.004020470948392345
7,decoder_self_attn,4,10432,-0.0020693740118262827,-0.0017615493218169998,-0.002582133678126035,0.015735925757326148,-0.0009851459659452977,0.04992579315481237,0.05045386648886486,0.049333275830289486,0.011247805790451544,0.0020621532009114617
7,decoder_self_attn,5,10432,0.017342989042608493,0.01801390053899839,0.01630620190229233,0.011367452092343017,0.002602607396036995,0.10016899292145187,0.11283063749452855,0.09923665371513703,0.017729715112809907,0.004135353299226885
7,decoder_self_attn,6,10432,-0.0020852953805021303,-0.002038040131255393,-0.00258175002115821,0.0213164746692758,-0.0001373576983078049,0.050154109798010375,0.04789221361113653,0.05023444624513982,0.010705929107111973,0.001105778180036365
7,decoder_self_attn,7,10432,0.006629087366864871,0.006793900556010532,0.005803286111318709,0.002997298915641935,0.0016364167027312305,0.07923946177407688,0.08150434880044435,0.07879060264150876,0.018622961685129873,0.0030812542980665552
7,decoder_self_attn,8,10432,-0.0032766156679130565,-0.003495490072809645,-0.003995126426945609,-0.014976421126130172,-8.116313970527404e-05,0.045315620001678006,0.04461663627517536,0.044873849460356906,0.010076652899657736,0.0011994824978038
7,decoder_self_attn,9,10432,0.01038295841182024,0.009062368207064632,0.008275473378706542,-0.1796572372285889,0.005022016180353498,0.20039057614704345,0.1985614821633265,0.2011077697367997,0.06869268305288853,0.00930676592230772
7,decoder_self_attn,10,10432,-0.008502683299176247,-0.008552409033745944,-0.009518007071867693,-0.022692247743124075,0.00081713877595458,0.1442057857075103,0.150079372225737,0.15041275728406509,0.02202258942871659,0.004026262330338119
7,decoder_self_attn,11,10432,-0.000530061734344402,-0.0005870343921883033,-0.001041189797689001,0.01104554802356456,0.00013840642537738416,0.037369512696991396,0.037407246167219986,0.037920249381647286,0.010113657483554693,0.0008383769397482367
8,decoder_cross_attn,0,10432,0.027148305065550524,0.02751533751901387,0.025931244425977697,0.017436893951102064,0.0021830824078089032,0.2727543484493745,0.2729882578285621,0.2712288116453394,0.025969177726083283,0.005736325635525176
8,decoder_cross_attn,1,10432,0.016275207455629777,0.017145242107729823,0.015112551830068476,-0.08423732516021562,0.004383307465986311,0.1676502685507675,0.16844997350990712,0.16716634920870288,0.05002150000151795,0.011826472845146384
8,decoder_cross_attn,2,10432,0.01353476744564673,0.015151274508673188,0.01249574267835236,0.0563718486845813,0.002533704726642517,0.23265419154631203,0.23629782525770848,0.2346457359710423,0.04724676851409754,0.007023468968991993
8,decoder_cross_attn,3,10432,0.011267572281215972,0.01200159412155332,0.010039462163872309,-0.09715297390661125,0.0035257516214566706,0.10255538160832756,0.10668089879095988,0.10314747013051084,0.04777617858969583,0.009652190300286582
8,decoder_cross_attn,4,10432,-0.006215895938822167,-0.0044750122501729436,-0.0073552265133287964,-0.09967011038036841,0.0003466453128979981,0.19980745802792968,0.19947868932488177,0.20097411186337721,0.04501787616620941,0.006358309527684001
8,decoder_cross_attn,5,10432,-0.00415270680130695,-0.0032355367744915185,-0.0051535986864688,-0.014028091095045093,0.0009395582844257445,0.16192678668113009,0.15230965932647295,0.16241033069829436,0.022774630785761103,0.003750510607146847
8,decoder_cross_attn,6,10432,0.008284547614122034,0.008336434473917815,0.00768729429858394,-0.005862836404974941,0.0007404981729534317,0.08190518352537066,0.08275060615461126,0.08135396186979693,0.014196247236541316,0.0018186905222484586
8,decoder_cross_attn,7,10432,0.04162174759701953,0.03992774971903963,0.037284853279005783,-0.17258215503927113,0.013224913011607832,0.5420932657247918,0.5395213469375495,0.5418940994913919,0.17561859417652784,0.02830114292351218
8,decoder_cross_attn,8,10432,-0.014035021227198893,-0.014110969146589422,-0.015324454850817047,0.03755302456967484,-0.0007364172295615707,0.24999351800180675,0.245827483598898,0.25016954700284605,0.04910693267271176,0.006451412922607157
8,decoder_cross_attn,9,10432,0.02038638807850672,0.02046129367870773,0.0191536736130473,0.009663120120695206,0.0031840812723420587,0.1957831343115115,0.1964633782236402,0.194527274239992,0.027280274003754785,0.007548094617235868
8,decoder_cross_attn,10,10432,0.01937569374084687,0.019385884689263867,0.01802997338359475,-0.0483350840502881,0.002267029418530018,0.1753020203513995,0.1842182330633994,0.1760349090583264,0.034590320485098754,0.003929514857592026
8,decoder_cross_attn,11,10432,-0.006319639387077268,-0.005563320024205227,-0.007565205379819673,-0.08451278506352511,0.0016576160856756755,0.17008742676622018,0.1630946498150224,0.170475968551438,0.04664412440105864,0.004949778330314566
8,decoder_self_attn,0,10432,0.011581174784427946,0.011009864176593344,0.009850919925216807,-0.14141226477886723,0.005860500003388293,0.2734494648596665,0.26846698529794216,0.27349511339647825,0.06832195544725311,0.010096394607237541
8,decoder_self_attn,1,10432,-0.0012929265951000166,-0.0014528459483618224,-0.0020926799187456838,0.03742803045065692,-0.0013478770209304754,0.07569438837396127,0.07738645923804213,0.07552418895521532,0.020075314298934714,0.002874971025295976
8,decoder_self_attn,2,10432,0.004830238362482247,0.00468640472591988,0.00372464404252821,0.019210278169406222,0.0015488030671776027,0.09437657298579373,0.09642868333503846,0.09627033996987333,0.02965252763056974,0.003732150563889595
8,decoder_self_attn,3,10432,0.013095183325834526,0.013206341852550069,0.011580052786791827,-0.03310137142661521,0.0031734215027075367,0.16964522198224063,0.1647707714684275,0.16751349951154595,0.0347425036875898,0.00670375600170179
8,decoder_self_attn,4,10432,-0.014038095081808437,-0.013904585357110229,-0.015083521354015021,-0.10184905318503318,0.0007526694377027208,0.21436086660890044,0.2086734061077676,0.21491508719339797,0.048256132600086335,0.004417873301119655
8,decoder_self_attn,5,10432,-0.017475224723190238,-0.017453816742730836,-0.018142910185918897,0.025829891783493795,-0.0012917088257559956,0.13193518344021707,0.13113190488520285,0.13308544588180715,0.013964803134387747,0.0021480132786771524
8,decoder_self_attn,6,10432,0.010005388728678346,0.010084891372154193,0.009214964443185042,-0.016347977743438342,0.0007777670312649837,0.10609177465684791,0.1073540710272922,0.10430351478509953,0.017358737157536382,0.0018061875108459384
8,decoder_self_attn,7,10432,0.005675972907323925,0.005588998146143866,0.004820701473390352,-0.003257106283988129,-0.00026427041324986867,0.08584167734445447,0.08338904010690662,0.08260619857964346,0.011819321819412164,0.0021066651296168205
8,decoder_self_attn,8,10432,0.0010589237529760002,0.0014338379470585736,0.000566340069394356,0.026654007010436086,0.0003233515226104977,0.09453634006213815,0.09614587790070227,0.09549486642792838,0.017205821882545266,0.0014496584668709006
8,decoder_self_attn,9,10432,0.001510508553134633,0.0013954342851037265,0.0007017655844358685,0.022849598709505266,0.0003187538244607183,0.0726397520510829,0.07114305541631671,0.07268415717897089,0.016057169629749925,0.001390784811798071
8,decoder_self_attn,10,10432,-0.013201424755102798,-0.012777111048754456,-0.014097447583514224,0.0282160679744042,-0.002335482477667525,0.08596613174686256,0.08479247909015189,0.08659249004043269,0.025020793604819215,0.003911455573251076
8,decoder_self_attn,11,10432,0.005261492951674906,0.005304285098429986,0.004705861990547385,-0.01996150542124873,0.00045656443550678695,0.08024694506022119,0.08223664902139198,0.07989802142622071,0.012379951621197103,0.0013111783115333372
9,decoder_cross_attn,0,10432,0.01168630021857917,0.01299946984624523,0.010621065601295858,-0.0006360870856003251,0.0010748974974638446,0.1876532992584995,0.2035482281998614,0.18754882568532236,0.03211208164145774,0.0044498479334201466
9,decoder_cross_attn,1,10432,-0.023741635446002395,-0.023106722917721808,-0.025115070581441207,0.09049110331549734,-0.0016734038802446484,0.28172403483402675,0.2751415915299348,0.2825606257512408,0.04912120731399333,0.0070004829255869774
9,decoder_cross_attn,2,10432,0.04135246881834011,0.042385161856467006,0.039095009752319144,-0.15513578232412048,0.011432610267910382,0.5093746967417192,0.5143615077842076,0.5151412063656714,0.1702665716806879,0.048621194836728894
9,decoder_cross_attn,3,10432,-0.0033489417406333643,-0.00156973010330391,-0.0042161123928443275,-0.06182202969412058,0.0016258017651370942,0.2507121711541741,0.2542033331345572,0.25214061749177014,0.04253245547704768,0.005434690053603189
9,decoder_cross_attn,4,10432,0.008350163846393869,0.010214937528930573,0.007480107481213376,0.01698668456730643,0.00032075004654998854,0.21522944803873556,0.21385335059806668,0.21343906955914677,0.042265159941335395,0.0056235190257687175
9,decoder_cross_attn,5,10432,-0.004973543424450827,-0.0045783058441184014,-0.0060049079727073325,0.004864849213030797,-0.000517749331857247,0.10126083805796092,0.102010332365343,0.1019759552534658,0.01817627182933785,0.0025848435409015036
9,decoder_cross_attn,6,10432,-0.0026895444590905424,-0.0020753614770246767,-0.0036747842701872245,-0.00471685592019415,0.00010557070894429554,0.12921331723290003,0.1300417610004691,0.13020309041275907,0.01901009725230307,0.002983943955341435
9,decoder_cross_attn,7,10432,0.03785696436449334,0.03870891252176938,0.03648051811124849,-0.08350655455370802,0.004468691511725282,0.3896798440711036,0.39043791894544766,0.380533459566423,0.047202602846769096,0.012190325493566662
9,decoder_cross_attn,8,10432,-0.02378491648253377,-0.02324457226797943,-0.025976096023031504,-0.02832853439923923,0.003311747206557835,0.6757858679690338,0.6730086690447591,0.6831012703550379,0.07112142874142081,0.015603642660582721
9,decoder_cross_attn,9,10432,-0.006587241679120574,-0.006210476093464758,-0.008352751442786332,0.0033188405242445674,0.00221329937871842,0.2250289423921936,0.2305925164849568,0.23397602677724777,0.05720524189768972,0.009305407016887878
9,decoder_cross_attn,10,10432,-0.0005094544286341746,0.0002218207374730147,-0.0018801754951189506,-0.041808554381303493,0.0007218479441673042,0.1518790227742074,0.14739433370566846,0.14691596767335616,0.030227431055272688,0.0038178991275856435
9,decoder_cross_attn,11,10432,0.008863473843358432,0.010237373522644916,0.006761744882340743,-0.1489481679335282,0.0089054773833054,0.40425901309928314,0.3912639614015573,0.40436287606827775,0.10787863857525189,0.02638088662437896
9,decoder_self_attn,0,10432,0.006525041134187721,0.007058822578137764,0.005703464513051749,0.02049309717979783,0.002988489400423994,0.145226762819224,0.14430758139789696,0.14838449942061474,0.03581624945238348,0.006505452348486411
9,decoder_self_attn,1,10432,0.0002489218435024663,0.0003501844654618034,-0.0003750154648957509,0.024765300558754234,0.0003392929954031459,0.0786506453675983,0.07939028111899177,0.07896875958188708,0.01828058926282361,0.002031083661555052
9,decoder_self_attn,2,10432,0.004528359655584511,0.004677131856698534,0.003987377521857759,0.002297792147325084,0.0006947268323367091,0.09368799214700047,0.09708937563044306,0.0937446668701787,0.015863374394882376,0.0026183668002203743
9,decoder_self_attn,3,10432,0.0021927133877334103,0.0021371604276502125,0.0011046980240235968,-0.12020310355304664,0.0035314466561436274,0.13591913488355634,0.13389448376682012,0.13609291437468818,0.06275652088033357,0.007716917482943029
9,decoder_self_attn,4,10432,-0.003327466544925316,-0.0019510072964620323,-0.004178936864474584,0.03862780158013742,-0.0019290649108559977,0.1710028898354565,0.1677050236461296,0.16813861217912585,0.03793209996028677,0.005541479756378227
9,decoder_self_attn,5,10432,0.005442777577410462,0.003865199337281562,0.0032192912972718907,-0.13115095667843849,0.0023281836490849435,0.22482706810349537,0.22578220139691008,0.22623523981475713,0.07320063988312615,0.005955887477302377
9,decoder_self_attn,6,10432,0.002486345381667748,0.002279024841649626,0.0016457318566173412,0.04697665279414044,-0.00012657696958288386,0.08612911099957854,0.08587842967782015,0.08602471948952159,0.022852644338661503,0.00237033869312049
9,decoder_self_attn,7,10432,0.0012676480513095418,0.0013467432681029481,0.00021178944808008612,-0.012587823490812165,0.0021351371117598766,0.14235279771038725,0.13559618396400377,0.1414313354384283,0.02129367505677491,0.004318364338071529
9,decoder_self_attn,8,10432,0.010859814960371467,0.010993857969547024,0.009717864314846333,-0.11763219778180303,-0.00048439246830901716,0.24648030257972417,0.2490697211616772,0.24590655629138014,0.06528715820728181,0.0042533140031138835
9,decoder_self_attn,9,10432,0.005238221333250375,0.005298064833112372,0.0046582935042551454,-0.03996470910954097,0.0009428462573538353,0.1064038172823584,0.10455285743086298,0.10604229999550789,0.021014513397205028,0.0024166288435201627
9,decoder_self_attn,10,10432,-0.0011544464160684893,-0.0014961568890766764,-0.0023225516714732676,0.04257648528919215,0.0004928471731947538,0.12672994597468898,0.13045385657452052,0.13062072992178614,0.025324511851254908,0.002446597942864967
9,decoder_self_attn,11,10432,-0.00061290263701023,-0.0005707605325865254,-0.00114430448638083,0.020872119574898963,-0.00010931232738439752,0.05352222155330245,0.05057745574304162,0.05332574498577185,0.014386568346468731,0.001397749188608273
10,decoder_cross_attn,0,10432,0.0424574869330207,0.04146339092554526,0.038384391491945724,0.33133270398947906,0.002982623216644654,0.821169665861361,0.8521704852706637,0.8420691753844288,0.18413124127515562,0.02805617050502903
10,decoder_cross_attn,1,10432,-0.021728681580198656,-0.021326476193931507,-0.022179848426529144,0.05279258103966937,-0.001455812883546176,0.22768731038157364,0.22740752718642746,0.22911854987596728,0.027980954570258534,0.0030701808723466277
10,decoder_cross_attn,2,10432,0.018705792855418703,0.0194381196004157,0.017814629867519405,-0.01422615196024483,0.002771009641065253,0.1281170854407936,0.13118595115314896,0.12888683965666559,0.029781170976812973,0.005668508897669231
10,decoder_cross_attn,3,10432,0.03850733486698626,0.040009826711187114,0.0377988949228416,-0.029549149781368383,0.0037353312221006883,0.26095760506190696,0.27520613530299715,0.25996322882866063,0.04172352861678446,0.005690596226933516
10,decoder_cross_attn,4,10432,0.0037568118794679803,0.003988814448191852,0.0030922083762552543,0.0783461156455468,0.00040537588429733927,0.11646208394808143,0.11729238007909182,0.11628795618934817,0.028837455915297273,0.0028735211433919073
10,decoder_cross_attn,5,10432,0.015296482918858654,0.016139110510429995,0.014747215285425937,0.013009535446563037,0.0018250466148694395,0.1622652960450009,0.17134546640314496,0.16235298622853903,0.025866669084965113,0.002757263147404628
10,decoder_cross_attn,6,10432,0.026022981346123922,0.0265717282228677,0.025286874831179973,-0.06870835831965905,0.003967092575311078,0.1739877127245727,0.18218770176962956,0.1740606839004818,0.0408379236296683,0.005640595730256752
10,decoder_cross_attn,7,10432,-0.011945514216259294,-0.011724415744278757,-0.012609963456318395,0.01991963221697259,-0.0005523492317886585,0.12844196428155946,0.13372334913187792,0.13317425152959128,0.017718725307438808,0.0016357503284396419
10,decoder_cross_attn,8,10432,0.014733408816165649,0.01634913799298612,0.014000094127446707,0.023618747323088645,0.002464204449549393,0.2226029362154514,0.22492095982920132,0.2248206739540598,0.05157988020043876,0.009491077908800888
10,decoder_cross_attn,9,10432,0.00613530796861474,0.007424256559868511,0.005375630872487569,0.00624157771028212,0.0009175555557698107,0.21908430897514963,0.22025044503644445,0.21942162677192206,0.03463014931275004,0.006371648663194404
10,decoder_cross_attn,10,10432,-0.009470787828984877,-0.00963608893305419,-0.010396099975767821,-0.04259134299533176,-0.0020679779096500644,0.21691029319385627,0.2172522871267761,0.2175965348704199,0.035130327216695394,0.004249618701225596
10,decoder_cross_attn,11,10432,-0.04722538121339316,-0.046509340048485004,-0.04832546085794706,-0.24402581111590824,-0.0041711169446424085,0.3756716774790177,0.3746572373506806,0.3780595771703629,0.0946385702084152,0.009117404292094148
10,decoder_self_attn,0,10432,-0.001795678517364382,-0.0018034243567991194,-0.002706985404325696,-0.003850374445804825,0.0010517668636069936,0.13816095633421793,0.13620189222138468,0.14282394644291083,0.017640153989816967,0.0033558619460016953
10,decoder_self_attn,1,10432,0.004268739562974417,0.00417226806728366,0.003451201968079082,-0.0073747713564455,0.0002807106349925688,0.14085169278778834,0.1387702050620466,0.139019408156401,0.0194922736971126,0.002568707040610598
10,decoder_self_attn,2,10432,0.0053645133045978795,0.0057046014680234135,0.004871197870364528,-0.008037661666484768,0.001825596807964489,0.13211041077810057,0.13769093196069715,0.13235780752646706,0.014357446461036687,0.003928929847957199
10,decoder_self_attn,3,10432,-0.029045294686809758,-0.029936881252584518,-0.03093562330848763,-0.16636416378453875,0.0017461498207955453,0.3586122399273232,0.3622350913217037,0.36635307098220743,0.07975596241523916,0.008051640837334575
10,decoder_self_attn,4,10432,-0.007374232766066041,-0.007637912974532404,-0.00827296668678781,0.03457311297726865,0.00040684095112481373,0.13855471617577006,0.13630601028764075,0.13657636563327688,0.02497856455579824,0.003144832974181468
10,decoder_self_attn,5,10432,0.01038133044029984,0.011786823914417885,0.009593121081284642,-0.05570990500323174,0.0040584457859659485,0.09561930195106307,0.10053853896422378,0.0958561627399468,0.04166367044661215,0.008850596048896252
10,decoder_self_attn,6,10432,-0.0021813594674324798,-0.002269535950271815,-0.0029314589162619965,-0.09798938613113561,0.0015753444085651702,0.20915413507722572,0.20643800620351085,0.20867159539253335,0.04509336474845333,0.004423928763624238
10,decoder_self_attn,7,10432,-0.0010521967873259707,-0.0008476580058507222,-0.00206520289405468,-0.08784980708276106,0.003422688415696816,0.18643591274000781,0.1871240024649936,0.18682475069887253,0.04604538609794474,0.008319818298312772
10,decoder_self_attn,8,10432,-0.011853037433833208,-0.011965657793920136,-0.012670663365510244,0.01271728680474808,-0.0002070743693438723,0.18855226313897583,0.18967977794329138,0.18993800673406794,0.03300621846602117,0.0031499120705800916
10,decoder_self_attn,9,10432,-0.003948693006840343,-0.004397065870249584,-0.004977078964816386,0.058765416449947136,-0.0012638607430928714,0.16759707827308157,0.17238132426315314,0.17045880199664043,0.027207764007561478,0.0034573167952459244
10,decoder_self_attn,10,10432,0.009843594318557136,0.009620766320074435,0.008827412333733999,-0.0649820118985407,0.0004260703125694284,0.19083868539493795,0.18994784666542713,0.18869074548591352,0.03703328239551008,0.003374505072343672
10,decoder_self_attn,11,10432,0.003999232384141517,0.004030672554452811,0.0034616769028012148,-0.011313145093554095,0.00048099951447197963,0.08374585723610799,0.08245155518547517,0.08274723554977062,0.01810392075919069,0.002406705742727132
11,decoder_cross_attn,0,10432,0.04692555131636117,0.04775930487357627,0.046594884393507195,-0.12316919546545782,0.007710700200447791,0.3971116864086493,0.3969149093663315,0.39673546697803486,0.0826742641532415,0.011773884416084552
11,decoder_cross_attn,1,10432,0.02666373257705944,0.02736865207062593,0.026253091962669967,-0.0051120990884427455,0.0033367358218089776,0.26947507275433014,0.2697380595985219,0.2684606259004111,0.03239902609955133,0.006530889236752471
11,decoder_cross_attn,2,10432,0.022953577574952793,0.023363056701300913,0.022091505067541112,-0.0635136235141098,0.00594998676289854,0.47591309761726586,0.47582059815800454,0.4756019287262945,0.093568050001088,0.018525275123886624
11,decoder_cross_attn,3,10432,0.08327675046154169,0.083656601208136,0.08217060183123537,-0.43724819648749497,0.015006580618581494,0.5942487298777465,0.5908559806349397,0.588561062101383,0.18746337915410302,0.026931139869360667
11,decoder_cross_attn,4,10432,0.01584843945777914,0.016192320070702423,0.015533502617168828,-0.020947071067286063,0.0020415715407579816,0.177213517015547,0.1802062110827435,0.17763603951833934,0.022507669684993577,0.0030739748035680243
11,decoder_cross_attn,5,10432,0.017674389168257802,0.017704721206921053,0.017141913832605285,-0.02705510483877559,0.003516075663422817,0.29078237879999463,0.28254533642814655,0.2821340716836022,0.07493878368051764,0.015137811041984963
11,decoder_cross_attn,6,10432,0.06816319794812725,0.06908525671503936,0.0676917116246685,-0.19280489260956438,0.009263475779786767,0.7143209829999847,0.7167739519774146,0.7128104557987576,0.11378660965911831,0.01574435592872448
11,decoder_cross_attn,7,10432,0.01707194701743829,0.017975374624687006,0.016399031786656637,-0.0927045515744141,0.004485524826585947,0.38797847414191844,0.38941955996988276,0.39016466123186083,0.0532645959660946,0.008331999180764552
11,decoder_cross_attn,8,10432,-0.026464198596227926,-0.02665058815451457,-0.027868792683149908,-0.057509675164895545,0.009676263911900967,1.0135581603036363,1.011860768676999,1.0165170119722637,0.10042456499372972,0.02105777148771179
11,decoder_cross_attn,9,10432,-0.01110365728186939,-0.010946337619651499,-0.01160601865695552,0.0021243472255057945,-0.0008974709045256124,0.2607917354161578,0.2615563001053594,0.2618742099057031,0.02319528523651785,0.0035908209436883755
11,decoder_cross_attn,10,10432,-0.004945721126376869,-0.004713702838068047,-0.005405703639450871,-0.0028460147416367663,0.00012271682677527672,0.15871769772322017,0.1595603723835403,0.15909814835567046,0.016710325012231173,0.0023665744882218676
11,decoder_cross_attn,11,10432,0.05051836562208028,0.05118742680459509,0.04997948269365128,-0.3247267557200947,0.012082754842154195,0.575415344830065,0.5745521935874778,0.5753293714163499,0.1546359036933739,0.02013324085660577
11,decoder_self_attn,0,10432,-0.011986277492864206,-0.012126087944526,-0.012551692854881964,0.04083225751535654,-0.0007183754208149064,0.14677393089080804,0.1472602558734695,0.14789730793817868,0.02295563311971301,0.0031682627216607136
11,decoder_self_attn,1,10432,0.00040330585473882737,0.00038319319290699776,-0.00013999426058652277,-0.004295790610846382,-0.0012150949340005003,0.1580562636847917,0.15708861611346703,0.1563482041661352,0.030379770717752465,0.0032359824578703632
11,decoder_self_attn,2,10432,0.016418570257369588,0.016824195672338702,0.01615797984055968,-0.01022136075267898,0.0029329767384983106,0.09529510964135354,0.09600679684566525,0.09529862514878197,0.026038731148819213,0.0043735718206399585
11,decoder_self_attn,3,10432,0.04296263604728773,0.04202213919711636,0.04157757919746868,0.0001123802839246973,0.0008673678199400525,0.4252726111934461,0.4228003717027564,0.4210094003363083,0.046392996190473844,0.006931625717507903
11,decoder_self_attn,4,10432,-0.004061246603158936,-0.004055023705802599,-0.004625999208165611,0.04054789695291679,0.000927042694579505,0.16310883485579902,0.16161027714354076,0.16367599645955933,0.025830253552859478,0.0036487415219438996
11,decoder_self_attn,5,10432,-0.014559142821501751,-0.014832635855524879,-0.01525900797824631,0.06469760367509682,-0.0007064079942947252,0.1799733383415531,0.1793351973698969,0.1810879697726757,0.03138685730874385,0.003584076671442639
11,decoder_self_attn,6,10432,0.015240433724200447,0.015365695959776434,0.014918409664241607,-0.02384688143841234,0.0019960317752135176,0.12656574159206124,0.12520484116366223,0.1254114692578403,0.029177286752183063,0.0033319975768970845
11,decoder_self_attn,7,10432,0.0017088522777344438,0.0021338378962646207,0.001069683469559991,-0.08003702806594544,0.0011030085266287744,0.13282420194951533,0.1342923266095914,0.13334921567397343,0.047626394491322506,0.006757414815572849
11,decoder_self_attn,8,10432,-0.0010974455157610515,-0.001012985566219925,-0.0015119446238760024,0.12621508149767255,-0.0006090905610186249,0.07860375041511353,0.07947874683586163,0.07876351486033789,0.045534126652847486,0.0038549211442153292
11,decoder_self_attn,9,10432,0.004353779164168337,0.0040696424046334475,0.003753252636795757,0.024847558071048315,0.0003295510991596375,0.08609912032539814,0.08734968742471902,0.08635830043157845,0.023781699296718303,0.0021621612046022524
11,decoder_self_attn,10,10432,0.0062657798634098765,0.006206473614475985,0.005672113988130728,0.09902740775913202,-0.0002142496912688767,0.14057764586424804,0.1408296060186708,0.1400575544577768,0.04057149093809282,0.0038702716581003557
11,decoder_self_attn,11,10432,0.0070536355737671474,0.006913761319208424,0.006550243883489693,-0.020381155880196615,0.0018293525140869432,0.09351214432054392,0.09474978093133829,0.0937563029824923,0.01942169626962975,0.004937209728328912
