layer,head,attention_d_to_q,attention_q_to_d,combined_effect,mass_is_high,causal_is_high,verdict
8,11,2.273527783982567,0.33295611349927745,0.05705070119115855,True,True,carries both mass and causal effect
8,4,0.5538151415093548,0.29351998780101707,0.0037305461975700232,False,False,uninvolved
8,2,0.1543208463871794,0.19267560399464423,-0.0018241622179988798,False,False,uninvolved
8,10,0.08739333672077144,0.04336097289335686,-0.005420385043589811,False,False,uninvolved
8,1,0.09064233806482508,0.08026259302119501,-0.009264136003487272,False,False,uninvolved
8,8,0.027093744697386356,0.0018880417119295262,-0.03559157336692733,False,False,uninvolved
8,7,0.13691572127691776,0.003927959683113758,-0.04888215574877479,False,False,uninvolved
8,3,0.5504071521384407,0.32490099435024583,-0.05014739669853295,False,False,uninvolved
8,0,0.2363935425787697,0.3091323302909287,-0.095365414234657,False,False,uninvolved
8,9,0.01024522266240505,0.08723808814486984,-0.09976578615307022,False,False,uninvolved
8,5,2.4994582865207375,0.5197942852902575,-0.18879428124378828,True,False,"high mass, low causal effect (descriptive-only, not load-bearing)"
8,6,0.37731372385996154,0.13730577456873783,-0.2315671231977014,False,False,uninvolved
9,6,2.893701855884605,0.8928614270635526,0.08721109346645756,True,True,carries both mass and causal effect
9,3,3.7180806413111167,0.5591514355582439,0.033321891233556514,True,True,carries both mass and causal effect
9,0,0.26063170710875805,0.21350422571546715,0.002520995323344092,False,False,uninvolved
9,10,0.02103652013122016,0.2057704589165338,-0.002227243459591559,False,False,uninvolved
9,4,3.5290138541733915,0.391700434319773,-0.01850210720574897,True,False,"high mass, low causal effect (descriptive-only, not load-bearing)"
9,8,0.03741919217984926,0.0062718738134013565,-0.020731257512660223,False,False,uninvolved
9,11,3.6833972970948037,0.844019090027549,-0.025820962279724045,True,False,"high mass, low causal effect (descriptive-only, not load-bearing)"
9,9,0.0008946346392432618,0.05018199337101427,-0.027277535405501388,False,False,uninvolved
9,2,0.27707370283760474,0.40047499720731033,-0.04938113998406411,False,False,uninvolved
9,1,0.06350049408355052,0.09423773783840071,-0.056472739059001575,False,False,uninvolved
9,7,2.140764969619892,0.0012074646587161833,-0.16334082743103148,True,False,"high mass, low causal effect (descriptive-only, not load-bearing)"
9,5,0.4475372196701947,0.1820892218758656,-0.19917736824194612,False,False,uninvolved
10,0,0.3248495914376263,0.5208320279092525,0.18193614923765916,False,True,"high causal effect, unremarkable mass (mechanism isn't visible in raw attention)"
10,2,0.7733218797467657,0.33712759634363954,0.1606983131583452,False,True,"high causal effect, unremarkable mass (mechanism isn't visible in raw attention)"
10,9,0.00882571138463551,0.1067261324596828,0.03627198949963931,False,True,"high causal effect, unremarkable mass (mechanism isn't visible in raw attention)"
10,6,1.9737275408850212,0.7386429654463078,0.031087564243307105,True,True,carries both mass and causal effect
10,8,0.056685793737623946,0.015233346770968015,0.03003960915893698,False,True,"high causal effect, unremarkable mass (mechanism isn't visible in raw attention)"
10,4,0.8800165803336927,0.4111372864662261,0.029479768598108427,False,True,"high causal effect, unremarkable mass (mechanism isn't visible in raw attention)"
10,7,0.2724206821934838,0.02610990616203939,0.02701151256618852,False,True,"high causal effect, unremarkable mass (mechanism isn't visible in raw attention)"
10,10,0.03943528153034978,0.2412956345251915,0.015578976857871692,False,False,uninvolved
10,1,0.02375146012889801,0.09838599927709903,0.005674127130233717,False,False,uninvolved
10,3,0.7142734950268814,0.22280570748938033,-0.03213217246861619,False,False,uninvolved
10,11,0.6597893127723983,0.6711227745137403,-0.08419447200873643,False,False,uninvolved
10,5,1.7193805407456957,0.44537554457693185,-0.2546271579812948,True,False,"high mass, low causal effect (descriptive-only, not load-bearing)"
11,3,0.08752205579473324,0.18540673180423276,0.12071842928181857,False,True,"high causal effect, unremarkable mass (mechanism isn't visible in raw attention)"
11,11,1.2797360711071173,0.7486774355639103,0.1172785500718028,True,True,carries both mass and causal effect
11,4,0.5009074448254004,0.15329764621610192,0.07283414336115601,False,True,"high causal effect, unremarkable mass (mechanism isn't visible in raw attention)"
11,2,0.15184163787323068,0.18924538547044828,0.07156559325479683,False,True,"high causal effect, unremarkable mass (mechanism isn't visible in raw attention)"
11,0,0.8505823219246617,0.37754548043560154,0.06480681757218205,False,True,"high causal effect, unremarkable mass (mechanism isn't visible in raw attention)"
11,5,1.9376079689459322,0.7678117855449689,0.03936368741221004,True,True,carries both mass and causal effect
11,6,0.5738250962803885,0.7506782180213569,0.03555707790419446,False,True,"high causal effect, unremarkable mass (mechanism isn't visible in raw attention)"
11,10,0.08461562020014847,0.07870382637822923,0.0042505120492451545,False,False,uninvolved
11,9,0.05206473770040932,0.07347578492591293,-0.007393654515400507,False,False,uninvolved
11,8,0.04378413006388377,0.0025057968491496237,-0.010245547945525194,False,False,uninvolved
11,1,0.12553689165604692,0.17342604092293215,-0.012668525167240397,False,False,uninvolved
11,7,0.1594671816024618,0.052383615413145505,-0.04820841105182179,False,False,uninvolved
