metric,layer,mean_abs_d,max_abs_d,max_auroc_cv
ccos,0,0.086559765,0.2437723,0.5746781652293463
ccos,1,0.10777155,0.3325178,0.5932383452068491
ccos,2,0.15518504,0.35278007,0.6100487439070116
ccos,3,0.12733911,0.36354214,0.5957380327459068
ccos,4,0.17019238,0.29363975,0.5891138607674041
ccos,5,0.15586935,0.38164648,0.5972378452693413
ccos,6,0.16729374,0.42761207,0.6125484314460692
ccos,7,0.17655645,0.47458234,0.6371078615173104
ccos,8,0.18659593,0.47264704,0.6287339082614674
ccos,9,0.22389877,0.5631617,0.6635420572428447
ccos,10,0.30530038,0.62709147,0.6869141357330334
ccos,11,0.6731698,1.0731156,0.7790276215473065
cos,0,0.1476003,0.29402387,0.5703037120359955
cos,1,0.061344083,0.19332395,0.5671791026121735
cos,2,0.16739382,0.3749772,0.6092363454568179
cos,3,0.121198855,0.31264436,0.5810523684539433
cos,4,0.16520603,0.32624227,0.6083614548181477
cos,5,0.19645236,0.37799644,0.5961129858767654
cos,6,0.17414789,0.4527597,0.6273590801149856
cos,7,0.24302922,0.4888157,0.6399200099987502
cos,8,0.18141739,0.5133423,0.6402949631296088
cos,9,0.3019388,1.0949535,0.7931508561429821
cos,10,0.33566058,0.989011,0.7580927384076991
cos,11,0.70651275,1.3247986,0.809023872015998
dnorm,0,0.21793248,0.5244697,0.6284214473190851
dnorm,1,0.28418526,0.42974833,0.6297962754655668
dnorm,2,0.21295846,0.4940098,0.6239220097487814
dnorm,3,0.2156759,0.32916752,0.5846769153855768
dnorm,4,0.14999543,0.36848363,0.590801149856268
dnorm,5,0.17001645,0.3271603,0.5829896262967129
dnorm,6,0.14923202,0.35400188,0.5679290088738908
dnorm,7,0.18941051,0.30388886,0.5801149856267966
dnorm,8,0.18222837,0.33300582,0.5782402199725034
dnorm,9,0.24147727,0.6737831,0.6829146356705412
dnorm,10,0.38541725,0.7549937,0.7044744406949132
dnorm,11,0.5687146,0.86366504,0.7450943632045994
dot,0,0.062081773,0.24241157,0.576052993375828
dot,1,0.11761352,0.24456303,0.5988626421697287
dot,2,0.13154665,0.38196033,0.6121734783152106
dot,3,0.107668586,0.2611356,0.5731783527059118
dot,4,0.13053577,0.25848356,0.5675540557430321
dot,5,0.12965281,0.19531083,0.5509311336082989
dot,6,0.1580015,0.39464772,0.6189226346706662
dot,7,0.23856314,0.501551,0.649981252343457
dot,8,0.13083099,0.33024275,0.5883014623172104
dot,9,0.25869843,0.98394954,0.7642794650668666
dot,10,0.23895453,0.6389705,0.673665791776028
dot,11,0.7009608,1.2122961,0.8230221222347207
ms_mean,0,0.32248187,0.58382565,0.6497312835895513
ms_mean,1,0.29068953,0.48965,0.6421072365954256
ms_mean,2,0.29984656,0.46740514,0.6318585176852893
ms_mean,3,0.33231875,0.5397952,0.6479190101237345
ms_mean,4,0.28494772,0.5687531,0.6613548306461692
ms_mean,5,0.32587585,0.5777113,0.6704786901637295
ms_mean,6,0.2659754,0.51924783,0.6351706036745407
ms_mean,7,0.2947236,0.50444275,0.6433570803649544
ms_mean,8,0.27842876,0.60889167,0.6787901512310961
ms_mean,9,0.38052073,0.9347854,0.7550306211723534
ms_mean,10,0.28533325,0.5646714,0.6754155730533683
ms_mean,11,0.5121092,0.9716271,0.7924009498812649
ms_median,0,0.28928947,0.5311665,0.6386076740407449
ms_median,1,0.244518,0.4845432,0.6389201349831272
ms_median,2,0.2574622,0.44669667,0.624859392575928
ms_median,3,0.31094003,0.53235936,0.6457317835270591
ms_median,4,0.24934433,0.44195282,0.6330458692663417
ms_median,5,0.30025586,0.55780095,0.682602174728159
ms_median,6,0.2848078,0.52010137,0.641169853768279
ms_median,7,0.26002982,0.50544167,0.6462317210348706
ms_median,8,0.26094082,0.55007124,0.6261717285339332
ms_median,9,0.32506517,0.8495345,0.756655418072741
ms_median,10,0.26721025,0.5748759,0.6860392450943632
ms_median,11,0.5120043,0.8326145,0.7829021372328459
ms_top3,0,0.26997033,0.4388517,0.6123609548806399
ms_top3,1,0.20979531,0.39396265,0.6014873140857393
ms_top3,2,0.23375987,0.38342002,0.6081739782527185
ms_top3,3,0.2514816,0.41400433,0.609673790776153
ms_top3,4,0.18893813,0.52499557,0.6319835020622422
ms_top3,5,0.23481083,0.5048841,0.6498562679665042
ms_top3,6,0.2456737,0.5464632,0.651543557055368
ms_top3,7,0.21792258,0.4511666,0.6349206349206349
ms_top3,8,0.21368994,0.4345768,0.5980502437195351
ms_top3,9,0.27061146,0.86965996,0.7560929883764529
ms_top3,10,0.24270697,0.6514088,0.6891013623297088
ms_top3,11,0.4480064,0.71612847,0.7154730658667666
qnorm,0,0.06802855,0.2605683,0.5728033995750531
qnorm,1,0.075688146,0.17282969,0.5528683914510686
qnorm,2,0.06953645,0.19022496,0.558742657167854
qnorm,3,0.124429636,0.40262112,0.6051118610173728
qnorm,4,0.1447592,0.30585757,0.5905511811023622
qnorm,5,0.19764857,0.59457815,0.6626671666041745
qnorm,6,0.1847636,0.5894179,0.6734158230221222
qnorm,7,0.22443742,0.47210515,0.6366704161979753
qnorm,8,0.1442195,0.40326354,0.6169853768278966
qnorm,9,0.18916696,0.5462817,0.6534808148981377
qnorm,10,0.3087975,0.83011794,0.7157855268091489
qnorm,11,0.50134784,1.2412603,0.7992125984251969
