attack_name,layer,component,head_idx,n,fwd_effect_mean,rev_effect_mean,combined_effect_mean,score_drop_zero_mean,score_drop_mean_mean,fwd_effect_std,rev_effect_std,combined_effect_std,score_drop_zero_std,score_drop_mean_std
relevant_start_5,0,decoder_cross_attn,0,100,-0.001136138074355179,-0.0012994297007361587,-0.0015000244956831132,0.006511347889900177,-0.0013792172074317752,0.002322792803753221,0.0024137308169937567,0.00242237976632854,0.009501747247171084,0.0022696233524249665
relevant_start_5,0,decoder_cross_attn,1,100,0.007354759006782266,0.00914540631562128,0.006996011837324991,-0.06255317181348798,0.01285184204578396,0.00749229017132022,0.00863196009973816,0.007598299102705074,0.046232154680487005,0.011534685402729528
relevant_start_5,0,decoder_cross_attn,2,100,0.0023153678445475604,0.00252514302144863,0.0017821936695232227,-0.007085080444812768,0.003826722502708403,0.005089345254708547,0.00557958677706561,0.0051741390918037256,0.026793266578769733,0.006098900576968364
relevant_start_5,0,decoder_cross_attn,3,100,0.000413406044328711,0.00032847170863537276,0.00014329623754185436,-0.016034118235111194,0.00031980395317076846,0.004415551285276381,0.004126600990712709,0.004268279529132295,0.010845284823779212,0.004076391699695625
relevant_start_5,0,decoder_cross_attn,4,100,0.00014947108888471071,0.00015118526546342205,0.00012479519560150033,0.00414543122053142,0.00017463445663449298,0.00016595235316581292,0.00017002209131256412,0.00015047544475791877,0.0020032575227686387,0.00015894598322586348
relevant_start_5,0,decoder_cross_attn,5,100,0.005824264297203004,0.005500927210367739,0.0041513199909973715,-0.06174244701862332,0.009679148793220505,0.009633197284195184,0.010758502809836867,0.009868062835561018,0.04390863485869774,0.016341202895962276
relevant_start_5,0,decoder_cross_attn,6,100,0.000302774479337068,0.00031011891057685184,0.00015109940123366286,-0.009459050893783533,0.0003824061155319001,0.0013265639687915208,0.0013525624657080096,0.0013360942029416922,0.008215633655852443,0.0015135144718514835
relevant_start_5,0,decoder_cross_attn,7,100,0.00249276955146205,0.000932755011714775,0.000216515530351868,-0.053244514465331995,0.0013406455516815196,0.014454610154451859,0.016818048306622913,0.016077841628836877,0.05311174625398556,0.017584675000353198
relevant_start_5,0,decoder_cross_attn,8,100,-0.0009751563088246723,-0.0006185735334200377,-0.0010059298234593268,-0.005257934927940342,-0.0005358791351318189,0.0013836032616653872,0.0011560987135726354,0.001404990106931024,0.0061745056907864014,0.001276872509936363
relevant_start_5,0,decoder_cross_attn,9,100,0.0001806714738424787,0.0001549164112617612,0.00013674236777665172,-0.002187905013561208,0.0001521873474120863,0.0002470337825185778,0.0002306873373908121,0.00022736062348611478,0.001850209858276977,0.0002320738435365757
relevant_start_5,0,decoder_cross_attn,10,100,0.0063573217481975594,0.0062131844058768,0.005508302863613035,0.0077333581447601284,0.007952148020267452,0.006684431139145009,0.006376083314129145,0.006313702982567596,0.03223121329061571,0.00674660504933339
relevant_start_5,0,decoder_cross_attn,11,100,0.0014707476348183362,0.002027101470715862,0.0012960858148432033,-0.009933423101901982,0.002664728462696043,0.002870759464715255,0.0032923560021102132,0.002974805299995805,0.014318636252876518,0.0036092958837040346
relevant_start_5,0,decoder_self_attn,0,100,-6.362365191832665e-07,-6.802190297984447e-07,-5.218437491564131e-06,0.009707435369491545,-7.617473602294921e-07,1.1635957215799356e-05,1.0247127423704904e-05,1.0003495317572642e-05,0.007220304433072232,9.960224506685406e-06
relevant_start_5,0,decoder_self_attn,1,100,-6.135689748541463e-07,-1.3191394587782246e-06,-5.724774232919356e-06,0.0023595234751701017,-1.3107061386108398e-06,1.1800941791774737e-05,9.229384226701656e-06,9.070564337754233e-06,0.0026877704042281713,9.444554769158605e-06
relevant_start_5,0,decoder_self_attn,2,100,-7.809135682314472e-07,-1.4434135190082218e-06,-5.8511233304494606e-06,0.00029487490653991175,-1.2668967247009277e-06,1.1437424173171272e-05,9.877165904722246e-06,9.317447222407035e-06,0.0009150327472485224,1.0068156536137226e-05
relevant_start_5,0,decoder_self_attn,3,100,-3.9819735914297795e-07,-1.0867466678937588e-06,-5.482190736160114e-06,0.0007679140567779468,-1.0693073272705079e-06,1.1536421832150986e-05,9.36236616007211e-06,8.751045766036084e-06,0.00495112422832446,9.375199024743127e-06
relevant_start_5,0,decoder_self_attn,4,100,-2.0148321442434883e-07,-9.512564842058284e-07,-5.369315053060175e-06,0.0030084991455077677,-9.173154830932618e-07,1.183510506963292e-05,1.0210675235296649e-05,9.707461800402957e-06,0.001602865519154218,1.0191849019179508e-05
relevant_start_5,0,decoder_self_attn,5,100,-1.726254782496555e-07,-9.112640464156647e-07,-5.300817573595411e-06,-0.007668319046497301,-8.979439735412597e-07,1.1398128538302438e-05,9.135135412099243e-06,9.030060399314898e-06,0.0033547005618294926,9.57483968404338e-06
relevant_start_5,0,decoder_self_attn,6,100,-5.792878207937051e-07,-8.905216487610945e-07,-5.491916509631011e-06,-0.0035265007615089016,-8.291006088256836e-07,1.2602367466621675e-05,9.430732476649738e-06,9.859732533867686e-06,0.0017868845743152003,9.646814344006406e-06
relevant_start_5,0,decoder_self_attn,7,100,-1.921667137399722e-07,-1.064331517550487e-06,-5.291004911997581e-06,0.009679438173770868,-1.1208653450012207e-06,1.1683497680636714e-05,1.0101849538564083e-05,9.459319460880398e-06,0.007744724784781866,1.012357547332927e-05
relevant_start_5,0,decoder_self_attn,8,100,-2.1732988725410855e-07,-7.533464312000978e-07,-5.44373791865416e-06,-0.002968140840530354,-8.645653724670411e-07,1.2052916623261821e-05,1.0250270039015918e-05,9.869137977275452e-06,0.0013497630182956837,1.0466248367734363e-05
relevant_start_5,0,decoder_self_attn,9,100,-6.235563829577409e-07,-1.0883933295482229e-06,-5.488532732816805e-06,-0.0011805206537246508,-1.0666251182556152e-06,1.1367921924948822e-05,9.280785169132422e-06,9.044599106383546e-06,0.0020292045091728386,9.479596920424787e-06
relevant_start_5,0,decoder_self_attn,10,100,-6.876005694249505e-07,-1.1083999375881862e-06,-5.608165670559012e-06,-0.008704703152179676,-1.0091066360473633e-06,1.1948706473454508e-05,9.72065274630448e-06,9.322683309614882e-06,0.0039300588445347825,9.87421391220146e-06
relevant_start_5,0,decoder_self_attn,11,100,-4.895231607138375e-07,-7.645459387426177e-07,-5.375481696583368e-06,-0.0007941102981567336,-6.875395774841309e-07,1.1496268325955427e-05,9.679032317121884e-06,8.959238484133275e-06,0.0027863599798614988,9.771671016650742e-06
relevant_start_5,1,decoder_cross_attn,0,100,-5.9777095088695565e-05,-7.672732758917303e-05,-9.8605112974089e-05,0.00495624661445614,-0.0001042091846465921,0.00015642370423301187,0.00018414410080206121,0.00017641330381095151,0.0038259903848773353,0.0002362049548418293
relevant_start_5,1,decoder_cross_attn,1,100,-0.001244261481504063,-0.0012522081793452013,-0.0013647999972826444,-0.02590524911880489,-0.001338634788989996,0.00202357992864749,0.0022079291670548664,0.002231819270415417,0.016417105300372645,0.002363994087600166
relevant_start_5,1,decoder_cross_attn,2,100,0.0031338966358289786,0.0027196899066362214,0.0012892086330312654,0.0004428598284721339,0.002565143108367909,0.007437473793085775,0.009582179063274127,0.008734782754660499,0.037958597203820894,0.013180361046430117
relevant_start_5,1,decoder_cross_attn,3,100,0.00039972804318728265,0.0002750275450829544,0.00019694982709005687,-0.014736232161521872,0.0004409423470496933,0.0010273740982062363,0.0011439515685440801,0.0010928459429128535,0.010583181696083858,0.0013571637329156962
relevant_start_5,1,decoder_cross_attn,4,100,0.002552777232031097,0.002612433125231071,0.0022880026132361324,0.007810918390750845,0.003248399794101675,0.0027059114602530987,0.002491714352308902,0.0025333089120047536,0.010264368208793652,0.0030520584630960674
relevant_start_5,1,decoder_cross_attn,5,100,-5.823811916439894e-05,8.532862455192033e-06,-0.00011461651774433163,-0.0005904898047447162,-2.5546550750777844e-06,0.0007297750463762038,0.0008913634133013264,0.0008148681448845919,0.006449602039976133,0.0010013231032406683
relevant_start_5,1,decoder_cross_attn,6,100,0.0004101041791273339,0.0004890900231528524,0.0003672243850644217,0.00329893767833707,0.000592707693576781,0.0006017443546917292,0.0006575937134647112,0.0005778066578949004,0.004074511071827858,0.0007824342387234571
relevant_start_5,1,decoder_cross_attn,7,100,0.03236036642755347,0.024638947282063426,0.023127642608786775,-0.1113121290504932,0.0275985464453697,0.039938305736347005,0.04403798300958632,0.04334933309513926,0.06729810879755545,0.04542096220960075
relevant_start_5,1,decoder_cross_attn,8,100,0.0004033887567327055,0.0005872406478926085,0.00034525632982320044,0.005584701895713776,0.0007341775298118408,0.0010406197323422287,0.0012404737734186405,0.001072502376437023,0.006654750791498656,0.0014280588179424963
relevant_start_5,1,decoder_cross_attn,9,100,0.0033821673200969122,0.003826297318407546,0.0028060354007948835,-0.05972570240497586,0.006921244859695407,0.006796234705791549,0.007011801441198112,0.007034584827923262,0.039088806953426695,0.01093796348147302
relevant_start_5,1,decoder_cross_attn,10,100,0.00021298384383247777,0.0001651685064399823,0.00014347082980057817,0.006895520687103223,0.000168668627738936,0.0003138730102019572,0.000323472174541737,0.00029927608687862773,0.0033384507423935366,0.0003578520390249035
relevant_start_5,1,decoder_cross_attn,11,100,-0.001985138810170803,-0.0035724002533155715,-0.003854116259791366,0.015428081154823263,-0.0037430381774902167,0.007434465758520948,0.00918781993952,0.008748544540363294,0.015358859144334694,0.010932678385640951
relevant_start_5,1,decoder_self_attn,0,100,0.0004952576134827565,0.0005906985978038687,0.0003634956742087752,-0.019305882155895196,0.0009529757499694627,0.0012938749588038187,0.0016820960861440614,0.0014844920600355625,0.012620461303358942,0.002021913987566174
relevant_start_5,1,decoder_self_attn,1,100,-7.012636969094282e-05,-9.378866044766707e-05,-0.00013789364813796142,-0.0008725318312644847,-3.854095935821109e-05,0.0003774712543822131,0.000401486033602321,0.0003977510128846608,0.0017789369573464968,0.0004752805976456216
relevant_start_5,1,decoder_self_attn,2,100,-3.024567789661657e-05,-1.5333387564297628e-05,-0.00010527639587786372,-0.010468362271785698,9.010344743728719e-05,0.0005185253251512314,0.000595609126165889,0.0005542830220996791,0.006483160764494992,0.0007520632835708832
relevant_start_5,1,decoder_self_attn,3,100,-0.001173597589195004,-0.0019470787110735003,-0.0023452608243198555,0.0182056191563606,-0.0034999671578407106,0.005634104967744343,0.007089681684921985,0.006508438741444447,0.02343838927548227,0.009026191750481981
relevant_start_5,1,decoder_self_attn,4,100,0.000724232573942889,0.0005840826835891962,0.000521302112750623,-0.019863840043544728,0.0008204263448714909,0.0009546434110761998,0.0010393227084016503,0.0010048798218537192,0.00952118180297537,0.001184644980428034
relevant_start_5,1,decoder_self_attn,5,100,-0.0003061045309205696,-0.0003541262170739903,-0.0004298593548830959,0.008497490584850264,-0.0005055803060531366,0.0006410098494779468,0.0006879889646852324,0.0006648021362814545,0.003659232990479429,0.0008923987684340672
relevant_start_5,1,decoder_self_attn,6,100,6.673065084698407e-05,6.660123538163322e-05,1.9479146186727916e-05,-0.0003401964902877706,0.00014716506004332718,0.0003713254958577412,0.0003572108672285497,0.000358129788066242,0.0019606268865555334,0.0004117014803751859
relevant_start_5,1,decoder_self_attn,7,100,0.001672661661719587,0.001942333903260583,0.001455542847680296,-0.04378825724124904,0.0028179311752319037,0.002175685854861782,0.002935128269574941,0.0024375409842558914,0.022271743897865105,0.0037835676570713585
relevant_start_5,1,decoder_self_attn,8,100,9.990549536534832e-05,0.00011685700400564655,4.488877127696656e-05,0.002909618318080868,0.00022686809301375574,0.0004587953905437179,0.0004992541317725741,0.00047681186765645753,0.003059955388001932,0.0005901686479342446
relevant_start_5,1,decoder_self_attn,9,100,0.0007123190676843232,0.0007121366796481537,0.0006446486100408765,0.0006283652782440069,0.0008768790960311514,0.0005941076573783378,0.0006028629389869677,0.0005739229695208017,0.0023921923550420717,0.0006083477327970428
relevant_start_5,1,decoder_self_attn,10,100,0.00043037286010861784,0.00045653165368664456,0.0003762040524947599,-0.008237751424312555,0.0006099709868430775,0.0004887044055577918,0.0004741685433680598,0.00047189762766674983,0.004601403894239529,0.0005972317372049577
relevant_start_5,1,decoder_self_attn,11,100,-9.145576930810291e-05,-8.935296493637482e-05,-0.00012911439057362346,-0.008379101753234837,-0.00010551214218138124,0.00026869460185379427,0.0002713023733871615,0.00027024159533761184,0.007272913409337194,0.0002702462764214723
relevant_start_5,2,decoder_cross_attn,0,100,0.001131268056610689,-0.00868211047099889,-0.009420507134128448,-0.020165214836597424,-0.005766837000846845,0.020171891334290173,0.026943503954588263,0.025773542136218967,0.05262916900139304,0.040241106184352914
relevant_start_5,2,decoder_cross_attn,1,100,0.0605466725285642,0.060598572925129546,0.05636368940711778,-0.20938846975564954,0.09003766655921933,0.058922736303707486,0.05868676019571346,0.05579373526897636,0.1429124216724117,0.08972076791110412
relevant_start_5,2,decoder_cross_attn,2,100,0.001910414750795232,0.0018738748311092287,0.0013848362616609182,-0.012067987918853735,0.0027797928452491633,0.0037025428627450586,0.004439453154156056,0.003980610564432603,0.01670894714883596,0.005328994747207557
relevant_start_5,2,decoder_cross_attn,3,100,0.0002501613267862054,0.0005171594949062963,-0.00017300460397426317,-0.008597839772701234,0.0012268570065498258,0.0031862017166244426,0.003964698016670024,0.0034285567991491203,0.011079467413413525,0.004846579055504387
relevant_start_5,2,decoder_cross_attn,4,100,0.00018507247873794227,0.0004463619420547968,5.993981661361882e-05,0.005974982976913426,0.0007183748483657634,0.0018958512500377486,0.002344529231718554,0.002168655920442432,0.010777763332490396,0.002638468207227565
relevant_start_5,2,decoder_cross_attn,5,100,0.012138030658999766,0.012358379704825853,0.011379924872085166,0.054390676021575886,0.016295964419841727,0.01131465351425887,0.011374922624813086,0.011110359115903667,0.041787418116870464,0.013614976775130077
relevant_start_5,2,decoder_cross_attn,6,100,0.0014132983901940421,0.0003464721796956563,0.00016684798985747658,0.0034059348702430636,-1.867055892944127e-05,0.0031904565507952874,0.003354122444156583,0.0031688242924356414,0.013545025011140731,0.004231020849436634
relevant_start_5,2,decoder_cross_attn,7,100,0.002334323330005767,0.001961739709464761,0.001609053850047229,-0.016939860582351644,0.0025967901945114003,0.0047853130795820304,0.0050267249864381185,0.004854285753107707,0.01780212060948101,0.0061134113598912704
relevant_start_5,2,decoder_cross_attn,8,100,-0.0003849005652352903,-0.0004786762672023637,-0.0005917271970601979,-0.008756238818168602,-0.0007875594496726876,0.001816085227778368,0.0018631315151957895,0.0018440132877583293,0.007288220371186982,0.002398954815584543
relevant_start_5,2,decoder_cross_attn,9,100,-0.0004458403965850861,-0.00029015198485438055,-0.0005014216446197717,-0.007765257656574212,-0.0003316757082939052,0.0012952653945906018,0.0013253763802278445,0.0013176604044154022,0.006657559514669746,0.0014622787173346416
relevant_start_5,2,decoder_cross_attn,10,100,-0.00021851302332692314,-0.00015526020130281895,-0.0004365794222997938,-0.009787125587463343,-0.0002878490090370113,0.0016432998712911484,0.001997780977677191,0.0017200690946782191,0.0072980180499212,0.002302019533742567
relevant_start_5,2,decoder_cross_attn,11,100,0.005699580553528843,0.009157265310956387,0.005546004602495019,0.013628637194633458,0.012461524903774224,0.005661298946166085,0.007286584252969451,0.00566837504825907,0.02155152097332115,0.009695081815018845
relevant_start_5,2,decoder_self_attn,0,100,-0.00010059858976806974,-0.0001266881053973039,-0.00026611629879860814,-0.008303874731063806,5.592316389084222e-05,0.0009773032090016236,0.0012880118450600163,0.0011640274569567658,0.006722034878028989,0.001472291656899813
relevant_start_5,2,decoder_self_attn,1,100,4.722662982480482e-05,5.273150475952032e-05,-4.604476783238657e-05,0.0034047064185142245,1.0067224502563873e-06,0.0005473190348642856,0.0006228094258546823,0.0005525640239995077,0.0030834133182539056,0.0006658482949055546
relevant_start_5,2,decoder_self_attn,2,100,7.806962850093253e-05,-8.454735101574382e-05,-0.0001229846457032683,-0.005770610272884329,3.166019916534342e-05,0.0006944075578337516,0.0008404187381424753,0.0008178811807651379,0.004101370673995543,0.0009234823059974407
relevant_start_5,2,decoder_self_attn,3,100,0.0018127656819895066,0.0030058654711598905,0.0013461215857687922,0.04705048859119411,0.002560337185859672,0.006174831887486298,0.008415663991788018,0.006620956703004264,0.028656052173424127,0.008660440674259279
relevant_start_5,2,decoder_self_attn,4,100,0.0012243913593464612,0.0006712146410384188,0.00024727334834317457,-0.06353526324033734,0.0014095821976661599,0.005596199568081634,0.00702486642155289,0.006600058844076519,0.031247680534008115,0.0073464543944142865
relevant_start_5,2,decoder_self_attn,5,100,-0.0006204182851407681,-0.0006466115545983121,-0.0007412782192770613,-0.003278658986091583,-0.0008302298188209244,0.000746313986078938,0.0007379252860661586,0.0007525469397234621,0.004127739716548019,0.0008608989808727783
relevant_start_5,2,decoder_self_attn,6,100,0.0004302262864341305,0.0005097828841460266,0.00037248464537183,-0.004989050030708276,0.0006892320513724925,0.0005393602165365165,0.0005499967015059997,0.0005397976177433077,0.003629904717377625,0.0006120293721040765
relevant_start_5,2,decoder_self_attn,7,100,0.0002508628359310414,-7.502633478417313e-05,-0.00023588284324533112,-0.030309899747371628,0.00026273757219314804,0.0017001271378657668,0.0022226040004198733,0.0020960079337210133,0.014107355859479892,0.002495248703317388
relevant_start_5,2,decoder_self_attn,8,100,0.0008733174748910579,0.000823705968982261,0.0007526240864447488,0.006182165443897204,0.0010031294822692464,0.0007055826944919631,0.0006533673614469119,0.0006327455179240467,0.0033811169319616255,0.0006481205886339752
relevant_start_5,2,decoder_self_attn,9,100,0.0010398932346648438,0.000887480248040129,0.0008178220256876294,-0.0064233392477035176,0.0009250500798225123,0.0010102518453927486,0.0010408951934505319,0.0009918367999330983,0.006035728079967417,0.0010949103385357118
relevant_start_5,2,decoder_self_attn,10,100,0.001646427240802566,0.001538680958889277,0.0014759777781046478,0.0007502746582031139,0.001824782788753467,0.000967012537302198,0.0009268816623143489,0.000906129414461097,0.003437856783930208,0.0007767926721899558
relevant_start_5,2,decoder_self_attn,11,100,-2.6331472135669786e-05,-9.104421526421663e-05,-0.00013180240235216952,0.002251334488391852,-9.591519832610793e-05,0.0004279472326229469,0.00043430751795134895,0.00042173920521673203,0.003157173015636713,0.0004226408607716798
relevant_start_5,3,decoder_cross_attn,0,100,0.0035547696290699022,0.004576744247744826,0.003374919884292661,-0.009436623752117134,0.00666957974433895,0.0027486859879452207,0.0034582590888253915,0.002811648520935047,0.01308526576261766,0.006084777751882992
relevant_start_5,3,decoder_cross_attn,1,100,0.00164987704076327,0.0022336592926060347,0.0015151743185347613,-0.01438340097665783,0.002829315662384004,0.0021588440840680147,0.0025437565087868324,0.0021535703694767093,0.009997905209336204,0.0030318266811902497
relevant_start_5,3,decoder_cross_attn,2,100,-0.0039401431698172,-0.00603752025222752,-0.006207782123850685,-0.0065211817622184655,-0.00893555551767346,0.007077061370810041,0.008151773865060588,0.007762281442949732,0.024626537665589657,0.011237406743063956
relevant_start_5,3,decoder_cross_attn,3,100,-0.0010148711154076367,-0.0010466954684755433,-0.0011938823110750718,0.0026330298185348235,-0.0012036764621734261,0.0011387939874994818,0.0011254085522930748,0.001201688999248175,0.0033492618303666887,0.0012246823550936844
relevant_start_5,3,decoder_cross_attn,4,100,0.01024573143023428,0.009286538776691354,0.008802395142472445,-0.06101739376783369,0.010669603049755061,0.007814090948821767,0.008811275470629059,0.008507068593867868,0.061388785178514975,0.009262172451670105
relevant_start_5,3,decoder_cross_attn,5,100,0.0003504042863746059,0.0002524577739234795,0.00023056430554167155,0.002472789585590338,0.0002584710717201151,0.0007324695727980929,0.0006864329833585037,0.0006872119776116202,0.003426692861481806,0.0007675062041011493
relevant_start_5,3,decoder_cross_attn,6,100,-0.0008978820063587689,-0.0009504091204203,-0.0010069193236173335,-0.0011570194363593961,-0.0011297118663787511,0.0009682601028566675,0.0010544715476485643,0.0010592636242473226,0.005104923844089298,0.0012634700928834607
relevant_start_5,3,decoder_cross_attn,7,100,0.0005407352710182864,0.00034228371364152367,5.0277871031015944e-05,0.015947166681289638,0.00022165209054945904,0.003177123874627201,0.0028018604440933495,0.002778315555422314,0.013443242868531194,0.0034311314231684994
relevant_start_5,3,decoder_cross_attn,8,100,0.004044349145685658,0.004304019213016305,0.0038034648725663632,0.002048397958278656,0.006158933937549548,0.0031184409754490845,0.003357750401379377,0.003148389569624614,0.01176359541748909,0.0051458835940858365
relevant_start_5,3,decoder_cross_attn,9,100,0.00020946092740201945,0.00032280878697088733,0.0001753206767840387,-0.0007143446803092889,0.000519040524959529,0.0004118479207790158,0.00041838715770254025,0.0004106343480859872,0.0031839910708043404,0.0006522630505696552
relevant_start_5,3,decoder_cross_attn,10,100,0.0005628688889084914,0.0010055120468521414,0.00045323090419731435,-0.04069222927093502,0.0019830065965652254,0.001748123708987935,0.0022667311512471855,0.0018319542573638557,0.01940108866628018,0.003868085098079078
relevant_start_5,3,decoder_cross_attn,11,100,0.004405924538359157,0.004193744083819475,0.003763953141043574,0.0025679659843444737,0.0062189877033233375,0.005642134074271595,0.006081864997786171,0.005801336890854214,0.016498827163713658,0.008583920677442354
relevant_start_5,3,decoder_self_attn,0,100,0.004036381742536846,0.004041324253004754,0.0036910981961238696,-0.028862920105457258,0.005724822878837545,0.0031921229211879947,0.0034390578705919047,0.003278636875993366,0.01622365243827705,0.005038942022261847
relevant_start_5,3,decoder_self_attn,1,100,0.0022601474152310033,0.002366211140414713,0.0021008637684916654,-0.004172469377517671,0.003542626798152872,0.0016503337627918797,0.0017176749396182113,0.0015660423591642616,0.0048791237539046635,0.003079529960604442
relevant_start_5,3,decoder_self_attn,2,100,3.1586180915260426e-05,7.998919322284409e-05,-3.371446326702322e-05,0.0008315014839172263,1.5868842601775592e-05,0.0005710581700475829,0.0005683734149265014,0.0005536350991649784,0.0028542607477207572,0.000696776594064818
relevant_start_5,3,decoder_self_attn,3,100,-0.004249859008192438,-0.004706732586294044,-0.004975369680474459,0.015179080069065048,-0.006478232741355854,0.0038354712842808723,0.00403272043684103,0.0041104446151454385,0.00846485420571705,0.005497605417338586
relevant_start_5,3,decoder_self_attn,4,100,0.0005409729521969682,0.0005039345651640645,0.0003616259343083143,-0.006868203282356226,0.000674643516540505,0.0009576237908896717,0.0009324478110333606,0.0009147542947283482,0.004503272021673032,0.0011517908287730543
relevant_start_5,3,decoder_self_attn,5,100,0.0009069090969976428,0.00062761784985185,0.0004618516868903532,-0.011674068570136992,0.0015907579660415535,0.0023751939562715323,0.0028584390531279534,0.0026491596370774146,0.008695092351038648,0.004315659332317654
relevant_start_5,3,decoder_self_attn,6,100,0.0009266543973662099,0.000932620246260795,0.0008056630256102899,0.004094134867191277,0.001028537750244111,0.0011487651012045627,0.0011274451537508633,0.0011637153893295272,0.00351519267232752,0.0011893425405446224
relevant_start_5,3,decoder_self_attn,7,100,0.003251850882569415,0.002858791775937177,0.002745640548435793,-0.006839620769023876,0.004104126095771754,0.002458379667169726,0.0024591828094606763,0.002394790554281615,0.00824921266359616,0.003609471391097778
relevant_start_5,3,decoder_self_attn,8,100,9.142882925164586e-05,0.0001597903451768441,-2.0927381392205477e-05,-0.0013837340474128542,0.00019944012165068876,0.0007028136608869615,0.0007144693922221929,0.0006578067514075363,0.0028933308638742204,0.0010445449340932432
relevant_start_5,3,decoder_self_attn,9,100,-0.0006896442997019843,-0.0008238814659460361,-0.0009960884577390181,-0.025440537929534865,-0.0007406637072562996,0.0013719786725972887,0.0016819298463130819,0.0015291488383994767,0.012867908108497599,0.0021795256659681967
relevant_start_5,3,decoder_self_attn,10,100,-0.001764081135617982,-0.0017580987122539828,-0.0019301435455241099,-0.0013718503713607676,-0.0022571212053298555,0.0013940780045139521,0.0013332825976398574,0.0014170292098561342,0.005224002437450171,0.0014164918054158516
relevant_start_5,3,decoder_self_attn,11,100,0.0003362297161790036,0.000285214070041687,0.00020475573198357774,0.001160887479782097,0.0003056091070175036,0.0006739826126686312,0.000650107400691163,0.0006457299919760379,0.0033586418559726685,0.0007313487412002417
relevant_start_5,4,decoder_cross_attn,0,100,0.004390221264664568,0.00441724378417138,0.0035763999359127935,0.00268485188484191,0.006014094650745357,0.005274181530887173,0.005316579215959659,0.0052499699214102,0.017990614303178797,0.006488396063040807
relevant_start_5,4,decoder_cross_attn,1,100,0.014929869763008268,0.015111517899990094,0.01415078254656854,0.04574478387832638,0.019526287615299176,0.009493573446395549,0.009437523092612952,0.009241605387852235,0.033242290506051805,0.010580746862426644
relevant_start_5,4,decoder_cross_attn,2,100,0.004284897017981626,0.004594316064059346,0.003341434699980229,-0.058625942468643145,0.00899766415357587,0.006459383243924897,0.008708588428883572,0.007996830065062563,0.039215606904947714,0.012714840260848943
relevant_start_5,4,decoder_cross_attn,3,100,0.010177298938723005,0.010252372768479536,0.009308967395482365,-0.028729724884033178,0.014898244142532309,0.006320538849982701,0.00631054054369985,0.006077212766734108,0.033459480941574984,0.012493893475953383
relevant_start_5,4,decoder_cross_attn,4,100,0.0033476216654406603,0.004827151816878257,0.0031122304586044453,0.006773168146610239,0.006285910010337787,0.004238930705946489,0.004260267350376224,0.004052303315764834,0.008770711728884419,0.005950484417311175
relevant_start_5,4,decoder_cross_attn,5,100,0.0003951316818597688,-0.00011405754351763031,-0.0002574300045555765,-0.0014669662714004506,-0.0002873396873474046,0.0018882124137121396,0.002219289325361141,0.002048302004061128,0.00894610790408835,0.0026205094520240567
relevant_start_5,4,decoder_cross_attn,6,100,0.0005168795184207961,0.000760378593765069,0.0003340558311205003,0.011413432657718619,0.000995936095714548,0.0014485159871070433,0.0019361614529462008,0.0017148799405713486,0.0076933536965756505,0.0023573492907695425
relevant_start_5,4,decoder_cross_attn,7,100,-5.224331161082985e-06,-0.00017339034542141862,-0.0002445318488131799,-0.019165197610855052,-0.0002691006660461331,0.0008376223983947915,0.000857893497300506,0.0007998369465169208,0.007311961981196592,0.0010181212326965312
relevant_start_5,4,decoder_cross_attn,8,100,-0.0018044125902756504,-0.0008525130079148517,-0.0020596422627522596,0.034406966865062685,-0.00033410161733626723,0.005365306481202931,0.0056033372305303,0.0053779613387031815,0.03837053355970705,0.008253067722903878
relevant_start_5,4,decoder_cross_attn,9,100,0.0017153204044708906,0.0016517552789467082,0.0011306966090087257,-0.003173739016056053,0.0027548575401305903,0.0034312688566569033,0.0036630254514547116,0.0035935217461119033,0.016479492606382526,0.006012232627007287
relevant_start_5,4,decoder_cross_attn,10,100,0.00028944712052276307,0.00016491472721550009,9.658965514909274e-05,-0.006580994129180866,0.00017758399248122268,0.0007511818134723282,0.0007751560543745931,0.00075171434995138,0.004386153615597166,0.0008054519998048945
relevant_start_5,4,decoder_cross_attn,11,100,-0.0005050822625912908,-0.0005541965015336861,-0.0006470661577064805,-0.00499802470207212,-0.0006233388185501015,0.0012472584832630953,0.0014300705572930451,0.0014290168966567592,0.008478690113711038,0.0015333467401596299
relevant_start_5,4,decoder_self_attn,0,100,0.0013650544210950096,0.0007535795278679836,0.0006125352143479826,-0.06124183923006054,0.0023065385222434897,0.003073643921583997,0.003597545251502953,0.0034189179405809756,0.026036364452347454,0.005558924454653102
relevant_start_5,4,decoder_self_attn,1,100,0.00039422868784108964,0.00027258309036341956,0.00020049587685414254,-0.0034539306163787415,0.0002820777893066263,0.000492450997329547,0.00048323862860751607,0.00047281786406546284,0.0028077658249180395,0.0006071770833206979
relevant_start_5,4,decoder_self_attn,2,100,-9.521637803667701e-05,-0.00013909434063436214,-0.0002648495574120687,0.002454703152179699,-1.2785792350765448e-05,0.0008950716298626787,0.0008722929315536455,0.0009171629078179473,0.003627796826470871,0.0012229826845521622
relevant_start_5,4,decoder_self_attn,3,100,0.01228681366921835,0.012741525892668732,0.011494817303986821,-0.046427596509456596,0.015612164139747576,0.009106143047209043,0.009848602283491343,0.008938810688229357,0.02989987521489338,0.010704385962654432
relevant_start_5,4,decoder_self_attn,4,100,-0.0012830344430410515,-0.001152884122881531,-0.001398775487086192,-0.010104219913482633,-0.0018283602595329013,0.001533378856586239,0.0015759088810853733,0.0016039792957382767,0.008491704825974616,0.0021608380303982495
relevant_start_5,4,decoder_self_attn,5,100,0.0027889193944818235,0.0027929351376854493,0.0025032617161851174,0.0019444254040718008,0.003652250766754106,0.001908448557197061,0.0021303327143980945,0.001950483982007155,0.0071362088556017065,0.0027455378916269877
relevant_start_5,4,decoder_self_attn,6,100,0.00014555749590210144,0.00012929474708146607,-1.0723044468790147e-05,-0.003968392610549892,0.00022759318351745013,0.0008672812790719337,0.0008553529109053067,0.0008815455039580915,0.0039044203537342507,0.0012104714563668645
relevant_start_5,4,decoder_self_attn,7,100,0.0017764660920240758,0.0016116643190270525,0.0014890796085677658,0.004735727906227085,0.00261331945657727,0.0020786864482157824,0.001989606672095639,0.0019369252124151386,0.006089213170235481,0.003128060516988771
relevant_start_5,4,decoder_self_attn,8,100,0.0016251288808827207,0.0016440237784234519,0.0014750190017144697,-0.001137352585792525,0.002013449966907457,0.0009586857538514441,0.001015767587375015,0.0009500922892411135,0.0032195397541196734,0.0009834096943424303
relevant_start_5,4,decoder_self_attn,9,100,0.0011311972462242264,0.0012869436381018565,0.0010147179020587264,0.006216911077499349,0.0017079368233680389,0.0013105062125839298,0.0013759681348701372,0.0012674757753352057,0.004528246459435311,0.0016696878814384355
relevant_start_5,4,decoder_self_attn,10,100,0.00040886852136071345,0.0004904444449830666,0.0003428528839125571,0.006289552450180019,0.0005826145410537444,0.000636815212697036,0.0007038616049306747,0.0006461511378113271,0.005944263925369385,0.0008464723288546496
relevant_start_5,4,decoder_self_attn,11,100,0.0005608599431425915,0.0005170496745322208,0.00040349596105907084,0.003467336297035188,0.0006530460715293623,0.0007452582626641909,0.0008422862162814736,0.0007852942224771145,0.0034945302486165245,0.0009361872577697434
relevant_start_5,5,decoder_cross_attn,0,100,0.002917489731731316,0.003559472352520328,0.002750375412749786,-0.0047803100943565255,0.006483981907367677,0.004124316973683916,0.00434971775708759,0.004105041134877399,0.02117462137050595,0.008296942908472863
relevant_start_5,5,decoder_cross_attn,1,100,0.0008455726966615054,0.0009479455213373475,0.0006650234053272388,-0.012407460212707484,0.0014831286668777178,0.001513820571216993,0.0016462050603891919,0.001555992579373269,0.011294328399170987,0.002112262855960552
relevant_start_5,5,decoder_cross_attn,2,100,-0.0052272046708340255,-0.010615027356716775,-0.010758262951645224,-0.023072746396064735,-0.015635285377502396,0.007330075484715257,0.01059468605190585,0.010437072926838384,0.03526178674419432,0.014846390897478226
relevant_start_5,5,decoder_cross_attn,3,100,-0.00043470526027009917,-0.0019400631318764305,-0.002269856665520471,-0.0033172953128814803,-0.002904428839683522,0.005726277419828626,0.006982372905586754,0.006699774254321899,0.0281091672223886,0.008518550104023519
relevant_start_5,5,decoder_cross_attn,4,100,0.011290457452765454,0.014595259455817062,0.010993077269271711,-0.05981118530035015,0.02069344550371166,0.010700297535056632,0.014552833243707318,0.010919451563940103,0.04966178948790172,0.02018090370654072
relevant_start_5,5,decoder_cross_attn,5,100,0.0026736456479830506,0.001979190245014743,0.0016452510639327514,-0.026551006436347932,0.0036362522840499628,0.004562778293283702,0.005040875193103099,0.004882980195655006,0.02434980718585493,0.007263106205122022
relevant_start_5,5,decoder_cross_attn,6,100,0.0016380231907831902,0.0021990746041215888,0.0013406186533889079,-0.012012257874011962,0.0030794826149940224,0.00308491978800725,0.0033506730784035503,0.003012040312103962,0.010978281145524888,0.003998101337830811
relevant_start_5,5,decoder_cross_attn,7,100,0.008455472572156654,0.008043793477821441,0.007118131712048891,-0.07250024855136868,0.013345322906970944,0.008596227798443438,0.010524911303322277,0.010134113683578111,0.0517380010767338,0.015713086400372275
relevant_start_5,5,decoder_cross_attn,8,100,0.002010427514357561,0.0030959088127338343,0.001879538446847807,-0.032883217632770495,0.005566739439964266,0.003443405219673376,0.0035663516209716454,0.0034064524645585326,0.018081931177230334,0.008798995393548099
relevant_start_5,5,decoder_cross_attn,9,100,-0.001621331656393199,-0.001370582746204837,-0.0019545366317513394,0.0036403143405914253,-0.001480064094066613,0.0041641348711804775,0.004051120924686282,0.0041642288755951475,0.018298660419931383,0.005283135469555475
relevant_start_5,5,decoder_cross_attn,10,100,-0.004512066325859935,-0.003544596142609945,-0.00561815765204612,0.11917416125535961,-0.0030622884631156784,0.011996503000582292,0.013143694652040058,0.01268131009267821,0.08324286025541981,0.02492661372841549
relevant_start_5,5,decoder_cross_attn,11,100,-0.0018314284624491065,-0.0025432229239819282,-0.0030474128856797984,-0.004532375633716578,-0.003076573908328999,0.00440276400574921,0.005508441197808117,0.005103716178683576,0.019135091078178422,0.007206911729983761
relevant_start_5,5,decoder_self_attn,0,100,-0.0014508005659738886,-0.0018536082331232992,-0.0019559832416150406,0.008138675391673992,-0.0021659293770789814,0.0014621384182172035,0.0017173547740606512,0.001670100867247993,0.005529360516969505,0.002085400437504353
relevant_start_5,5,decoder_self_attn,1,100,0.001848816988051286,0.002325199752067303,0.0017866587846072609,0.0021325674653053096,0.0031017875671386207,0.0009626829911894341,0.0010324378046134392,0.0009253380144601608,0.005338295092124427,0.0015415230904081319
relevant_start_5,5,decoder_self_attn,2,100,0.00025438965341736475,0.00031369855967393166,5.338316078834807e-05,0.00776265889406201,0.000691526234149914,0.0015977510150399917,0.001647618071629355,0.0016673086869082544,0.006257557702079287,0.002338495171126158
relevant_start_5,5,decoder_self_attn,3,100,0.010390821819139352,0.010585524112062785,0.00961629110277695,-0.08980181366205212,0.015293201804161034,0.007384661571200396,0.008018649322690445,0.007523137587526449,0.0537512538542419,0.013327416210285747
relevant_start_5,5,decoder_self_attn,4,100,0.014843095303497835,0.016634566683976143,0.014204985088520295,0.019153074920177437,0.019725929498672443,0.012433297370059477,0.01413436552486137,0.012571207120589165,0.026184586854000925,0.0145392537665312
relevant_start_5,5,decoder_self_attn,5,100,0.0005383994048501886,0.00038404953848795287,0.0001857958394424921,0.008143975436687429,0.0003301274776458572,0.0016505783679336297,0.00153067261886608,0.0016107858672411782,0.007757981770432211,0.0017973729834399013
relevant_start_5,5,decoder_self_attn,6,100,0.0015993417546947427,0.0019337482194398431,0.0015279036534106508,0.009147351384162861,0.0022942933440208034,0.0015342474511585308,0.0017603665153749055,0.0015274987177623881,0.007037825209053181,0.0016468018604937794
relevant_start_5,5,decoder_self_attn,7,100,-0.0026091632723208077,-0.0023961832628455995,-0.00282426359774946,0.010780690610408756,-0.0038640001416206052,0.002239958185022884,0.0024827715111687314,0.002348718317152739,0.009707528111137963,0.004048550739829121
relevant_start_5,5,decoder_self_attn,8,100,0.0006617465439067442,0.0007400618004037035,0.0005382076879338246,6.526917219161977e-05,0.0008768779039382646,0.0010175742090363718,0.0009411531946899791,0.0009548036325943137,0.004528734583313431,0.001157035721783029
relevant_start_5,5,decoder_self_attn,9,100,0.0009101644559351427,0.0008299060575802594,0.000661893986467618,0.003200266063213333,0.000963748097419709,0.001225677396325591,0.001289034472909439,0.0012340972202261099,0.006046283520870856,0.0015523693338156171
relevant_start_5,5,decoder_self_attn,10,100,0.0029184240181379085,0.0026339634095378112,0.001931561864282361,-0.07716673433780667,0.006189700961112959,0.006663055599392389,0.007897486452340409,0.007359232457654292,0.04034344493753068,0.012303456445795818
relevant_start_5,5,decoder_self_attn,11,100,-0.0008166277929970325,-0.0009920017796689854,-0.00108815204667531,0.0031826061010360607,-0.0012415903806685955,0.0007149175525999609,0.0007455150700937086,0.0007248927145091982,0.007339671210441408,0.0008598396342147614
relevant_start_5,6,decoder_cross_attn,0,100,-0.009553956532054843,-0.012256415820951187,-0.013241782294409404,0.029069477319717395,-0.017282102406024905,0.015962666909116307,0.01608810749115314,0.015536213280440607,0.05999112850374324,0.02047098762531317
relevant_start_5,6,decoder_cross_attn,1,100,0.0030320762768817726,0.003537412884710518,0.0025952720671312698,0.028485195934772466,0.005239650905132268,0.004875115851802777,0.004503617168398972,0.004585412480387862,0.03451637281505169,0.00908594462159421
relevant_start_5,6,decoder_cross_attn,2,100,0.0005554463912391085,-0.00021496123211227195,-0.0013075258842225068,0.036258921325206736,-0.0010187688469886712,0.00841175296047677,0.010583390726567938,0.009639706019402243,0.05348695109459726,0.013668717773820897
relevant_start_5,6,decoder_cross_attn,3,100,0.009650910516668665,0.012022310569664766,0.009560213826897668,-0.017450991868972737,0.015768574774265246,0.007040696390788879,0.009077271013675791,0.007109360591415543,0.01669728986310202,0.011979400823219251
relevant_start_5,6,decoder_cross_attn,4,100,0.005738224218690402,0.0065751396420675986,0.005563583768975112,0.027892763316631267,0.00910492956638332,0.004953200701844849,0.005213639230008926,0.0049395446405087855,0.0183193349226544,0.007154614201760955
relevant_start_5,6,decoder_cross_attn,5,100,-0.0016219507203393854,-0.0014787320026562773,-0.0025622047589581487,0.0523464128375053,-0.001028199791908256,0.007281990657828489,0.008442604314767881,0.00809762136522459,0.03746441039456599,0.01041148411705592
relevant_start_5,6,decoder_cross_attn,6,100,0.007519966093684719,0.009194996337399427,0.007354800119673686,-0.04182084888219829,0.012602438330650287,0.006562196948853549,0.008291866842186605,0.0067188100960447585,0.02884115550870834,0.011184634090209832
relevant_start_5,6,decoder_cross_attn,7,100,0.021307948760519668,0.023044137733760434,0.01917094505230396,-0.15270061910152433,0.03777396053075787,0.0165601338897535,0.02021759246654015,0.017680103796170875,0.11982788029011844,0.03846063237412994
relevant_start_5,6,decoder_cross_attn,8,100,0.006301071557132927,0.007188423626123906,0.005833995728941853,0.023644953072071054,0.010343416929244951,0.0051100040157151996,0.005641245402271328,0.004946873742047892,0.03575197736986757,0.0091801261780492
relevant_start_5,6,decoder_cross_attn,9,100,0.017389020150396683,0.018079753237654615,0.01656117702913771,-0.07208799153566357,0.025263181924819897,0.00887090350710572,0.009821905145389427,0.009163902157323246,0.04974886446498197,0.01672438322418354
relevant_start_5,6,decoder_cross_attn,10,100,0.005660583479720765,0.006221667372724425,0.0050833130727549625,-0.09256818443536755,0.009568216204643206,0.0050124849624952755,0.00605778508602229,0.005526236129131187,0.04868770208465334,0.008562602462996753
relevant_start_5,6,decoder_cross_attn,11,100,0.0037874069196135794,0.0041135201718979055,0.0035846402367833946,0.010556874871253945,0.00525522023439403,0.003427291813741697,0.0037502248964344977,0.003399862902511661,0.01320267543321318,0.004618384630055126
relevant_start_5,6,decoder_self_attn,0,100,0.0025329713656299024,0.0029154814106190567,0.0019394385261406882,-0.07473926514387126,0.006225756704807254,0.004102576764397038,0.00501355056803978,0.004467322355850123,0.037534020892592,0.009532272037750053
relevant_start_5,6,decoder_self_attn,1,100,0.0014631200149539533,0.0014269796279106578,0.0011925393499275403,0.004640129208564741,0.0019758400321006463,0.0016192290130255655,0.001859853758350152,0.0017137297518055221,0.00954082507699332,0.0024156476953199942
relevant_start_5,6,decoder_self_attn,2,100,0.0013418617090804343,0.0009705313917833469,0.0008359204517656059,0.005975991487503019,0.001171757578849777,0.001635694083135491,0.0019665021109129955,0.0017682182225761298,0.005836847527636266,0.002210635749573965
relevant_start_5,6,decoder_self_attn,3,100,-0.001175789956097456,-0.00011877100302063189,-0.002443100402801554,0.11985879808664318,-0.005005500018596641,0.01221388514769671,0.014888772659517045,0.012992920333924034,0.06950711095212032,0.01999379866052918
relevant_start_5,6,decoder_self_attn,4,100,0.003226104852953818,0.0022352532865177635,0.0020646783440813176,-0.019482682645320847,0.003439445495605459,0.007675393105584852,0.007490288966369209,0.007388704557683925,0.013408985458009648,0.009310437428982908
relevant_start_5,6,decoder_self_attn,5,100,0.003194430517441852,0.0031674850157242533,0.002827227280840316,-0.01475905984640119,0.004810355007648422,0.0020915012771701427,0.0022636394566856663,0.0021797492806400615,0.015320183878049043,0.00435885629109995
relevant_start_5,6,decoder_self_attn,6,100,0.0024503126781340355,0.0025860918746103013,0.0022778472689426238,0.016017494797706568,0.003322179913520764,0.0017226676792141812,0.00201376253096011,0.0017733787538284382,0.012557931560312978,0.002247699629772167
relevant_start_5,6,decoder_self_attn,7,100,1.8828485543546358e-05,6.612920921177723e-05,-0.0004549702585195581,0.00958529025316237,0.00012356042861937794,0.004399629980386695,0.004166472027998361,0.004362034663507576,0.01339344054788035,0.005473652378951546
relevant_start_5,6,decoder_self_attn,8,100,-0.0004597440387794963,-0.0004110983841860428,-0.0007095967328765208,-0.014000505208969076,-0.00034287691116332035,0.0018626260338174714,0.0019151462149026054,0.0019036479578400357,0.009086389448570688,0.0024149522084317104
relevant_start_5,6,decoder_self_attn,9,100,0.001698675735942977,0.0016920698696389373,0.0013122628626400599,0.022182873487472495,0.002751613557338693,0.0025426593558667532,0.0026744556194082986,0.002557958979168774,0.013049750963304584,0.005071657517805078
relevant_start_5,6,decoder_self_attn,10,100,0.0019592227544601016,0.002249589056859835,0.0017598244459735071,0.0051007223129272295,0.002715837657451594,0.0019396234222847726,0.001988385662069719,0.0019024251784170638,0.008611566254244054,0.0021725822508995027
relevant_start_5,6,decoder_self_attn,11,100,0.0003207158474170809,0.00029960198494864373,0.00011286542358051316,0.015128741264343232,0.0003509664535522388,0.0013977259249720016,0.001514109131213946,0.0014207365287429701,0.010268814489126603,0.0017685334615699358
relevant_start_5,7,decoder_cross_attn,0,100,0.0020345814121178595,0.002121216519457102,0.001596365382393083,-0.024451655149459794,0.0031598699092864678,0.0025820496152688124,0.003260267407159767,0.0027882213126651048,0.017809325602297338,0.004263533291931044
relevant_start_5,7,decoder_cross_attn,1,100,0.002539789775428928,0.0033224076254975863,0.0018614074800357453,0.09425562292337414,0.004845459759235368,0.00951606473661653,0.010045090401165177,0.009759733463412702,0.04080923189621276,0.012996345170484232
relevant_start_5,7,decoder_cross_attn,2,100,0.011638632399621313,0.012762355495563198,0.011320796440594598,0.014690217673778516,0.017370716929435683,0.007130809080828116,0.007563936381076138,0.007067316425522057,0.027556677219994045,0.011803447039516423
relevant_start_5,7,decoder_cross_attn,3,100,0.01711037563695546,0.01658179921087697,0.01417222140850416,-0.07850551873445509,0.029171532690525016,0.01640814390706409,0.014032631911557833,0.014528525329086307,0.10546494595257108,0.034939542394394285
relevant_start_5,7,decoder_cross_attn,4,100,0.005483219740275062,0.00557223680128017,0.004995304515782704,-0.03327945500612255,0.00799949258565899,0.004660538195698364,0.005376456342217185,0.004990575201167262,0.02843644521589609,0.007311928028677201
relevant_start_5,7,decoder_cross_attn,5,100,-0.0006171438318801739,-0.0003125114742395191,-0.0017388039167481658,-0.00886167347431181,0.003706009089946746,0.011475673488696185,0.011077587316713404,0.010673918579399177,0.03842268305776751,0.018917813181905566
relevant_start_5,7,decoder_cross_attn,6,100,0.005790398230073451,0.005391984577287564,0.004317138655235852,-0.0490015888214111,0.009166704416274991,0.007453084544344831,0.009425496369951377,0.008919576587413618,0.048541780850527044,0.012170654116133663
relevant_start_5,7,decoder_cross_attn,7,100,-0.00038233462602854906,-0.0003855000641894939,-0.0008107166963358546,-0.020687309205532044,0.00013117998838425236,0.0033888169643049343,0.0035209029638491648,0.0035004593246990077,0.019932929211271554,0.0038057566800837562
relevant_start_5,7,decoder_cross_attn,8,100,-0.0008639448847273311,-0.00080445655214592,-0.001197382191822643,0.005238018631935106,-0.0010618567466735692,0.003933656457129428,0.004018531342163024,0.003898665792158173,0.015507475467802139,0.0042867736237042825
relevant_start_5,7,decoder_cross_attn,9,100,0.002441761236249377,0.0021694204669011397,0.0015550501484234156,-0.022066129744052854,0.0036310109496116446,0.004073780581437188,0.004070418499942636,0.003865744014718254,0.024732897992633847,0.005927989627010492
relevant_start_5,7,decoder_cross_attn,10,100,0.0002545559135214884,0.0002826605128323431,-0.0004515054997275357,-0.0321946275234222,9.925812482833296e-05,0.0065357278379305815,0.006572802600178665,0.0064582829443243514,0.02577639168903255,0.007319591648982668
relevant_start_5,7,decoder_cross_attn,11,100,0.005560406025387931,0.00577049107685582,0.005012813861059867,0.008145811557769755,0.00804417312145229,0.004613105324410378,0.005205803495666263,0.004615552168138332,0.015369929646320923,0.00677344624959733
relevant_start_5,7,decoder_self_attn,0,100,-0.0014342062624144495,-0.0015282068789130834,-0.0021956179191194793,0.057525971531867955,-0.00247353076934813,0.005289225959320161,0.005400912709493915,0.005356758397206788,0.04660511636594522,0.009394847031719548
relevant_start_5,7,decoder_self_attn,1,100,0.0043409132284773925,0.004398762904019845,0.0039178578043396065,-0.011505098938941923,0.006422154605388599,0.00197023861681974,0.0026020186065154115,0.0021605473800559052,0.00954565102772678,0.004828906297496776
relevant_start_5,7,decoder_self_attn,2,100,0.002445702313174124,0.0026280745020065177,0.0021759839568235516,0.0016652595996856602,0.003744021952152208,0.00172891227159036,0.0020389676797794667,0.0017572565277096035,0.006767903668815454,0.0033720244679761933
relevant_start_5,7,decoder_self_attn,3,100,-0.002462399300616465,-0.0033769950364265725,-0.0038270083343338486,0.022752462029457063,-0.005720848143100722,0.007213332372389913,0.007821242803416437,0.007510872814611046,0.026157763233406323,0.011351865483090327
relevant_start_5,7,decoder_self_attn,4,100,-0.002955256123853895,-0.003272664543378456,-0.003578420288661224,0.02057913452386852,-0.004944699704647021,0.001997418193970611,0.002230118596301341,0.002108073643232738,0.014310473782327339,0.00427641969153511
relevant_start_5,7,decoder_self_attn,5,100,0.00843450736802861,0.009177137435199056,0.007954394355142653,0.020215068161487538,0.012229946255683846,0.004802715027458959,0.00478826430240175,0.004718674188544605,0.022095439858621477,0.0076422078007848514
relevant_start_5,7,decoder_self_attn,6,100,0.00028259779671160515,0.00016651622766335777,-2.143515320492311e-05,0.019034515023231464,-0.0003019750118255601,0.0022972890599020305,0.0021792937495286936,0.002245871290359895,0.012729778237020022,0.0027231680198434873
relevant_start_5,7,decoder_self_attn,7,100,0.006577938150554882,0.006461209358684031,0.006001377216720485,0.01759256720542904,0.008581418693065598,0.0037649952764762925,0.003818193150771819,0.003755740314418775,0.014383993811642386,0.0058700651650876795
relevant_start_5,7,decoder_self_attn,8,100,-0.0007466756050483478,-0.0006752714760617225,-0.0010195665034199632,-0.011722429394721946,-0.00029826343059538547,0.0020527297394310803,0.0019861607590719236,0.0019953933834071496,0.00913071981450174,0.002808691076864027
relevant_start_5,7,decoder_self_attn,9,100,0.015193573416139331,0.015534012553960853,0.013891711168388691,-0.17683180451393124,0.024269598424434616,0.008267490758032533,0.009850756391298666,0.008959160495970725,0.09756715180009645,0.019686854778148376
relevant_start_5,7,decoder_self_attn,10,100,0.005622880166677616,0.006887646837122808,0.0052623233808333884,-0.005807122886180869,0.010526112616062127,0.0030517524742546672,0.0031610205352945067,0.0029111692236958556,0.01793396709812815,0.007938780254090817
relevant_start_5,7,decoder_self_attn,11,100,0.0005647643600770733,0.0007546483166176872,0.00037603861688245173,0.0070360627770423715,0.0009764990210532939,0.0017384812277922504,0.0018853438279893917,0.0017214895660594548,0.010248937418212669,0.0021768451138234474
relevant_start_5,8,decoder_cross_attn,0,100,0.0049916424310848225,0.003870489728589971,0.0030929932466516037,0.024357852041721317,0.007818742990493755,0.007049376886206361,0.007634245878281466,0.007346250933949377,0.024759934583116785,0.013394991205621001
relevant_start_5,8,decoder_cross_attn,1,100,0.016465667149916475,0.017591486171745847,0.015502039385950527,-0.06698011666536328,0.027655877172946885,0.013568854190842678,0.014289924921550564,0.013302003323334392,0.05780107488376109,0.028458217217195506
relevant_start_5,8,decoder_cross_attn,2,100,0.007198302060412843,0.00920474121834232,0.006995611152685765,0.05518735140562054,0.013328867256641352,0.010024689168337814,0.010290414658149057,0.00995349878796708,0.05382681379293763,0.015486888399406606
relevant_start_5,8,decoder_cross_attn,3,100,0.014554438319462334,0.01507596000398877,0.013770697014050436,-0.09296648025512692,0.024793665111064872,0.009016879780031831,0.009819072099872912,0.009099279602148458,0.05659277049373326,0.02562345478848698
relevant_start_5,8,decoder_cross_attn,4,100,-0.0031999302168531692,-0.0007886407869072424,-0.0038105624944466854,-0.08975065886974332,0.001698391139507296,0.00794681954600045,0.007799688104501904,0.007542473519169201,0.051396486848458475,0.014077004604733228
relevant_start_5,8,decoder_cross_attn,5,100,0.0046599415182446,0.004712407313649418,0.003919621711924341,-0.013457365334033931,0.007546565532684302,0.005978972944986949,0.006105115151284939,0.005818447237535835,0.014308755601308489,0.008528459873768124
relevant_start_5,8,decoder_cross_attn,6,100,0.0013282574539299494,0.001168598522969174,0.000968667282762496,-0.003982196450233454,0.002023994624614687,0.003288164517185835,0.0034402535861823274,0.003407446376450862,0.013320708307427192,0.004353724790107896
relevant_start_5,8,decoder_cross_attn,7,100,0.04226292179711752,0.045334361152360975,0.0395236769238502,-0.13942427173256872,0.06754049777984615,0.03689198981135532,0.04131427538387507,0.03784024807409588,0.17697364076834585,0.06160047804247112
relevant_start_5,8,decoder_cross_attn,8,100,0.0035751443568454084,0.003726773914052875,0.002558243373449542,-0.003147301375865932,0.005936942696571339,0.013026144677987357,0.014561905667238242,0.013700348621888585,0.04830381210380889,0.018138718267583575
relevant_start_5,8,decoder_cross_attn,9,100,0.010187731090707183,0.00932064184504896,0.008811479970364829,0.026209383308887457,0.014205655157566029,0.009067728659467759,0.008207995921167704,0.008063490069256557,0.029199911431532107,0.015545433629181935
relevant_start_5,8,decoder_cross_attn,10,100,0.0050481204515818315,0.005389917125454658,0.004543649721083883,-0.03785257697105405,0.00845333546400067,0.004415095429823263,0.00494301251083921,0.0044795514891389256,0.038483820754172164,0.00836816832950816
relevant_start_5,8,decoder_cross_attn,11,100,0.004687568100587479,0.00475007313718338,0.003903217707733032,-0.05424921512603756,0.008631170392036414,0.006472383070351058,0.0065167873679660366,0.006327507731764993,0.040173428038710934,0.011225612842469018
relevant_start_5,8,decoder_self_attn,0,100,0.0179133408623445,0.017292470337152283,0.016216941080712307,-0.1141729292273521,0.026013443470001178,0.009525213137024124,0.011305879051318978,0.010427457273982059,0.0760137882148078,0.02087628387646358
relevant_start_5,8,decoder_self_attn,1,100,-0.005624818195436515,-0.005689197921035925,-0.006237047270686794,0.030986629724502522,-0.00790787845849987,0.003907284033817644,0.004640281643632867,0.004410988731382616,0.022997269710942646,0.007112177926457469
relevant_start_5,8,decoder_self_attn,2,100,0.006432568368126029,0.00614184245991091,0.005462536156381414,0.022921611666679352,0.009086470901966053,0.0047154368351258365,0.004509193469469065,0.004411947435329349,0.028726702388289022,0.00964302298393692
relevant_start_5,8,decoder_self_attn,3,100,0.012028351791297253,0.01123654948846882,0.010558717557827795,-0.02781838774681088,0.017039358615875203,0.007857414125445687,0.008238027363518722,0.00799072174481257,0.033142036060483285,0.01514962019792022
relevant_start_5,8,decoder_self_attn,4,100,0.007933526997555269,0.007500195047539496,0.006763155587940543,-0.07592450022697446,0.010188181698322266,0.007846612948991643,0.007923442009677803,0.007641877538229839,0.05929549110568463,0.01084775650580446
relevant_start_5,8,decoder_self_attn,5,100,-0.003633233835435066,-0.0029208623113287572,-0.0037943864894389896,0.01577148079872127,-0.004145502448081937,0.0032539008064213087,0.0031982161974362278,0.0032811001829055057,0.011965881843609583,0.00458493954862892
relevant_start_5,8,decoder_self_attn,6,100,0.0010855158595338974,0.001222097105027209,0.0006818575448353945,-0.013822594285011274,0.002040278613567336,0.002732202424947488,0.003061872390838539,0.002808495617485052,0.020811564568562563,0.0037419389141207684
relevant_start_5,8,decoder_self_attn,7,100,-0.00375828050781105,-0.004285768269971605,-0.004564563738367831,-0.002365391254425042,-0.005937948524951891,0.00225666430871116,0.0027867849050977334,0.0026901082341108263,0.01281992508439267,0.004356225259848845
relevant_start_5,8,decoder_self_attn,8,100,0.001060492085229011,0.0012591668210215753,0.0008817797299343264,0.02707110375165935,0.0014384543895721302,0.00266959687938145,0.0027497129537333675,0.0026506555885767447,0.016044729427273266,0.003052237304174443
relevant_start_5,8,decoder_self_attn,9,100,0.0017019329466629676,0.0019899662795049263,0.0014107979565293363,0.01526105016469952,0.0029608699679374378,0.002130084966187962,0.0021514871060089903,0.00201467403822447,0.013745226739653317,0.0034587265338855513
relevant_start_5,8,decoder_self_attn,10,100,-0.005185946905256136,-0.004804901341918702,-0.005738152887130132,0.02687561482191083,-0.007329982519149744,0.0039263888139229285,0.0047728473544388,0.004218672603782475,0.028202659320126194,0.008304565639081394
relevant_start_5,8,decoder_self_attn,11,100,0.0018066195535150268,0.001919532177519285,0.001536780441404232,-0.017544266879558526,0.0030058786273002213,0.0017281114727945854,0.0018737443858038473,0.001752341472227607,0.011347559654971818,0.0031090380112493298
relevant_start_5,9,decoder_cross_attn,0,100,0.002318218981360853,0.002789178254372809,0.0016599554161957847,0.01685618609189985,0.005042061805725079,0.005153299493467453,0.005668241301583216,0.005134291580632871,0.023264390969563908,0.010221387329225144
relevant_start_5,9,decoder_cross_attn,1,100,-0.005520208501536483,-0.003631869553965063,-0.005825444074873113,0.059634088575839954,-0.002770264446735383,0.013227874571918822,0.012332720140418208,0.013116509071150573,0.04062809611947292,0.017001464343808163
relevant_start_5,9,decoder_cross_attn,2,100,0.09938358727763276,0.10208725846300344,0.09499238571664315,-0.03528441071510314,0.14437066555023192,0.14054314293251058,0.14413702093924374,0.14011901391762555,0.2562612513794904,0.18746200058946486
relevant_start_5,9,decoder_cross_attn,3,100,0.004454177426199735,0.006058184338446124,0.003881868870717576,-0.05057880073785778,0.00915045529603955,0.010648227579664,0.011195705870419646,0.010894160037679401,0.037685316910065075,0.011815206602309515
relevant_start_5,9,decoder_cross_attn,4,100,-0.005182720790102184,-0.0029080764289117172,-0.005803059251897883,-0.0030963510274887003,-0.000819189548492417,0.008129953400291896,0.008811876643389335,0.007919739012564273,0.03391153735473863,0.015717880175528724
relevant_start_5,9,decoder_cross_attn,5,100,-0.002494588867758002,-0.0021791139378773,-0.002983403754190997,0.004711304306983935,-0.0015093874931335375,0.00430209377898729,0.004767915480454705,0.004539113071357285,0.012934995964393728,0.006335570302013734
relevant_start_5,9,decoder_cross_attn,6,100,0.000774664670283452,0.0011005516393052669,0.00022328054933627,-0.006895955801010109,0.0021271944046020296,0.0043772379828212185,0.004332596476313041,0.004307267487694132,0.009943476941960459,0.006318993060733435
relevant_start_5,9,decoder_cross_attn,7,100,0.010615304942821795,0.011495968708633859,0.009377655678514913,-0.06402987837791439,0.022307693064212764,0.011139144593921372,0.011723968522821192,0.010165657762698942,0.04618006174814808,0.031278147248559394
relevant_start_5,9,decoder_cross_attn,8,100,0.01070384646520012,0.01174379992383734,0.009060335210542579,-0.07247274786233898,0.022357540428638432,0.014386395567190414,0.014147613363263176,0.012733944025095563,0.07280955292319756,0.03381368676106052
relevant_start_5,9,decoder_cross_attn,9,100,0.00699034183756165,0.00839122078612508,0.00616689696774789,-0.018487522900104515,0.014627574384212465,0.008865748681830217,0.008938465485390545,0.008140133025894098,0.06144287122020568,0.02059673969217868
relevant_start_5,9,decoder_cross_attn,10,100,0.0011497578763234899,0.0016369193449482,0.0007307686395215576,-0.03221635520458217,0.004200257658958417,0.005582993818223546,0.006203504618731914,0.005736750309606762,0.02969047558799604,0.008991375655111622
relevant_start_5,9,decoder_cross_attn,11,100,0.030737418956539152,0.03190044460937585,0.028073830956010463,-0.09678881615400313,0.05392439782619473,0.02762127313319614,0.02789722542194383,0.026760797257146217,0.1360024182302866,0.06480339409291577
relevant_start_5,9,decoder_self_attn,0,100,0.011886706712419417,0.012600282354107166,0.011451689361899452,0.028387529850006085,0.018205421566963146,0.00613590883925006,0.005589235729409527,0.0057393251782652975,0.03865130706234065,0.014307335052882852
relevant_start_5,9,decoder_self_attn,1,100,0.0016847744481489654,0.0017372919180476216,0.0011894861447759944,0.01950661212205885,0.0029679977893829097,0.002839340319403315,0.0027225953088219216,0.0026880683180113565,0.0216302388394625,0.0049155236135644655
relevant_start_5,9,decoder_self_attn,2,100,0.002511787880595421,0.002759972806306228,0.00208601733431789,-0.010630867779254888,0.0048765638470649394,0.0036485674454754032,0.003337640634780675,0.003347955889770122,0.01503541577625453,0.00643887118435505
relevant_start_5,9,decoder_self_attn,3,100,0.015836410241401786,0.014602585130758659,0.014271464727802828,-0.07051192343235015,0.02085588306188579,0.007807478392663619,0.007724107635726728,0.007716748338417466,0.06655370985052295,0.014175932616194173
relevant_start_5,9,decoder_self_attn,4,100,-0.005560424231574684,-0.005893751974138605,-0.0072593582839285175,0.06811100214719769,-0.010479510426521272,0.006585875386463344,0.007284342779008459,0.006697156621282864,0.0528063962568759,0.013363864373880105
relevant_start_5,9,decoder_self_attn,5,100,0.004654299723443073,0.003663558348207105,0.002958517746861575,-0.11021143972873686,0.006583021581172927,0.009309917791114678,0.009998205243493324,0.009742359222459617,0.08575072801478038,0.01319747950345665
relevant_start_5,9,decoder_self_attn,6,100,-0.0008553736082031373,-0.00028353220190336905,-0.0010892587261073692,0.045717381238937344,-0.0002203118801116938,0.00426816204528862,0.004392953057599443,0.004261812077954269,0.02655079073250722,0.005510713973753968
relevant_start_5,9,decoder_self_attn,7,100,0.00945898546292516,0.009867775613324073,0.008991082051128436,-0.0052041199803352246,0.013507244884967753,0.005268764171545464,0.004978401702463721,0.005064810607952729,0.018309064200177933,0.008091793958981368
relevant_start_5,9,decoder_self_attn,8,100,-0.004050523812746833,-0.003360309857011027,-0.004546801511292295,-0.07175156533718106,-0.0031095442175864962,0.007992888073256328,0.0071288516401803136,0.007770972252946522,0.06808338125331934,0.007307545377700165
relevant_start_5,9,decoder_self_attn,9,100,0.0033173205478971403,0.0030608539159251223,0.002680211116490886,-0.03622502267360683,0.00482858926057813,0.0036932383276311945,0.003823835151102838,0.0036603669633712426,0.027292927587858416,0.005981813791014503
relevant_start_5,9,decoder_self_attn,10,100,0.0021362571511228533,0.00199951316857776,0.0014289166880991327,0.027006195485591862,0.003312460482120493,0.0035795962358055535,0.003848314925439472,0.0037652806208471916,0.028708125493654327,0.005859138966125034
relevant_start_5,9,decoder_self_attn,11,100,-6.91994652010625e-06,0.00035745268090542007,-0.0001955879163053304,0.013414929807186102,0.0007697540521621654,0.0024756781678851683,0.0024865279182172432,0.0024900806216263034,0.013879686144675043,0.00370373364796954
relevant_start_5,10,decoder_cross_attn,0,100,-0.004269812461511168,-0.007644137714018995,-0.011950140427525822,0.22189653784036634,-0.004602183401584614,0.060240861199899576,0.06210614009878455,0.05980001854688786,0.17000569078194486,0.0781978447457168
relevant_start_5,10,decoder_cross_attn,1,100,-0.005333256640763771,-0.005296614203776704,-0.005599752108877945,0.028948741257190668,-0.005811066329479183,0.005978300865069986,0.006248617453241693,0.006181238486155848,0.02272571005798511,0.005825070663032832
relevant_start_5,10,decoder_cross_attn,2,100,0.005866843486247877,0.006129931838485012,0.005484628871132875,-0.002981349527835841,0.010009421706199612,0.005746017047496734,0.006225197732962004,0.005801722187755507,0.02254901874252227,0.012803723938923572
relevant_start_5,10,decoder_cross_attn,3,100,0.008648173828577277,0.009513411333002647,0.00838530231335747,-0.006294569373130808,0.0132197186350822,0.006802200834536038,0.007206885894733313,0.00678749423708325,0.03179687736085373,0.010701366607228235
relevant_start_5,10,decoder_cross_attn,4,100,0.0010245877292780375,0.0010911043609545315,0.0007479841018958083,0.06619362831115719,0.0019257602095603822,0.0042240622702646915,0.00414654032331154,0.0042312335612221235,0.02986489817076783,0.005365137021816584
relevant_start_5,10,decoder_cross_attn,5,100,0.004056762161215478,0.003774868031666248,0.003636571066003715,0.026937547624111127,0.004893358051776845,0.004018592536784838,0.0036965558051179946,0.0037491111989895864,0.012622716592423476,0.004175749401203045
relevant_start_5,10,decoder_cross_attn,6,100,0.010824048302816865,0.011318153172799612,0.010517296244901737,-0.040581359565257984,0.015545558929443313,0.007208223013658939,0.007208402311512611,0.007059764644030934,0.02751140257106752,0.010339468769349961
relevant_start_5,10,decoder_cross_attn,7,100,-0.0014069855014305689,-0.0013400048814366826,-0.0016074712987906691,0.013804874718189199,-0.0014311769604682804,0.002556664889980761,0.002766519055886443,0.0027299759259590594,0.01229805471775569,0.0031666687982206
relevant_start_5,10,decoder_cross_attn,8,100,0.003784033448305144,0.006526788947588581,0.0034926014049931724,-0.01566561639308929,0.014577805101871478,0.014099287457412558,0.014634284258354202,0.01390939928854569,0.05823329888432782,0.029211920198563522
relevant_start_5,10,decoder_cross_attn,9,100,-0.00011707994024131593,0.0015066885347696005,-0.00032289267670604187,-0.007583655416965477,0.005215776562690718,0.010589259500145538,0.010298270789220866,0.010424292900414314,0.02650054928539487,0.01686041613487009
relevant_start_5,10,decoder_cross_attn,10,100,-0.008082499231091356,-0.007620926564260099,-0.008290926184426024,-0.055520040392875634,-0.009548590183258016,0.007928277470862881,0.007938658187163205,0.0080003349309133,0.03289394401337097,0.00982422977625305
relevant_start_5,10,decoder_cross_attn,11,100,-0.009849665745825905,-0.008531476022544077,-0.010486091341320026,-0.22437989801168437,-0.011368126273155199,0.017187385739955586,0.015699978657445803,0.016711546682710098,0.11844528698664607,0.020083464578902
relevant_start_5,10,decoder_self_attn,0,100,0.003735736917948434,0.0032371455133094673,0.0027016444096024956,0.0012508872151374742,0.004825927615165682,0.0039142657485506565,0.004115762694403272,0.0039397573322571934,0.016779092188553685,0.007849865190450838
relevant_start_5,10,decoder_self_attn,1,100,-0.000774331840071439,-0.0003853607482655587,-0.001050350057220085,0.0006076338887214666,5.7557821273798986e-05,0.004700058007330674,0.0045975544333694655,0.0046516450138644316,0.01648889472640141,0.0059764929189945965
relevant_start_5,10,decoder_self_attn,2,100,0.007232385354295594,0.007466000869779632,0.006733584140534794,-0.002950331568717947,0.01115333348512645,0.00395325522890354,0.003990718565310277,0.003874246317974331,0.012262626583460005,0.008469129927779855
relevant_start_5,10,decoder_self_attn,3,100,0.016224190720176324,0.014847560145978817,0.014300922038092996,-0.09851982027292248,0.02000887393951413,0.01419714281504938,0.014181919982339558,0.014070014249166691,0.07727829375356209,0.018897670035484402
relevant_start_5,10,decoder_self_attn,4,100,0.0026846888224689703,0.0025946930693765973,0.0019719771765197296,0.035615987777709926,0.0038384667038917266,0.00582593271900829,0.006091078216012444,0.006123884503833185,0.027146098469558354,0.007896658653784997
relevant_start_5,10,decoder_self_attn,5,100,0.015182718413201644,0.016133059748643607,0.01437538950978504,-0.02802863985300062,0.02520955651998515,0.004579022195758563,0.005379830129959798,0.004598904999414867,0.03403663293895809,0.020471451352572737
relevant_start_5,10,decoder_self_attn,6,100,0.006980892228164709,0.006334957879082586,0.006053277815577326,-0.06700058490037915,0.01053521811962124,0.005592328535294994,0.0054415114181033146,0.005323261855036324,0.04514160214599293,0.011052504080976267
relevant_start_5,10,decoder_self_attn,7,100,0.016409482649716214,0.016417466575675575,0.015256989634871232,-0.0627610698342323,0.024163969159126237,0.007046361230547794,0.0074536421689905315,0.007172197824856061,0.048808482567356336,0.01760440796190593
relevant_start_5,10,decoder_self_attn,8,100,0.0011607111424562929,0.000434159370196108,0.00020721701262993035,0.022500956654548623,0.0006319117546081556,0.004899879873861963,0.004813610956321291,0.004814412742630527,0.031088247138612746,0.007106556377086474
relevant_start_5,10,decoder_self_attn,9,100,-0.004487691408723163,-0.0045350409618814,-0.005075305948603308,0.043040922284126246,-0.007124994397163358,0.004254459285622326,0.00427531553612775,0.004268530641583281,0.026672812186422347,0.00741301958185689
relevant_start_5,10,decoder_self_attn,10,100,0.0028861946172881008,0.002607640782021515,0.002213336473950418,-0.042279160320758805,0.004601950049400314,0.006683342712471718,0.0066482903857100935,0.006585792218109434,0.0448276787554361,0.009048166799781534
relevant_start_5,10,decoder_self_attn,11,100,0.0004034463848348629,0.0008324453218846093,9.129918906212439e-05,-0.020337873995304068,0.0024269008636474566,0.004236790814278931,0.004491044284881573,0.0042770380944680475,0.016613838472060778,0.008199983275210437
relevant_start_5,11,decoder_cross_attn,0,100,0.024679471218471007,0.026420469894951913,0.024602049997966124,-0.04825294137001034,0.033249684274196584,0.02136208720923371,0.02287819181085324,0.0214248081224583,0.047140173033277846,0.03017399695087279
relevant_start_5,11,decoder_cross_attn,1,100,0.010116039397034265,0.011455533391497984,0.010009555631811414,0.004846517443656909,0.01499596744775768,0.007966274195158878,0.008129438950240462,0.007935565969510611,0.017822807734204776,0.012524353213710865
relevant_start_5,11,decoder_cross_attn,2,100,0.02261275874557307,0.02402289229947282,0.0221845356891012,0.0032368877530097886,0.02898528248071668,0.030347915588912422,0.031962243954501986,0.030794795778322743,0.07018244109974543,0.040945684540888296
relevant_start_5,11,decoder_cross_attn,3,100,0.052642775473666595,0.053178122532709315,0.0516329148097471,-0.3106129017472267,0.07694057077169414,0.034440004290976906,0.03550741258496185,0.03466021093059578,0.18960636878497494,0.0688698947344611
relevant_start_5,11,decoder_cross_attn,4,100,0.0060303377310535365,0.006592353872672359,0.005990780658445113,-0.005001769959926595,0.008644683659076639,0.00481714068091172,0.00509800965999338,0.0048287394010975305,0.012226462986856857,0.006524370929103566
relevant_start_5,11,decoder_cross_attn,5,100,0.014190339018440377,0.01468017245084984,0.013854086270920028,0.023960493505001068,0.01638965010643003,0.02999710175978927,0.030430833564280918,0.030101073717944283,0.07954539863035708,0.03838559407987169
relevant_start_5,11,decoder_cross_attn,6,100,0.03307789666537335,0.03499625535408329,0.032993979534828785,-0.09759038031101225,0.04696024656295772,0.0213794687300715,0.02238996308981952,0.021432540452441546,0.09030424494079682,0.035366657548204894
relevant_start_5,11,decoder_cross_attn,7,100,0.014440097650045527,0.015536257509747442,0.014161581194779676,-0.06195739328861234,0.022156294286251023,0.010275135531888453,0.010989574309302015,0.010337094326273989,0.04651615856276727,0.01813327067230723
relevant_start_5,11,decoder_cross_attn,8,100,0.03953901261395753,0.03819948946084356,0.03765689389864797,0.007959898114204408,0.05338775336742397,0.022657387632174193,0.022683228462727717,0.022703752333307178,0.08224678675261277,0.03692446499230814
relevant_start_5,11,decoder_cross_attn,9,100,-0.003060246343401402,-0.002761381875039619,-0.0032399238542018386,-0.013903544247150386,-0.0027926594018935994,0.005304966003844315,0.00514190130359576,0.005344355486091961,0.012975836603840657,0.005839882834646624
relevant_start_5,11,decoder_cross_attn,10,100,0.002346167667086938,0.002571756960160557,0.002212720449616666,0.004035947620868666,0.0036640253663062826,0.004036602100219665,0.0040836646676539095,0.003960277048615312,0.00889633798216255,0.005213612805193311
relevant_start_5,11,decoder_cross_attn,11,100,0.04214635938800547,0.04339640324801347,0.04187499233828735,-0.20031546026468272,0.058750372231006584,0.026030832588416253,0.026979551076646943,0.026210058114637374,0.12838580229827107,0.03826464940865593
relevant_start_5,11,decoder_self_attn,0,100,-0.0018211744386152236,-0.0022075163517697193,-0.002439499224570317,0.03739322990179059,-0.00469841569662093,0.0052782092532925725,0.005553120556684478,0.0054817078408666816,0.025451249065855115,0.009833523484722141
relevant_start_5,11,decoder_self_attn,1,100,-0.006060609834873363,-0.005966436389392514,-0.006815286673135493,-0.017974110245704625,-0.006608908474445306,0.005279653998756396,0.006049241261203231,0.005418356747337763,0.021948690449952388,0.007382475459431596
relevant_start_5,11,decoder_self_attn,2,100,0.009880156676742274,0.009950102084521968,0.009483131682132799,0.01147692292928694,0.013294825255870779,0.005481676947162341,0.005861239045210054,0.005664448108252973,0.02027850759216088,0.00953307333885856
relevant_start_5,11,decoder_self_attn,3,100,-0.0011881064177530194,-0.002176381335134744,-0.0027365019450838433,-0.01493666648864745,-0.004543646872043594,0.015556733480150456,0.015360675170128143,0.01545364074802438,0.051771280217051976,0.01999399300203697
relevant_start_5,11,decoder_self_attn,4,100,0.0072915452759772315,0.0071550078671488325,0.006668344118227064,0.046277565062046014,0.007639430761337257,0.008265313114611338,0.00839873364087281,0.008349043644342765,0.02667334311752079,0.010533442316934058
relevant_start_5,11,decoder_self_attn,5,100,-0.000523069789937331,-0.0008319375356553118,-0.001243772946491861,0.05781124740839001,-0.0019594833254814037,0.0069662199090195385,0.006523756929591493,0.006798309701326676,0.034242713787417695,0.008547519031165997
relevant_start_5,11,decoder_self_attn,6,100,0.0060317431830483985,0.006351617381721532,0.005841767133079822,0.002203873097896571,0.009382865130901294,0.0036877550004483194,0.0038767474959714512,0.003764500213263933,0.021896208959832304,0.00736562748183322
relevant_start_5,11,decoder_self_attn,7,100,0.005412461711021345,0.004117990784528424,0.003733883008813935,-0.04458148628473279,0.008112232089042652,0.009530469106292117,0.008917289917665012,0.008680862090755567,0.04017414871164042,0.018566451946968245
relevant_start_5,11,decoder_self_attn,8,100,-0.0025221507057631132,-0.0026557273364797786,-0.0033264146047524605,0.10627303391695019,-0.005583604276180246,0.006120083241652175,0.006480945912880729,0.0069123577117570075,0.05859617189274274,0.011195340081417628
relevant_start_5,11,decoder_self_attn,9,100,0.0019092236197650332,0.0009938636108523542,0.0008907010137048317,0.03679183185100551,0.0008117526769637939,0.004650216365417906,0.004963647510180079,0.004959769583930531,0.024699400694816517,0.006451521874092851
relevant_start_5,11,decoder_self_attn,10,100,7.603592714086606e-05,0.0003490355587754661,-0.000298083380194662,0.08276523411273953,-0.001929662823677061,0.006451095667458397,0.006561426641273669,0.006615972621699412,0.047734922775405295,0.010057594991046597
relevant_start_5,11,decoder_self_attn,11,100,0.00711515924158339,0.006635632684702586,0.006447845208164778,-0.011052031517028792,0.010512031018733945,0.007024485007454029,0.0063825200062254265,0.006388447732333094,0.020338158411546483,0.014285297231382383
