relevance_group,k_heads,auroc_pooled,auroc_fold_mean,auroc_fold_min,auroc_fold_max,precision,recall,f1,fpr,balanced_accuracy,tp,fp,tn,fn,T_per_fold,paired_win_rate,n_pairs
relevant,1,0.5328691415481948,0.5315766699579607,0.4715548363002614,0.5569867291178766,0.6400030974136596,0.1502563356724721,0.24337455830388693,0.08451805257608261,0.5328691415481948,8265,4649,50357,46741,"[1, 1, 1, 1, 1]",0.5328691415481948,55006
relevant,2,0.5309409731715147,0.5282504953635879,0.45615036499275546,0.5564659976684394,0.5984757320497393,0.1898701959786205,0.28828132547579943,0.12738610333418174,0.5312420463222194,10444,7007,47999,44562,"[1, 1, 1, 1, 1]",0.530442133585427,55006
relevant,3,0.534041683062373,0.5299181000920462,0.4549550048661,0.5579184324849212,0.5920231838498944,0.21912155037632258,0.3198566974059577,0.15100170890448314,0.5340599207359197,12053,8306,46700,42953,"[1, 1, 1, 1, 1]",0.5348871032251027,55006
relevant,4,0.5366737923890138,0.5317499836474684,0.4610308383557065,0.5523313269886772,0.565401415365862,0.3035668836126968,0.39503661032186327,0.23333818128931388,0.5351143511616914,16698,12835,42171,38308,"[1, 1, 1, 1, 1]",0.5413591244591499,55006
relevant,5,0.5419122521999031,0.5395883960924076,0.5044820871405763,0.5548005101888467,0.5676721271837031,0.34145365960077084,0.42641783589883303,0.2600443587972221,0.5407046504017744,18782,14304,40702,36224,"[1, 1, 1, 1, 1]",0.5452586990510127,55006
relevant,6,0.5434227416288616,0.5402534745082914,0.5080420010268547,0.5585020876867037,0.5615602407982627,0.37139584772570267,0.4470974448760738,0.28996836708722684,0.5407137403192379,20429,15950,39056,34577,"[1, 1, 1, 1, 1]",0.5492764425699015,55006
relevant,7,0.5410331790494655,0.5375662837613517,0.5109785681307232,0.5549745895703675,0.5536059829506825,0.38488528524161003,0.45407944406314343,0.3103479620405047,0.5372686616005526,21171,17071,37935,33835,"[1, 1, 1, 1, 1]",0.5470766825437225,55006
relevant,8,0.5423142565511944,0.5396376419267561,0.5180260564347964,0.555562326663904,0.5520825525322939,0.40170163254917646,0.46503698870870996,0.3259099007381013,0.5378958659055375,22096,17927,37079,32910,"[1, 1, 1, 1, 1]",0.5498036577827873,55006
relevant,9,0.5413076110709485,0.5393092179855591,0.5191507662536503,0.5549592629099541,0.5473888271590345,0.42093589790204705,0.4759056574687837,0.3480529396793077,0.5364414791113696,23154,19145,35861,31852,"[1, 1, 1, 1, 1]",0.5491946333127296,55006
relevant,10,0.5403875225722815,0.5372079061087416,0.5192318537148417,0.5553240960944354,0.5429510248787357,0.44158819037923136,0.48705172292792476,0.3717230847543904,0.5349325528124205,24290,20447,34559,30716,"[1, 1, 1, 1, 1]",0.5489946551285314,55006
relevant,11,0.544057343328046,0.5402872162755533,0.5221455086712908,0.5647903500099817,0.5413003848490986,0.48583790859179,0.5120717406300299,0.41170054175908083,0.5370686834163546,26724,22646,32360,28282,"[1, 1, 1, 1, 1]",0.5541849980002181,55006
relevant,12,0.5421546417913555,0.5393097484217202,0.5214609336883711,0.5649509695000045,0.5365877291577846,0.5033814492964404,0.5194544499474711,0.4347343926117151,0.5343235283423626,27689,23913,31093,27317,"[1, 1, 1, 1, 1]",0.5523579245900447,55006
relevant,13,0.542270928319192,0.5398977820553952,0.5205688011495095,0.5666858545699491,0.5349362209782509,0.5298694687852235,0.5323907901106028,0.4606588372177581,0.5346053157837327,29146,25339,29667,25860,"[1, 1, 1, 1, 1]",0.5536214231174781,55006
relevant,14,0.5419798809148167,0.5370691623157117,0.5190887244665735,0.566726212331261,0.5368936394312352,0.5004181362033233,0.5180145848035757,0.4316438206741083,0.5343871577646075,27526,23743,31263,27480,"[1, 1, 1, 2, 1]",0.5529487692251754,55006
relevant,15,0.541473135946196,0.5374433593291628,0.5245542440557313,0.5636897980145624,0.5354682341266055,0.5100898083845399,0.5224710209021927,0.4425153619605134,0.5337872232120132,28058,24341,30665,26948,"[1, 1, 1, 2, 1]",0.5537668617968948,55006
relevant,16,0.5432614161679068,0.5373427350369471,0.5213932587828723,0.5609614129055213,0.536552675667685,0.4948914663854852,0.5148806990665872,0.42746245864087556,0.5337145038723048,27222,23513,31493,27784,"[1, 2, 1, 2, 1]",0.5561756899247354,55006
relevant,17,0.5430280556807408,0.5376023358354699,0.5223444654549516,0.5580383132092571,0.5414645308924485,0.4301712540450133,0.47944400543026766,0.364287532269207,0.5329418608879032,23662,20038,34968,31344,"[1, 2, 2, 2, 2]",0.5567665345598662,55006
relevant,18,0.542111284309537,0.5371029386947236,0.5212258614095729,0.5576853697977024,0.5322817314746882,0.4748209286259681,0.5019121010050541,0.4172272115769189,0.5287968585245246,26118,22950,32056,28888,"[1, 2, 2, 2, 2]",0.5563211286041523,55006
relevant,19,0.5413217934309921,0.5353439175812971,0.5171348442230566,0.5562199357289329,0.5308259983856709,0.5021452205213977,0.5160874439461883,0.4438243100752645,0.5291604552230665,27621,24413,30593,27385,"[1, 2, 2, 2, 2]",0.5562302294295167,55006
relevant,20,0.5402404259075192,0.5344050548313175,0.5187075337764476,0.5559095500777924,0.5308172531214529,0.510107988219467,0.5202566146885951,0.4508780860269789,0.529614951096244,28059,24801,30205,26947,"[1, 2, 2, 2, 2]",0.5548122023052031,55006
relevant,21,0.539182565155843,0.5331249189738099,0.5121922797406858,0.555922466516967,0.5423807192209347,0.3624877286114242,0.43455234940284193,0.30583936297858416,0.52832418281642,19939,16823,38183,35067,"[2, 2, 2, 2, 2]",0.5544122459368069,55006
relevant,22,0.5387186303504456,0.5335379176259807,0.5172155895911671,0.5561913748516968,0.5408077031422059,0.3839217539904738,0.44905640316835893,0.3259826200778097,0.5289695669563321,21118,17931,37075,33888,"[2, 2, 2, 2, 2]",0.5560302512453187,55006
relevant,23,0.5366116124025773,0.5321637861566654,0.5143168816592499,0.5533451920129394,0.5374805598755832,0.40839181180234885,0.4641274367000341,0.3514343889757481,0.5284787114133004,22464,19331,35675,32542,"[2, 2, 2, 2, 2]",0.5531669272443006,55006
relevant,24,0.53620797948101,0.5319278176121192,0.5137480753994492,0.5526852900599573,0.5362169985293774,0.41760898811038794,0.4695385558791967,0.3611969603316002,0.5282060138893938,22971,19868,35138,32035,"[2, 2, 2, 2, 2]",0.5522124859106279,55006
relevant,25,0.5360479851345731,0.5323009126631557,0.5146920683130868,0.5526693962886641,0.535624321138869,0.4213540341053703,0.4716668192964783,0.36530560302512455,0.5280242155401229,23177,20094,34912,31829,"[2, 2, 2, 2, 2]",0.5521034069010653,55006
relevant,26,0.5337805656563855,0.530173587311465,0.5121925505846878,0.550384941665166,0.532938564026647,0.43195287786786896,0.47716113225356216,0.3785587026869796,0.5266970875904446,23760,20823,34183,31246,"[2, 2, 2, 2, 2]",0.5496854888557612,55006
relevant,27,0.5340901486858255,0.5314741072330168,0.5183050934449048,0.5510560587246836,0.5341478155758936,0.4498781951059884,0.4884046815481477,0.39235719739664765,0.5287604988546704,24746,21582,33424,30260,"[2, 2, 2, 2, 2]",0.5512944042468094,55006
relevant,28,0.5338177033383006,0.5306997955586772,0.5143726755236718,0.551149588019857,0.5335616147007529,0.4560775188161291,0.49178624637340235,0.39870195978620515,0.528687779514962,25087,21931,33075,29919,"[2, 2, 2, 2, 2]",0.5506762898592881,55006
relevant,29,0.5334886594311351,0.5301837752317027,0.5133150974066755,0.5508549592511767,0.5326066568016506,0.4645856815620114,0.4962762290386165,0.40770097807511907,0.5284423517434462,25555,22426,32580,29451,"[2, 2, 2, 2, 2]",0.5504308620877723,55006
relevant,30,0.5317579015344472,0.52859273297493,0.5164071879560548,0.5499902862706298,0.5272598727401273,0.4745300512671345,0.4995072289041345,0.42546267679889466,0.5245336872341199,26102,23403,31603,28904,"[2, 2, 2, 2, 2]",0.5479856742900775,55006
relevant,31,0.5311337114478119,0.5283662156594877,0.5164071879560548,0.5495329260127884,0.5268752627469822,0.47847507544631496,0.5015101134728799,0.4296622186670545,0.5244064283896303,26319,23634,31372,28687,"[2, 2, 2, 2, 2]",0.5464403883212741,55006
relevant,32,0.5324135241015557,0.5286049217189469,0.5157953513554286,0.54890261160329,0.5271357275662981,0.48965567392648074,0.5077049226680239,0.4392429916736356,0.5252063411264226,26934,24161,30845,28072,"[2, 2, 2, 2, 2]",0.5494037014143912,55006
relevant,33,0.531741561959144,0.5289941039735687,0.5157953513554286,0.548945736474584,0.5252975620957556,0.49905464858379084,0.5118399463007159,0.45098716503654146,0.5240337417736247,27451,24807,30199,27555,"[2, 2, 2, 2, 2]",0.5485856088426717,55006
relevant,34,0.5314672925468088,0.5292125560029175,0.51756778836033,0.5481854558958895,0.5248778447439968,0.5018907028324183,0.5131269574268376,0.4543140748282006,0.5237883140021089,27607,24990,30016,27399,"[2, 2, 2, 2, 2]",0.548076573464713,55006
relevant,35,0.5324860466247041,0.5295616844047707,0.5170329053117858,0.5481854558958895,0.5243909258672432,0.5114351161691452,0.517831997275731,0.4638584881649275,0.5237883140021089,28132,25515,29491,26874,"[2, 2, 2, 2, 2]",0.5500309057193761,55006
relevant,36,0.5323648036576704,0.5294458782677823,0.51623594683576,0.547649296559087,0.523929096218589,0.5120895902265208,0.5179416929456003,0.46531287495909535,0.5233883576337127,28168,25595,29411,26838,"[2, 2, 2, 2, 2]",0.5502763334908919,55006
relevant,37,0.5317798813666851,0.5291852224492477,0.51623594683576,0.5478913013492379,0.5234809822714583,0.5351961604188634,0.5292737520563091,0.4871832163763953,0.5240064720212341,29439,26798,28208,25567,"[2, 2, 2, 2, 2]",0.5500581754717666,55006
relevant,38,0.5323666819255302,0.5287522988906854,0.5137416767099008,0.5465743721087672,0.5234819087572102,0.4537141402756063,0.4861074590235779,0.41300948987383196,0.5203523252008873,24957,22718,32288,30049,"[3, 2, 2, 2, 2]",0.5524397338472167,55006
relevant,39,0.5302175599413576,0.5277025139223539,0.513554421937985,0.5468607435474833,0.5203308519437552,0.5718285277969676,0.5448655764966741,0.5271424935461586,0.5223430171254044,31454,28996,26010,23552,"[2, 2, 2, 2, 2]",0.5493037123222921,55006
relevant,40,0.5293581010236141,0.5267307643497239,0.512520170260665,0.5434549689370394,0.5215104784499802,0.4795476857070138,0.4996495747542288,0.43998836490564663,0.5197796604006836,26378,24202,30804,28628,"[3, 2, 2, 2, 2]",0.5479584045376868,55006
relevant,41,0.5289944349187286,0.5260383286077353,0.5082528875864001,0.5448597759194337,0.5215896213512563,0.4853288732138312,0.502806343466305,0.4451514380249427,0.5200887175944442,26696,24486,30520,28310,"[3, 2, 2, 2, 2]",0.5471130422135767,55006
relevant,42,0.5289839970309209,0.5258772770133435,0.5083904763394403,0.5445802391445957,0.5217768660249329,0.48089299349161907,0.5005014096232805,0.4407519179725848,0.5200705377595172,26452,24244,30762,28554,"[3, 2, 2, 2, 3]",0.5477584263534887,55006
relevant,43,0.5288929387174548,0.5258464597005712,0.5086718155465676,0.5444611409709655,0.5215951959350219,0.4926735265243792,0.5067220134253286,0.45187797694796933,0.5203977747882049,27100,24856,30150,27906,"[3, 2, 2, 2, 2]",0.5477766061884157,55006
relevant,44,0.529220599620598,0.5268508410328334,0.5085361227015416,0.5439709176154212,0.5187208716463031,0.598934661673272,0.5559493072782193,0.5557030142166309,0.5216158237283206,32945,30567,24439,22061,"[2, 2, 2, 2, 2]",0.5488037668617969,55006
relevant,45,0.5287590713975375,0.5261011134705628,0.5061216161342855,0.5440944157872561,0.5188226685096349,0.5800276333490892,0.547720620423859,0.5379413154928553,0.5210431589281169,31905,29590,25416,23101,"[2, 2, 3, 2, 2]",0.547712976766171,55006
relevant,46,0.5282536256495672,0.525441801041545,0.5058126508389494,0.5423073027386205,0.5183866759016156,0.5850816274588226,0.5497185901322925,0.543577064320256,0.5207522815692833,32183,29900,25106,22823,"[2, 2, 3, 2, 2]",0.5468948841944515,55006
relevant,47,0.527946217352226,0.5250603859448646,0.5058389565626483,0.5403115564417739,0.5171164037278431,0.6173508344544232,0.5628055753517742,0.5764825655383049,0.5204341344580592,33958,31710,23296,21048,"[2, 2, 2, 2, 2]",0.5462495000545395,55006
relevant,48,0.5273391195692152,0.5238210723874651,0.5018212566362705,0.5402474240234955,0.5174231066285039,0.6211504199541868,0.5645618354414693,0.5793186197869323,0.5209159000836272,34167,31866,23140,20839,"[2, 2, 2, 2, 2]",0.5459858924480966,55006
relevant,49,0.5258510698721474,0.5228257829392033,0.5018063940716582,0.5383443319110681,0.5183118296284781,0.6061702359742573,0.558808741704096,0.5633385448860124,0.5214158455441225,33343,30987,24019,21663,"[2, 2, 2, 4, 2]",0.5449405519397884,55006
relevant,50,0.5258302615198371,0.5226305047312982,0.4994307197631957,0.5387582250755331,0.520178320037541,0.44335163436715996,0.4787021042713568,0.4089553866850889,0.5171981238410355,24387,22495,32511,30619,"[4, 2, 2, 4, 2]",0.5454768570701378,55006
relevant,51,0.5249225478417232,0.5214924551646225,0.49660981177086677,0.5382666670538665,0.5205574182732607,0.4516052794240628,0.4836360804470144,0.41593644329709484,0.517834418063484,24841,22879,32127,30165,"[4, 2, 2, 4, 2]",0.5438134021743083,55006
relevant,52,0.5245307733244622,0.5213989866399368,0.49641578589889973,0.5381329608861964,0.5201941626734706,0.45589572046685817,0.4859271603383295,0.42049958186379666,0.5176980693015307,25077,23130,31876,29929,"[4, 2, 2, 4, 2]",0.5441860887903138,55006
relevant,53,0.5246801541189408,0.5216858829434956,0.4974842993424788,0.5380292920396044,0.520312920383286,0.4570592299021925,0.48663924510041134,0.42137221394029745,0.5178435079809476,25141,23178,31828,29865,"[4, 2, 2, 4, 2]",0.5444587863142203,55006
relevant,54,0.5242580549786526,0.5205718735509784,0.4937267450800679,0.5380453422552781,0.5202616394309122,0.4294622404828564,0.47052145161932835,0.3960113442169945,0.516725448132931,23623,21783,33223,31383,"[4, 2, 3, 4, 2]",0.5438406719266989,55006
relevant,55,0.5237581823948181,0.5193910894987038,0.490577438735256,0.5365541388636891,0.5207624513219922,0.46191324582772786,0.48957570619291685,0.4250809002654256,0.5184161727811512,25408,23382,31624,29598,"[4, 2, 2, 4, 2]",0.5422408464531142,55006
relevant,56,0.5239624958314385,0.5200906116086693,0.4906817475315447,0.5362697083130701,0.5184430027803522,0.45764098461985964,0.4861482604455345,0.4250809002654256,0.516280042177217,25173,23382,31624,29833,"[4, 2, 3, 3, 2]",0.5428135112533179,55006
relevant,57,0.5233693829308984,0.5195350593426145,0.49000727825544504,0.5366243872794723,0.5156678729073051,0.47149401883430897,0.4925925925925926,0.4428425989892012,0.5143257099225539,25935,24359,30647,29071,"[4, 2, 3, 3, 2]",0.5418499800021817,55006
relevant,58,0.5233743097897731,0.519477353331971,0.49008924242156476,0.5364857482249258,0.5158878504672897,0.4616223684688943,0.48724886304760806,0.43318910664291166,0.5142166309129913,25392,23828,31178,29614,"[4, 2, 3, 4, 2]",0.5418499800021817,55006
relevant,59,0.5229645073052748,0.5191199816377043,0.4903133319777591,0.5365980508457731,0.5170635796400698,0.4685307057411919,0.4916022088908812,0.4376068065301967,0.5154619496054976,25772,24071,30935,29234,"[4, 2, 3, 4, 2]",0.5416500018179835,55006
relevant,60,0.5219239665761313,0.5178327242126054,0.4897278011008319,0.5311865859425396,0.5167953016805222,0.47353016034614404,0.4942176515791171,0.4427516998145657,0.5153892302657892,26047,24354,30652,28959,"[4, 2, 3, 4, 2]",0.5392502636076064,55006
relevant,61,0.5211483445723114,0.5166175098301997,0.48875919523850825,0.5264079065546671,0.5163567128872819,0.48811038795767736,0.5018363971103614,0.45718648874668216,0.5154619496054975,26849,25148,29858,28157,"[4, 2, 3, 4, 2]",0.5387503181471112,55006
relevant,62,0.5205528754916602,0.5155749556429108,0.4875380611997753,0.5260318182049866,0.5158574449037124,0.49234628949569137,0.5038277289428399,0.4620768643420718,0.5151347125768098,27082,25417,29589,27924,"[4, 2, 3, 4, 2]",0.5377958768134385,55006
relevant,63,0.5201898495776675,0.5151398848648394,0.4876430132505688,0.525907284561574,0.5153637084292779,0.4964003926844344,0.5057043375189836,0.4668036214231175,0.5147983856306585,27305,25677,29329,27701,"[4, 2, 3, 4, 2]",0.5366959968003491,55006
relevant,64,0.5199249455598784,0.5145174491733698,0.4842140266181423,0.5257293527357793,0.5151327980234712,0.5003454168636149,0.5076314406130975,0.47094862378649605,0.5146983965385594,27522,25905,29101,27484,"[4, 2, 3, 4, 2]",0.5359960731556558,55006
relevant,65,0.5196497732040639,0.5147407177862329,0.4843668164907975,0.5247782867793479,0.5144649306215549,0.4920554121368578,0.5030107047279215,0.4643857033778133,0.5138348543795221,27066,25544,29462,27940,"[4, 3, 3, 3, 2]",0.5352052503363269,55006
relevant,66,0.5186543228017836,0.512894273196023,0.48423995993133834,0.5247651527410181,0.5141372022619524,0.4909100825364506,0.5022552475192277,0.46391302766970877,0.5134985274333709,27003,25518,29488,28003,"[4, 3, 3, 3, 3]",0.5327691524560957,55006
relevant,67,0.5183110448103232,0.5128156859082404,0.48470371257384476,0.5245371375444035,0.5144214455378351,0.49609133549067375,0.5050901417835857,0.4682761880522125,0.5139075737192307,27288,25758,29248,27718,"[4, 3, 3, 3, 3]",0.5319510598843762,55006
relevant,68,0.5180124074917715,0.5125166488770005,0.4840378764503104,0.5246064570716766,0.514151381687759,0.5029814929280442,0.5085051049008886,0.47529360433407264,0.5138439442969858,27667,26144,28862,27339,"[4, 3, 3, 3, 3]",0.5314238446714904,55006
relevant,69,0.5178297324742799,0.512396587336711,0.48412458038646594,0.5237010205522058,0.514033695632116,0.5064174817292659,0.5101971665888257,0.47876595280514855,0.5138257644620587,27856,26335,28671,27150,"[4, 3, 3, 3, 3]",0.5307511907791878,55006
relevant,70,0.5181322862936476,0.5124930311745877,0.48280215069096705,0.5236941113223134,0.5141168263758857,0.5091444569683308,0.5116185604676653,0.48118387085045267,0.513980293058939,28006,26468,28538,27000,"[4, 3, 3, 3, 3]",0.5319419699669127,55006
relevant,71,0.516927322267081,0.5104516824055045,0.4835335649184973,0.5236967721050394,0.5118528832070592,0.5146165872813875,0.5132310146950838,0.49078282369196086,0.5119168817947133,28307,26996,28010,26699,"[4, 3, 3, 3, 3]",0.5292968039850199,55006
relevant,72,0.516733974536986,0.5101445093392265,0.4827718838737382,0.5235407680615722,0.5115690916917779,0.5185070719557866,0.5150147167698947,0.49505508489982913,0.5117259935279788,28521,27231,27775,26485,"[4, 3, 3, 3, 3]",0.5285332509180817,55006
relevant,73,0.5161106062545091,0.5095461913290212,0.47985235480916366,0.5226455734272727,0.5117488883811666,0.5293604334072647,0.5204057012644654,0.5050539941097335,0.5121532196487656,29118,27781,27225,25888,"[4, 3, 3, 3, 3]",0.5259971639457514,55006
relevant,74,0.5154983548852347,0.5084945002566345,0.4752446212243246,0.52298869017617,0.5111192252186462,0.5344144275169982,0.5225073098765541,0.5111624186452387,0.5116260044358798,29396,28117,26889,25610,"[4, 3, 3, 3, 3]",0.524451877976948,55006
relevant,75,0.51503137033205,0.5079609517969097,0.47596083433223985,0.5229928603966907,0.5107329171299068,0.542849870923172,0.5263018744877546,0.5200341780896629,0.5114078464167545,29860,28605,26401,25146,"[4, 3, 3, 3, 3]",0.5242428098752864,55006
relevant,76,0.5149234704040623,0.5079269691521879,0.4763320598925467,0.5230396519331554,0.509923300624139,0.5451041704541323,0.5269271661672832,0.5238883030942079,0.5106079336799622,29984,28817,26189,25022,"[4, 3, 3, 3, 3]",0.5237883140021089,55006
relevant,77,0.5146181707375402,0.5073747904006943,0.47467165073799233,0.5227966644767387,0.5104045756581714,0.5515943715231065,0.5302006972416143,0.5291059157182852,0.5112442279024106,30341,29104,25902,24665,"[4, 3, 3, 3, 3]",0.5218976111696906,55006
relevant,78,0.5141298470387702,0.5063750167065375,0.4699307634706465,0.5214268277022988,0.5100156519264517,0.5864632949132822,0.545574469164616,0.5634294440606479,0.5115169254263171,32259,30992,24014,22747,"[4, 2, 3, 3, 3]",0.5203250554484965,55006
relevant,79,0.5133205713862296,0.5058814255966577,0.4693738404914356,0.5213501552891366,0.5095056439761109,0.5924626404392248,0.5478616098446641,0.5703559611678726,0.5110533396356761,32589,31373,23633,22417,"[4, 2, 3, 3, 3]",0.518216194596953,55006
relevant,80,0.5134340920712746,0.50585645827321,0.46884542384344025,0.521350878844397,0.5093497629746297,0.5996800349052831,0.5508362069685305,0.5776642548085663,0.5110078900483583,32986,31775,23231,22020,"[4, 2, 3, 3, 3]",0.5190888266734538,55006
relevant,81,0.5133896447446087,0.5057264145609368,0.4685659466888271,0.521350878844397,0.5094016302334198,0.5998800130894811,0.5509508941243259,0.5777369741482747,0.5110715194706033,32997,31779,23227,22009,"[4, 2, 3, 3, 3]",0.5187252299749118,55006
relevant,82,0.5127495047497134,0.5049237183536925,0.46713460384900474,0.5213202206346833,0.5094769801340608,0.6093698869214268,0.5549641133471858,0.5866996327673345,0.5113351270770461,33519,32272,22734,21487,"[4, 2, 3, 3, 3]",0.5165345598661965,55006
relevant,83,0.5124797320421758,0.5047399592691982,0.4670117422385758,0.5218204075417182,0.5096499064506885,0.5496854888557612,0.5289111630063061,0.5288695778642329,0.5104079554957641,30236,29091,25915,24770,"[5, 2, 3, 4, 3]",0.5157346471294041,55006
relevant,84,0.5125170506763437,0.5047688396388983,0.46515002827949936,0.5218189848756319,0.5084086645062255,0.5419045195069628,0.5246224787919321,0.5239792022688434,0.5089626586190596,29808,28822,26184,25198,"[5, 3, 3, 3, 3]",0.5162527724248264,55006
relevant,85,0.5120919198008669,0.5040485251490979,0.46515002827949936,0.5221770616184255,0.5084650783677767,0.5443587972221212,0.5258000790201501,0.5262335017998037,0.5090626477111588,29943,28946,26060,25063,"[5, 3, 3, 3, 3]",0.5145165981892884,55006
relevant,86,0.5119946892804186,0.5039029305673708,0.4642551935522335,0.5221228829738638,0.5083038480421203,0.5458495436861434,0.5264080648696033,0.5280151256226594,0.508917209031742,30025,29044,25962,24981,"[5, 3, 3, 3, 3]",0.5144529687670436,55006
relevant,87,0.5113192164990475,0.5038774460636548,0.46532841291034815,0.5220153763510598,0.508023090437547,0.5519761480565757,0.5290883585574753,0.5345416863614878,0.5087172308475439,30362,29403,25603,24644,"[5, 3, 3, 3, 3]",0.5133167290840999,55006
relevant,88,0.5114746083786395,0.5041724923613393,0.46537855290622726,0.522235552261228,0.5091486814232646,0.6030069446969422,0.5521173180637858,0.5813365814638403,0.510835181616551,33169,31977,23029,21837,"[4, 3, 3, 3, 3]",0.513498527433371,55006
relevant,89,0.5114509150359813,0.5041780862651627,0.4654968440241216,0.5220789318806847,0.5092021717125241,0.6035886994146094,0.5523925196326368,0.5817728975020907,0.5109079009562594,33201,32001,23005,21805,"[4, 3, 3, 3, 3]",0.513780314874741,55006
relevant,90,0.511563495430324,0.5043815665982784,0.46614896867005234,0.5228921151044614,0.5089577764125724,0.5572664800203614,0.532017737974365,0.5376504381340217,0.5098080209431698,30653,29574,25432,24353,"[5, 3, 3, 3, 3]",0.5135257971857615,55006
relevant,91,0.5113520288437322,0.5038281885933606,0.464607324610396,0.5226539480905225,0.5084672926945727,0.5807911864160273,0.542228181540446,0.5614478420535941,0.5096716721812166,31947,30883,24123,23059,"[5, 2, 3, 3, 3]",0.5127440642838963,55006
relevant,92,0.5113760250955042,0.5038259361656856,0.4647992852968474,0.5225188045901055,0.5095282887402452,0.5317783514525688,0.5204156065970431,0.5118896120423226,0.5099443697051231,29251,28157,26849,25755,"[5, 3, 4, 3, 3]",0.5127986037886776,55006
relevant,93,0.5112148505107201,0.5034001721633156,0.46334938964288475,0.5218083564355239,0.5091764624173076,0.5331236592371741,0.5208749633655716,0.5139075737192307,0.5096080427589718,29325,28268,26738,25681,"[5, 3, 4, 3, 3]",0.5124895465949169,55006
relevant,94,0.5112442528556437,0.5028480900432871,0.4597474014041501,0.5225057365954372,0.5089890143789954,0.5399229174999091,0.5239998235631423,0.5208522706613824,0.5095353234192633,29699,28650,26356,25307,"[5, 3, 4, 3, 3]",0.5125168163473075,55006
relevant,95,0.5111983501440543,0.5029752288805034,0.4598693827715724,0.5226721934164118,0.5089050181081122,0.6207686434207177,0.5592982973391317,0.5990437406828346,0.5108624513689415,34146,32951,22055,20860,"[4, 3, 3, 3, 3]",0.5127895138712141,55006
relevant,96,0.510798039803306,0.502677113688649,0.4593395441925663,0.5224522863950227,0.5090577166128353,0.5931171144966003,0.5478819429866914,0.5720103261462386,0.5105533941751809,32625,31464,23542,22381,"[4, 3, 4, 3, 3]",0.511580554848562,55006
relevant,97,0.5102125559819504,0.5023296513571307,0.459258697257955,0.5220764434372556,0.5094685871140857,0.6006072064865651,0.551296599138938,0.5782823691960877,0.5111624186452387,33037,31809,23197,21969,"[4, 3, 4, 3, 3]",0.5100534487146857,55006
relevant,98,0.5095777650678531,0.5015575205900039,0.45642563514103424,0.5220720043279555,0.5086268597621332,0.607206486565102,0.5535621058563225,0.5866087335926989,0.5102988764862015,33400,32267,22739,21606,"[4, 3, 4, 3, 3]",0.507362833145475,55006
relevant,99,0.5094271377684945,0.5012608452667966,0.4553790600616211,0.5224290592933882,0.5068742545043631,0.5871359488055848,0.5440609154158454,0.5712104134094462,0.5079627676980694,32296,31420,23586,22710,"[4, 4, 4, 3, 3]",0.5067810784278078,55006
relevant,100,0.5093260099166013,0.5012030843152478,0.4561216127487355,0.5229493297477845,0.5074237962349095,0.5983165472857507,0.549134442914946,0.5808093662509545,0.5087535905173981,32911,31948,23058,22095,"[4, 4, 4, 3, 3]",0.5062629531323856,55006
relevant,101,0.5088231391439775,0.5008599566709063,0.455827137607509,0.5229660595187366,0.5070131697691849,0.602606988328546,0.5506923735078874,0.5859360797003963,0.5083354543140748,33147,32230,22776,21859,"[4, 4, 4, 3, 3]",0.5051539832018326,55006
relevant,102,0.5093507420408682,0.5016959581926843,0.4562860827689791,0.524663520159506,0.5071963588684761,0.6118241646365851,0.5546189404988505,0.5944624222812057,0.5086808711776897,33654,32699,22307,21352,"[4, 4, 4, 3, 3]",0.5067538086754173,55006
relevant,103,0.5084450946887544,0.4999749013287952,0.45611633129069556,0.5246672112691111,0.5061974490790007,0.614005744827837,0.5549138646315115,0.5989710213431262,0.5075173617423554,33774,32947,22059,21232,"[4, 4, 4, 3, 3]",0.5041268225284514,55006
relevant,104,0.507688393680459,0.49880610485769017,0.455807569128361,0.5227521110673049,0.5069389012589449,0.6581100243609788,0.5727168453110786,0.6400938079482238,0.5090081082063774,36200,35209,19797,18806,"[4, 2, 4, 3, 3]",0.5029905828455077,55006
relevant,105,0.5075610837727309,0.49866845390217485,0.4555859510236854,0.5228223662044881,0.5062998593843541,0.6611278769588772,0.5734469735794312,0.6446751263498527,0.5082263753045122,36366,35461,19545,18640,"[4, 2, 4, 3, 3]",0.5026724357342836,55006
relevant,106,0.5072025679490451,0.4981819865310123,0.45375602737934934,0.5226577272770735,0.5057653841628427,0.6251681634730757,0.559163563635181,0.6109151728902301,0.5071264952914227,34388,33604,21402,20618,"[4, 4, 4, 3, 4]",0.5012271388575792,55006
relevant,107,0.5070327626854374,0.49798208274656625,0.45375602737934934,0.5224435525503854,0.5055096620838407,0.62633167290841,0.5594719021752369,0.6126786168781587,0.5068265280151256,34452,33701,21305,20554,"[4, 4, 4, 3, 4]",0.5009908010035269,55006
relevant,108,0.507160750627041,0.4971281371479145,0.45313132568862596,0.5221808260767481,0.5049213749770225,0.5493037123222921,0.5261783067907738,0.5385957895502309,0.5053539613860306,30215,29626,25380,24791,"[6, 4, 4, 3, 4]",0.5016907246482203,55006
relevant,109,0.5071413525455309,0.496912590852836,0.45238752034800206,0.5223431327226702,0.5052320688505327,0.5784459877104315,0.5393658408414772,0.5664654764934735,0.505990255608479,31818,31159,23847,23188,"[5, 5, 3, 5, 4]",0.5017179944006108,55006
relevant,110,0.5068798776968741,0.4966179516717929,0.45184342860338816,0.5219956227802937,0.5062020592909958,0.5326873431989237,0.5191070954026044,0.5196342217212667,0.5065265607388285,29301,28583,26423,25705,"[6, 4, 4, 5, 4]",0.5004090462858597,55006
relevant,111,0.5068738353789064,0.497153128531158,0.4533562616323267,0.5232134998837501,0.5048805594008448,0.5171799440061084,0.5109562468568144,0.507181034796204,0.5049994546049522,28448,27898,27108,26558,"[6, 5, 4, 5, 4]",0.5004726757081046,55006
relevant,112,0.5071511282637703,0.49668714912677114,0.45109640699023995,0.5230428249188517,0.5064711099431725,0.5606115696469476,0.5321678804404101,0.5462858597243937,0.507162854961277,30837,30049,24957,24169,"[5, 5, 4, 5, 4]",0.5021088608515435,55006
relevant,113,0.5060065183410447,0.4961096864565463,0.4511918795009618,0.5222499809349548,0.5027586874455522,0.47213031305675746,0.4869633699290275,0.4669490601025343,0.5025906264771116,25970,25685,29321,29036,"[8, 5, 4, 5, 4]",0.4989637494091554,55006
relevant,114,0.5056468568169302,0.4952937956746973,0.44952693370937313,0.5223187173772126,0.5041122091169907,0.5749918190742828,0.5372241944524655,0.5656110242518998,0.5046903974111915,31628,31112,23894,23378,"[5, 5, 4, 5, 4]",0.4979547685707014,55006
relevant,115,0.5056775661494046,0.495245012096954,0.4490943619826025,0.5223541974999834,0.5042206861402223,0.5755372141220958,0.5375237707144798,0.5659019016107334,0.5048176562556812,31658,31128,23878,23348,"[5, 5, 4, 5, 4]",0.4980456677453369,55006
relevant,116,0.5052587900856949,0.4953810823938117,0.451068374636028,0.5221525442579857,0.5056714572709009,0.5948805584845289,0.5466604296835845,0.5815365596480384,0.5066719994182453,32722,31988,23018,22284,"[5, 4, 4, 5, 4]",0.49640039268443437,55006
relevant,117,0.5056420157244659,0.4959137697017515,0.45203555856734084,0.5236524201275904,0.5043038214150587,0.5815547394829655,0.5401813607119337,0.5716285496127695,0.5049630949350981,31989,31443,23563,23017,"[5, 5, 4, 5, 4]",0.49677307930044,55006
relevant,118,0.5056331913688931,0.49557034678624073,0.45203555856734084,0.5234542148751248,0.5043775991995247,0.5864996545831364,0.5423475220227288,0.576318947023961,0.5050903537795877,32261,31701,23305,22745,"[5, 5, 4, 5, 4]",0.4954186815983711,55006
relevant,119,0.5051090435858868,0.4948335511924924,0.45204232966739205,0.5212431326661352,0.5042301710730949,0.5894266080063993,0.543509965969859,0.5795367778060575,0.5049449151001709,32422,31878,23128,22584,"[5, 5, 4, 5, 4]",0.494573319274261,55006
relevant,120,0.5047918303204901,0.49447368644593526,0.4521665793533315,0.5211291727126308,0.5044254425442545,0.6112969494236993,0.5527427547548206,0.6005708468167109,0.5053630513034941,33625,33035,21971,21381,"[5, 4, 4, 5, 4]",0.49331891066429123,55006
relevant,121,0.5045760630193947,0.4937802972457684,0.4496401803577294,0.5212137846781092,0.5038326484871124,0.6130058539068465,0.5530833012113409,0.6036795985892448,0.5046631276588008,33719,33206,21800,21287,"[5, 4, 4, 5, 4]",0.49272806602916047,55006
relevant,122,0.5041191233819106,0.49308473962115346,0.44724459901511643,0.5206619173477155,0.5045144206227667,0.5749736392393557,0.5374445596207114,0.5646838526706177,0.505144893284369,31627,31061,23945,23379,"[6, 4, 4, 5, 4]",0.49126458931752903,55006
relevant,123,0.5031098711977039,0.49236173487872215,0.44681978019790436,0.5201144060155446,0.5043474121791007,0.5778824128276915,0.5386166463331977,0.5679198632876413,0.5049812747700251,31787,31239,23767,23219,"[6, 4, 4, 5, 4]",0.4881467476275315,55006
relevant,124,0.5028545799585,0.4921801016624488,0.4468811263643682,0.520093266468614,0.5037694994547265,0.5794640584663491,0.5389720740296085,0.570792277206123,0.5043358906301131,31874,31397,23609,23132,"[6, 4, 4, 5, 4]",0.48731956513834856,55006
relevant,125,0.502755341611684,0.4921268657331176,0.4466065582572922,0.5201605277745047,0.5034694033851573,0.5975529942188125,0.5464914249611359,0.5893175289968368,0.5041177326109879,32869,32416,22590,22137,"[6, 4, 4, 3, 4]",0.48715594662400463,55006
relevant,126,0.502160258893012,0.4916026334166726,0.446337914862761,0.5203395441459104,0.5029744938975371,0.6255862996763989,0.5576198539956734,0.6181871068610697,0.5036995964076646,34411,34004,21002,20595,"[6, 3, 4, 3, 4]",0.4857197396647638,55006
relevant,127,0.5021969978189579,0.4920703983796179,0.44876802881563504,0.5202690952857647,0.5030369217880438,0.6112969494236993,0.5519080837094789,0.6039159364432971,0.5036905064902011,33625,33219,21787,21381,"[6, 3, 4, 5, 4]",0.485474311893248,55006
relevant,128,0.501855536455914,0.4919777081056266,0.44924535751374417,0.5202249290815623,0.49959741661384544,0.5301785259789841,0.5144338898737861,0.5310329782205577,0.49957277387921317,29163,29210,25796,25843,"[9, 3, 4, 5, 4]",0.4845016907246482,55006
relevant,129,0.5010624352907307,0.4913786886186776,0.4483562782215218,0.5201999126473246,0.5023119081736664,0.6181689270261426,0.5542506458895345,0.6124786386939607,0.5028451441660909,34003,33690,21316,21003,"[6, 3, 4, 5, 4]",0.4815474675489947,55006
relevant,130,0.5007858458887349,0.4908404110529184,0.4486710666629019,0.5202257846367687,0.4998121905412327,0.5321964876558921,0.515496231598225,0.5325964440242883,0.49980002181580196,29274,29296,25710,25732,"[9, 3, 4, 5, 4]",0.4805748463803948,55006
relevant,131,0.5007374931332172,0.49081476996449264,0.44889711983811115,0.5201598824414346,0.5024570982839314,0.702632440097444,0.5859193790458287,0.6957604624950006,0.5034359888012216,38649,38271,16735,16357,"[4, 3, 4, 5, 4]",0.48015671017707157,55006
relevant,132,0.5005326251068611,0.49059662430426876,0.448759294096569,0.5193340565561494,0.5005605911196963,0.6736719630585755,0.5743557949393575,0.6721630367596262,0.5007544631494746,37056,36973,18033,17950,"[4, 5, 4, 5, 4]",0.4796749445515035,55006
relevant,133,0.5003140174337816,0.4901083362103103,0.44791788334870714,0.5193645876548038,0.5021197087816507,0.7084136276042613,0.5876888040961911,0.7024324619132458,0.5029905828455077,38967,38638,16368,16039,"[4, 3, 4, 5, 4]",0.47892048140202886,55006
relevant,134,0.5002332942206333,0.48997959328550084,0.4477302223107882,0.519073723329032,0.5025787821086746,0.7245573210195252,0.5934910317407135,0.7171217685343417,0.5037177762425917,39855,39446,15560,15151,"[4, 3, 4, 3, 4]",0.47857506453841403,55006
relevant,135,0.499531904780065,0.488638640092992,0.4443465681932044,0.5190914650995712,0.5019120825712714,0.7134312620441406,0.58926520162471,0.7079954914009381,0.5027178853216012,39243,38944,16062,15763,"[4, 3, 4, 5, 4]",0.4768298003854125,55006
relevant,136,0.49901953260951226,0.4883631844117664,0.4441110016224233,0.5190914650995712,0.5004512984501122,0.705595753190561,0.5855763427881714,0.7043231647456641,0.5006362942224485,38812,38742,16264,16194,"[4, 4, 4, 5, 4]",0.4746664000290878,55006
relevant,137,0.498604796325505,0.487938659336235,0.444150375569221,0.5176713461234241,0.5013678002258752,0.726357124677308,0.5932470155015739,0.7223939206632004,0.5019816020070538,39954,39736,15270,15052,"[4, 3, 4, 5, 4]",0.473793767952587,55006
relevant,138,0.49851824628456043,0.4876590624136686,0.44397967613693035,0.5176818767857942,0.501677041376785,0.6226957059229902,0.5556736236727476,0.6185325237246846,0.5020815910991527,34252,34023,20983,20754,"[7, 3, 4, 3, 4]",0.4731392938952115,55006
relevant,139,0.49846571559766606,0.48754332439264764,0.4437234915664933,0.5173415027024447,0.5012373824486673,0.6075519034287169,0.5492977424206313,0.6045522306657456,0.5014998363814857,33419,33254,21752,21587,"[7, 3, 4, 5, 4]",0.4729120459586227,55006
relevant,140,0.4983527699937535,0.4871042142924179,0.4419706907517404,0.5173323458172918,0.5013121785162635,0.6077337017779879,0.5494169563395213,0.6045522306657456,0.5015907355561212,33429,33254,21752,21577,"[7, 3, 4, 5, 4]",0.47213031305675746,55006
relevant,141,0.49778662938984597,0.4863532611383377,0.4419590106041521,0.5142953937230349,0.49751351712168745,0.5419954186815984,0.5188027494996955,0.5474130094898738,0.4972912045958623,29813,30111,24895,25193,"[9, 4, 4, 5, 3]",0.4705759371704905,55006
relevant,142,0.49774516339614305,0.48631145334070663,0.4419590106041521,0.5142386484128537,0.4981736755177233,0.5702832418281643,0.5317951413023209,0.574464603861397,0.49790931898338364,31369,31599,23407,23637,"[8, 4, 4, 5, 3]",0.47002145220521396,55006
relevant,143,0.49748156107780245,0.4857720149720689,0.4417823864593166,0.5142486217421179,0.4988550763545631,0.574282805512126,0.5339181434813106,0.5769188815765552,0.49868196196778536,31589,31734,23272,23417,"[8, 4, 4, 5, 3]",0.46895793186197865,55006
relevant,144,0.4973521798864782,0.48569730257590227,0.44259119436043204,0.5134339131856301,0.4988306680993616,0.5739010289786569,0.5337391157325218,0.5765916445478675,0.4986546922153947,31568,31716,23290,23438,"[8, 4, 4, 5, 4]",0.46777624259171724,55006
nonrelevant,1,0.5339151858258636,0.5327554151945586,0.5042000616522812,0.5443542380455832,0.6310777957860616,0.16328563191277454,0.2594428018156832,0.09545526026104734,0.5339151858258636,12460,7284,69024,63848,"[1, 1, 1, 1, 1]",0.5339151858258636,76308
nonrelevant,2,0.5375901362930429,0.5363786113876097,0.49836363224300273,0.5511537762431961,0.6043440747270886,0.21111810033024062,0.3129218666537173,0.1382161765476752,0.5364509618912827,16110,10547,65761,60198,"[1, 1, 1, 1, 1]",0.540605179011375,76308
nonrelevant,3,0.5366174203040316,0.534709143608857,0.4954390775828581,0.5584446570681039,0.5735570088143304,0.2643497405252398,0.3619010028884623,0.1965455784452482,0.5339020810399958,20172,14998,61310,56136,"[1, 1, 1, 1, 1]",0.5428133354300991,76308
nonrelevant,4,0.5362173636906972,0.5346034957817568,0.4947843814094426,0.5562770068535413,0.5583562298411181,0.30625884573046075,0.39555529226576847,0.24224196676626303,0.5320084394820989,23370,18485,57823,52938,"[1, 1, 1, 1, 1]",0.5458470933584945,76308
nonrelevant,5,0.5421578593135751,0.5402276293638433,0.515125845058163,0.5569338200162314,0.5599924813600384,0.35137862347329246,0.43180958055866464,0.27609162866278764,0.5376434974052524,26813,21068,55240,49495,"[1, 1, 1, 1, 1]",0.5526157152592127,76308
nonrelevant,6,0.5428209332623575,0.5408187582652925,0.5162980835291484,0.5565325805724852,0.549297765215087,0.40746710698747185,0.4678699600490546,0.33432929705928605,0.5365689049640929,31093,25512,50796,45215,"[1, 1, 1, 1, 1]",0.5560360643707082,76308
nonrelevant,7,0.5449908500436904,0.5428440059467399,0.5161642198971904,0.5595347116973353,0.546604454489119,0.3930125281752896,0.457255248753564,0.32599465324736593,0.5335089374639618,29990,24876,51432,46318,"[2, 1, 1, 1, 1]",0.5578379724275305,76308
nonrelevant,8,0.5458788759161057,0.54330933635976,0.5125305642276512,0.5642024090381513,0.5415489220088076,0.49474498086701263,0.5170900076016464,0.4188289563348535,0.5379580122660795,37753,31960,44348,38555,"[1, 1, 1, 1, 1]",0.5581655920742256,76308
nonrelevant,9,0.5426011292794538,0.5405842138367166,0.5123059367830357,0.565092988552855,0.5332788355044565,0.5300361692089951,0.5316525579683474,0.46388321014834616,0.5330764795303244,40446,35398,40910,35862,"[1, 1, 1, 1, 1]",0.5544962520312419,76308
nonrelevant,10,0.5413334195939703,0.5387060721324468,0.5057392840676366,0.5651816405527825,0.5284049790128817,0.5741075640824029,0.5503090141694302,0.51238402264507,0.5308617707186665,43809,39099,37209,32499,"[1, 1, 1, 1, 1]",0.5529367825129737,76308
nonrelevant,11,0.540908466583733,0.5385958659546934,0.5070547906853742,0.5652616361024166,0.5291504117902037,0.4479346857472349,0.48516720604099245,0.39858206216910413,0.5246763117890654,34181,30415,45893,42127,"[2, 1, 1, 2, 1]",0.5522749908266499,76308
nonrelevant,12,0.5419805228363187,0.5391518758781146,0.50790067437884,0.5664525931098608,0.5303111229803712,0.4163652565917073,0.4664806929966231,0.3687686743198616,0.5237982911359229,31772,28140,48168,44536,"[2, 1, 1, 2, 2]",0.5534675263406197,76308
nonrelevant,13,0.5419423767947275,0.5390053679291763,0.5094705958386991,0.5665512095768144,0.5300500154771021,0.42636420820883786,0.47258677163753093,0.37802065314252764,0.5241717775331551,32535,28846,47462,43773,"[2, 1, 1, 2, 2]",0.5528122870472296,76308
nonrelevant,14,0.543047655091153,0.5402306998859325,0.5166787213917451,0.5670974275930016,0.5311243889190658,0.4484850867536824,0.48631903540495797,0.395921790637941,0.5262816480578707,34223,30212,46096,42085,"[2, 1, 1, 2, 2]",0.5553808250773182,76308
nonrelevant,15,0.5433141441438352,0.5403565855764587,0.5141312025492192,0.5670325575135956,0.5406014911055387,0.4209519316454369,0.4733324983238412,0.3577213398333071,0.5316152959060649,32122,27297,49011,44186,"[2, 1, 2, 2, 2]",0.5555642920794674,76308
nonrelevant,16,0.54221441169909,0.5394629105527442,0.5141246398786492,0.5641066817558648,0.5437246746755681,0.3991717775331551,0.4603677198497684,0.3349714315668082,0.5321001729831735,30460,25561,50747,45848,"[2, 2, 2, 2, 2]",0.5548566336426063,76308
nonrelevant,17,0.5399265984711114,0.5378513524697591,0.5146992180194946,0.564587563336935,0.5399953202299773,0.4234025266027153,0.47464374908182755,0.3606830214394297,0.5313597525816428,32309,27523,48785,43999,"[2, 2, 2, 2, 2]",0.5507875976306547,76308
nonrelevant,18,0.5396800500465294,0.5376801039171347,0.5140254039849343,0.5653383538376245,0.538860185994754,0.44421292656078,0.48698038257921317,0.38014362845311106,0.5320346490538345,33897,29008,47300,42411,"[2, 2, 2, 2, 2]",0.550708968915448,76308
nonrelevant,19,0.5374134466572181,0.5348432774110091,0.5135085992217044,0.5636702194459006,0.536734946087064,0.4553257849766735,0.4926901206732746,0.39299942338942184,0.5311631807936258,34745,29989,46319,41563,"[2, 2, 2, 2, 2]",0.547701420558788,76308
nonrelevant,20,0.5372981667713195,0.5346888974150527,0.5139374052924163,0.5628848564418325,0.5363676254747386,0.4645384494417361,0.4978756574927843,0.4015437437752267,0.5314973528332547,35448,30641,45667,40860,"[2, 2, 2, 2, 2]",0.5472886198039524,76308
nonrelevant,21,0.5365620100448785,0.5336970583326989,0.5118861616591147,0.5628848564418325,0.5337453611593221,0.49570163023536196,0.5140205330996012,0.43302143942967974,0.5313400954028411,37826,33043,43265,38482,"[2, 2, 2, 2, 2]",0.5465613041882895,76308
nonrelevant,22,0.5361740781234119,0.5329793997325555,0.5118861616591147,0.5604732355681507,0.5323451242567883,0.5092257692509304,0.5205288609663635,0.44734497038318394,0.5309403994338733,38858,34136,42172,37450,"[2, 2, 2, 2, 2]",0.5462467893274623,76308
nonrelevant,23,0.535184992830074,0.5320217396417241,0.5073971356394672,0.5615634575212683,0.5306986876075731,0.51720658384442,0.5238657782261276,0.4573701315720501,0.529918226136185,39467,34901,41407,36841,"[2, 2, 2, 2, 2]",0.5449756250982859,76308
nonrelevant,24,0.5342928895296241,0.5311420997676151,0.506420843260892,0.5606242859622156,0.529069459874094,0.524243853855428,0.5266456029489205,0.46663521518058393,0.5288043193374221,40004,35608,40700,36304,"[2, 2, 2, 2, 2]",0.5439010326571264,76308
nonrelevant,25,0.531205862625068,0.5279809433783467,0.4978868255095284,0.5617122072271589,0.5243909130816505,0.5009435445824815,0.5123991313905794,0.45434292603658855,0.5233003092729465,38226,34670,41638,38082,"[3, 2, 2, 2, 2]",0.5388294805262882,76308
nonrelevant,26,0.5315687947649133,0.5283123352127209,0.49812601392465966,0.5619504661391888,0.5250181193460929,0.5126199087906904,0.5187449441033326,0.463765267075536,0.5244273208575772,39117,35389,40919,37191,"[3, 2, 2, 2, 2]",0.5395109293914138,76308
nonrelevant,27,0.5307645012406976,0.5274780735072759,0.49614798223403506,0.5621328600785187,0.5245901639344263,0.4856109451171568,0.5043485361969703,0.44008491901242336,0.5227630130523667,37056,33582,42726,39252,"[3, 2, 2, 3, 2]",0.5386918802746763,76308
nonrelevant,28,0.529813592386119,0.5267545173832227,0.49536160430871673,0.5615399021163777,0.5238790406673618,0.4937883314986633,0.5083888203031713,0.448773392042774,0.5225074697279446,37680,34245,42063,38628,"[3, 2, 2, 3, 2]",0.537407611259632,76308
nonrelevant,29,0.5298494282429393,0.5267504258667632,0.4960679300757545,0.5614482787643483,0.5256569962028547,0.45898202023378937,0.4900620553110811,0.4141767573517849,0.5224026314410023,35024,31605,44703,41284,"[3, 2, 3, 3, 2]",0.5373748492949626,76308
nonrelevant,30,0.5298344972226935,0.5267017443246479,0.49516752636656247,0.5616749853791932,0.5261690325659072,0.4624285789170205,0.49224395279412997,0.41643078052104626,0.522998899197987,35287,31777,44531,41021,"[3, 2, 3, 3, 2]",0.5372110394716151,76308
nonrelevant,31,0.5294774413534625,0.526325575955282,0.495816914134535,0.5595938996675661,0.5254442824351442,0.4769748912302773,0.5000377806933788,0.4307805210462861,0.5230971850919957,36397,32872,43436,39911,"[3, 2, 3, 3, 2]",0.5363788855690098,76308
nonrelevant,32,0.5290168047298482,0.5257079537342142,0.4942589953938998,0.5593019521094879,0.524919102997075,0.4868165854169943,0.5051503634150819,0.4405960056612675,0.5231102898778635,37148,33621,42687,39160,"[3, 2, 3, 3, 2]",0.5359333228495047,76308
nonrelevant,33,0.5282663627941807,0.5249834159760374,0.49462770132208,0.5566010419052807,0.5234617087206729,0.4958850972375111,0.5093003849363374,0.4514336635739372,0.522225716831787,37840,34448,41860,38468,"[3, 2, 3, 3, 2]",0.5343017770089636,76308
nonrelevant,34,0.5278938177646127,0.5244779601752345,0.49270303773697577,0.5566010419052807,0.5248351195383347,0.46719872097289933,0.49434260517485235,0.42298317345494574,0.5221077737589768,35651,32277,44031,40657,"[3, 3, 3, 3, 2]",0.5335744613933009,76308
nonrelevant,35,0.5275534611034361,0.5243975669008207,0.4933049240077011,0.5557155478885689,0.5242386801366379,0.47262410232216806,0.4970951668814566,0.42891964145305866,0.5218522304345548,36065,32730,43578,40243,"[3, 3, 3, 3, 2]",0.5332992608900771,76308
nonrelevant,36,0.5282828629608918,0.5249817289042998,0.49355660843714466,0.5564137268028285,0.5253350350989151,0.4854536876867432,0.5046075887292862,0.43863028778109764,0.5234116999528228,37044,33471,42837,39264,"[3, 3, 3, 3, 2]",0.5346162918697909,76308
nonrelevant,37,0.5273519390421498,0.5240175803109822,0.4923721027803585,0.5559862140810333,0.5238562678870162,0.49654033653090107,0.509832679615439,0.451315720501127,0.522612308014887,37890,34439,41869,38418,"[3, 3, 3, 3, 2]",0.5330633747444566,76308
nonrelevant,38,0.5261879037927172,0.5230468098221264,0.49004715343956107,0.5561376175729938,0.5224727127264415,0.4792551239712743,0.4999316491688539,0.4380274676311789,0.5206138281700476,36571,33425,42883,39737,"[3, 3, 3, 4, 2]",0.530560360643707,76308
nonrelevant,39,0.5255000124453219,0.5224552383430654,0.4895946839952425,0.5563004867532215,0.5224946710145542,0.48504743932484146,0.5030751561363807,0.44328248676416626,0.5208824762803376,37013,33826,42482,39295,"[3, 3, 3, 3, 3]",0.5297019971693662,76308
nonrelevant,40,0.5256921949337949,0.5226047599090177,0.4895743575151357,0.5563439377810417,0.5213289637866967,0.49824395869371496,0.5095251177657015,0.4574749698589925,0.5203844944173612,38020,34909,41399,38288,"[3, 3, 3, 3, 3]",0.529780625884573,76308
nonrelevant,41,0.5249077068819098,0.5217196332069016,0.48940849199508374,0.5540187748147041,0.5204292366875886,0.5052681239188551,0.5127366300293231,0.46559993709702785,0.5198340934109136,38556,35529,40779,37752,"[3, 3, 3, 3, 3]",0.5287715573727525,76308
nonrelevant,42,0.5251197064348536,0.52182919463375,0.48940849199508374,0.5558444175167202,0.5212827331954353,0.4854798972584788,0.5027446988973706,0.44583792000838707,0.5198209886250459,37046,34021,42287,39262,"[3, 3, 3, 4, 3]",0.5291057294123813,76308
nonrelevant,43,0.5252963090866919,0.5219214048656975,0.49005100903554205,0.5552801693004475,0.5209637481568038,0.49077423074906956,0.5054185729516715,0.4512764061435236,0.519748912302773,37450,34436,41872,38858,"[3, 3, 3, 4, 3]",0.5302655029616816,76308
nonrelevant,44,0.5236870183524073,0.5202708037852819,0.4888266354067889,0.5540614130511422,0.5186517577889043,0.5063427163600147,0.5124233281389874,0.4699245164334015,0.5182090999633067,38638,35859,40449,37670,"[3, 3, 3, 4, 3]",0.5271662211039472,76308
nonrelevant,45,0.5226291641032409,0.5191094884341068,0.48794945403540435,0.554054248939124,0.5182103631473655,0.512580594433087,0.5153801050155811,0.4765555380825077,0.5180125281752896,39114,36365,39943,37194,"[3, 3, 3, 4, 3]",0.5244011112858415,76308
nonrelevant,46,0.5215597820286332,0.5180239089519291,0.48658582959410795,0.552793631712899,0.5178954673383624,0.5281097656864286,0.5229527449211983,0.4916129370446087,0.51824841432091,40299,37514,38794,36009,"[3, 3, 3, 4, 3]",0.5228350893746396,76308
nonrelevant,47,0.5209049576480002,0.5175836647494307,0.486705444605249,0.5527137272136656,0.5167563461416724,0.5348849399800807,0.5256643892512862,0.500196571788017,0.5173441840960319,40816,38169,38139,35492,"[3, 3, 3, 4, 3]",0.5212232007129003,76308
nonrelevant,48,0.5203875394579628,0.5170412382663278,0.486705444605249,0.5514350886703211,0.5162573655436428,0.5407820936205903,0.5282352263490377,0.5067227551501808,0.5170296692352048,41266,38667,37641,35042,"[3, 3, 3, 4, 3]",0.5199716936625256,76308
nonrelevant,49,0.5201194570441221,0.5168820295671185,0.4864188600976528,0.5517999742616062,0.5164775261410377,0.5463123132568014,0.5309761565111066,0.5114535828484562,0.5174293652041726,41688,39028,37280,34620,"[3, 3, 3, 4, 3]",0.5194081878702103,76308
nonrelevant,50,0.5199179411653106,0.5167828476384272,0.48657317269881223,0.5505666521689261,0.5163419541640084,0.5515280180321853,0.533355299842855,0.516616868480369,0.5174555747759082,42086,39422,36886,34222,"[3, 3, 3, 4, 3]",0.5192640352256643,76308
nonrelevant,51,0.5188876964749636,0.515788669853108,0.48659972083487957,0.5485702166810774,0.5142410955612949,0.5609896734287362,0.5365991238021222,0.5299182261361849,0.5155357236462756,42808,40437,35871,33500,"[3, 3, 3, 4, 3]",0.5172524505949573,76308
nonrelevant,52,0.5182704374984917,0.5150424810271887,0.4844587194819038,0.5477861705767076,0.5125176435628854,0.5424595062116685,0.5270636769930097,0.5159616291869791,0.5132489385123447,41394,39372,36936,34914,"[3, 3, 3, 5, 3]",0.515378466215862,76308
nonrelevant,53,0.5180303667619391,0.514828517585417,0.4854796202738354,0.5475551423989404,0.5112073062645309,0.5215442679666614,0.5163240550340882,0.4986764166273523,0.5114339256696545,39798,38053,38255,36510,"[3, 3, 3, 5, 4]",0.5150180846044976,76308
nonrelevant,54,0.5180409165542054,0.5148745863543994,0.48569622710128263,0.5474948048528975,0.5112324192408966,0.5215966871101326,0.5163625513255451,0.4986764166273523,0.5114601352413901,39802,38053,38255,36506,"[3, 3, 3, 5, 4]",0.5148346176023484,76308
nonrelevant,55,0.5172433687111306,0.5140534137451843,0.4852175784376344,0.5453093642783295,0.511124979303845,0.5259212664465063,0.5184175682221863,0.5030272055354615,0.5114470304555223,40132,38385,37923,36176,"[3, 3, 3, 5, 4]",0.5125674896472192,76308
nonrelevant,56,0.5171615803219344,0.5140961617219889,0.4853060962642126,0.5452312896700766,0.5110883657454793,0.5300361692089951,0.5203898484994692,0.5070372700110081,0.5114994495989935,40446,38691,37617,35862,"[3, 3, 3, 5, 4]",0.5121743460711852,76308
nonrelevant,57,0.5168125122102161,0.5139163892753104,0.4858417134388368,0.5450374766780506,0.5113880069490205,0.5593515751952614,0.534295531785721,0.5344393772605756,0.5124560989673429,42683,40782,35526,33625,"[3, 3, 3, 4, 4]",0.5112963254180427,76308
nonrelevant,58,0.5161196664679015,0.5131848840741186,0.48582383345920144,0.5446116961346107,0.5126767959269871,0.5885490381087173,0.5479991946750941,0.5594433086963359,0.5145528647061907,44911,42690,33618,31397,"[3, 3, 3, 4, 3]",0.5093109503590711,76308
nonrelevant,59,0.5154681800226163,0.5125526657960665,0.4860054348037138,0.5439427199708283,0.5123133276979431,0.5956780416208,0.550859525064684,0.5670440844996593,0.5143169785605703,45455,43270,33038,30853,"[3, 3, 3, 4, 3]",0.5079415002358861,76308
nonrelevant,60,0.5152011469980146,0.5124753074598145,0.48684951075205335,0.5427711500365145,0.5109559244419004,0.5848928028516014,0.5454301042417725,0.5598102427006343,0.5125412800754836,44632,42718,33590,31676,"[3, 3, 3, 5, 3]",0.5068800125805945,76308
nonrelevant,61,0.5144160314249316,0.5116439928109885,0.48365526043424684,0.5427240680963726,0.5116888693038654,0.5934633328091419,0.5495506974655818,0.5663495308486659,0.513556900980238,45286,43217,33091,31022,"[3, 3, 3, 5, 3]",0.504560465481994,76308
nonrelevant,62,0.5134950784642477,0.5108444287036727,0.48333743727777484,0.5400175882725308,0.5107369306040472,0.573190229071657,0.5401643747645835,0.5490905278607747,0.5120498506054411,43739,41900,34408,32569,"[3, 3, 3, 4, 5]",0.5025226712795513,76308
nonrelevant,63,0.513090565059352,0.5105209563705292,0.4826114812569549,0.5387813703329591,0.510213662491126,0.5839361534832521,0.544591241857225,0.5605572154950988,0.5116894689940766,44559,42775,33533,31749,"[3, 3, 3, 4, 5]",0.5021033181317818,76308
nonrelevant,64,0.5120869087890609,0.5094595680340691,0.4809851575864737,0.536721543779531,0.5093231653504107,0.5899119358389684,0.5466634282591536,0.5683152487288358,0.5107983435550663,45015,43367,32941,31293,"[3, 3, 3, 4, 5]",0.4991023221680558,76308
nonrelevant,65,0.5113017999136591,0.5088976844354705,0.48092937071858255,0.5357304757128053,0.5099433194457902,0.5517770089636735,0.5300360029205167,0.5302589505687477,0.5107590291974629,42105,40463,35845,34203,"[3, 3, 4, 5, 5]",0.49771321486606906,76308
nonrelevant,66,0.5107465611206374,0.5083276921473482,0.48054238260830856,0.5348512908226415,0.5102437619270515,0.5571237615977355,0.5326542502208274,0.5347538921214028,0.5111849347381664,42513,40806,35502,33795,"[3, 3, 4, 5, 5]",0.49644205063689256,76308
nonrelevant,67,0.5102290671952832,0.5077418941145545,0.47971339618668574,0.5335213975659119,0.5111692960360599,0.6063453373171882,0.5547043590850237,0.5798474602924988,0.5132489385123447,46269,44247,32061,30039,"[3, 3, 4, 4, 4]",0.4953346962310636,76308
nonrelevant,68,0.5095882567677924,0.5069508397972429,0.4778331191101333,0.5330584951078731,0.5117061035317104,0.5903181842008701,0.5482082767937009,0.5633092205273366,0.5135044818367668,45046,42985,33323,31262,"[3, 3, 4, 5, 4]",0.49311343502647165,76308
nonrelevant,69,0.5089933013269633,0.5063113675756498,0.4778813279289454,0.5305941538314286,0.5117689828430043,0.6180085967395292,0.559893622704904,0.5895843161922735,0.5142121402736279,47159,44990,31318,29149,"[3, 3, 4, 4, 4]",0.4917308801174189,76308
nonrelevant,70,0.5090272863053739,0.5063794928620322,0.4790860241491454,0.5301487841273835,0.5107155404614123,0.628649682864182,0.5635790104383889,0.6022697489123028,0.5131899669759397,47971,45958,30350,28337,"[3, 3, 4, 4, 4]",0.4927137390575038,76308
nonrelevant,71,0.5090485350421122,0.5063804760969552,0.47886283229661997,0.5305077758707777,0.5106986875543186,0.6083503695549615,0.5552638346480709,0.5828615610420925,0.5127444042564344,46422,44477,31831,29886,"[3, 3, 5, 4, 4]",0.4922354143733291,76308
nonrelevant,72,0.5086769182424496,0.5059652873076295,0.47863694984833804,0.5295610560114306,0.5107428808616151,0.6127535776065419,0.557117069886868,0.5869764638045815,0.5128885569009802,46758,44791,31517,29550,"[3, 3, 5, 4, 4]",0.49158017507993923,76308
nonrelevant,73,0.5083605786928632,0.5054554027425783,0.4778024074851686,0.529463565460408,0.5104870206935244,0.6200529433349059,0.5599607086642129,0.5945772396079048,0.5127378518635005,47315,45371,30937,28993,"[3, 3, 5, 4, 4]",0.4908921738218798,76308
nonrelevant,74,0.5082859047866064,0.5054036498891816,0.47781304782055195,0.5293943405069576,0.5104314841156946,0.6207212874141637,0.560199640457943,0.5953504219741049,0.5126854327200294,47366,45430,30878,28942,"[3, 3, 5, 4, 4]",0.49082009749960687,76308
nonrelevant,75,0.507857363965996,0.5049718880177093,0.47734977161224645,0.5291782090630458,0.5098876953125,0.602125596267757,0.5521812282177623,0.5787728678513393,0.5116763642082088,45947,44165,32143,30361,"[3, 4, 5, 4, 4]",0.489706190700844,76308
nonrelevant,76,0.5077752925568396,0.5048046210581636,0.47703752104018143,0.5300256906478247,0.5100047405382164,0.6062404990302458,0.5539741939346765,0.5824553126801908,0.5118925931750276,46261,44446,31862,30047,"[3, 4, 5, 4, 4]",0.48909026576505743,76308
nonrelevant,77,0.5071817845020682,0.5039416060008507,0.47491609446478655,0.5292417955538757,0.5095840826826326,0.5866881585154898,0.5454246415126521,0.5646196991141165,0.5110342297006867,44769,43085,33223,31539,"[3, 4, 5, 5, 4]",0.4867314043088536,76308
nonrelevant,78,0.5068656394428366,0.5036405707642394,0.47544095757781496,0.528216139438581,0.5095965571762143,0.6377837186140378,0.5665295004394364,0.6137626461183624,0.5120105362478378,48668,46835,29473,27640,"[3, 3, 5, 4, 4]",0.4856502594747602,76308
nonrelevant,79,0.5066447020920772,0.503316183034167,0.47380653715577375,0.527773161473111,0.5099306363362199,0.620432982125072,0.5597805524025729,0.5962677569848509,0.5120826125701106,47344,45500,30808,28964,"[3, 4, 5, 4, 4]",0.48494260103789905,76308
nonrelevant,80,0.5063885226596867,0.5030943679356781,0.47414547455440903,0.5276334213154096,0.5096554457142245,0.6235912355192116,0.5608958302637395,0.5999633065995702,0.5118139644598207,47585,45782,30526,28723,"[3, 4, 5, 4, 4]",0.48428736174450915,76308
nonrelevant,81,0.5056846898008776,0.5026379564245941,0.4744116660104572,0.5286167101247269,0.5092090892703771,0.6293311317293075,0.5629333536517463,0.6065681186769408,0.5113815065261833,48023,46286,30022,28285,"[3, 4, 5, 4, 4]",0.48165329978508153,76308
nonrelevant,82,0.5054469338859521,0.5023993639034241,0.47371581969781934,0.5265731416196823,0.5087186878324064,0.6568249724799496,0.5733618559531436,0.6343109503590711,0.5112570110604393,50121,48403,27905,26187,"[3, 3, 5, 4, 4]",0.4812601562090475,76308
nonrelevant,83,0.5052122824320808,0.5020990293373745,0.4733430806498145,0.5263982115924704,0.508390996579973,0.6701263301357656,0.5781606856160821,0.648005451590921,0.5110604392724223,51136,49448,26860,25172,"[3, 3, 5, 4, 4]",0.48073596477433556,76308
nonrelevant,84,0.5048457749326798,0.501793879319139,0.47311163393855576,0.526262879606609,0.5086657327784537,0.6519237825653929,0.5714531868333841,0.6297111705194737,0.5111063060229596,49747,48052,28256,26561,"[3, 4, 5, 4, 4]",0.4797203438695812,76308
nonrelevant,85,0.5040690339511266,0.5010545181228532,0.4728512619360098,0.5262600770308598,0.5069183304593522,0.6395004455627195,0.5655428975396062,0.6220448707868114,0.5087277873879541,48799,47467,28841,27509,"[3, 4, 5, 5, 4]",0.47801016931383344,76308
nonrelevant,86,0.5040405266454376,0.5011167283937804,0.47286990471341117,0.5260866993019432,0.5068620561365798,0.6427373276720658,0.5667698992326893,0.6253341720396288,0.5087015778162185,49046,47718,28590,27262,"[3, 4, 5, 5, 4]",0.4770666247313519,76308
nonrelevant,87,0.5030276594321572,0.500135622687556,0.4726180372125037,0.52443126533075,0.5061458563092779,0.6615820097499607,0.5735188866799205,0.6455155422760392,0.5080332337369607,50484,49258,27050,25824,"[3, 4, 5, 5, 4]",0.47555302196362115,76308
nonrelevant,88,0.5028433174380805,0.5000537347624047,0.47259487312470744,0.5240037637126622,0.5063119578686494,0.6853803008858835,0.5823923743346473,0.6682916601142738,0.5085443203858049,52300,50996,25312,24008,"[3, 4, 5, 4, 4]",0.4750615924935787,76308
nonrelevant,89,0.5027059955695726,0.5000933394112893,0.4708831327472931,0.5239555092210183,0.5060804860430829,0.6702442732085758,0.5767073163856141,0.6541384913770509,0.5080528909157624,51145,49916,26392,25163,"[3, 4, 5, 5, 4]",0.4751533259946532,76308
nonrelevant,90,0.5021212823428857,0.49947447589918514,0.47052572177367,0.522309804318254,0.506215930036472,0.6766263039261938,0.5791457286432161,0.6600094354458248,0.5083084342401845,51632,50364,25944,24676,"[3, 4, 5, 5, 4]",0.47341038947423597,76308
nonrelevant,91,0.5018486361463218,0.4991549400051203,0.47082549297428306,0.5223251918359769,0.5055167251552946,0.6814750746972794,0.5804539645155349,0.6666011427373276,0.5074369659799759,52002,50867,25441,24306,"[3, 4, 5, 5, 4]",0.47314829375688006,76308
nonrelevant,92,0.5015314022845739,0.49890520380726944,0.470901897572337,0.5213200131778799,0.5057753462791305,0.6857210253184463,0.5821600422774177,0.6700608062064266,0.5078301095560098,52326,51131,25177,23982,"[3, 4, 5, 5, 4]",0.47176573884782724,76308
nonrelevant,93,0.5012361603445626,0.49859548161989126,0.4700931904760499,0.5210810414078346,0.5060683197345395,0.5835954290506893,0.5420739352184339,0.5695995177438801,0.5069979556534046,44533,43465,32843,31775,"[6, 4, 5, 5, 4]",0.4712153378413797,76308
nonrelevant,94,0.5009763390910117,0.4983002744259412,0.46945545271032196,0.5206257605345591,0.5054021094970155,0.6191487131100278,0.5565227634136286,0.6059128793835509,0.5066179168632385,47246,46236,30072,29062,"[5, 4, 5, 5, 4]",0.47060596529852705,76308
nonrelevant,95,0.5006950171648721,0.4979695752630616,0.4695543640031884,0.519950919392525,0.5053497942386831,0.6195680662577974,0.5566603674726103,0.6064501756041306,0.5065589453268333,47278,46277,30031,29030,"[6, 4, 4, 5, 4]",0.46972794464538453,76308
nonrelevant,96,0.5003056395747019,0.4975257097662668,0.4689815139761526,0.5196848257067704,0.5048627848957673,0.6258583634743409,0.5588868604596733,0.6138019604759658,0.5060282014991875,47758,46838,29470,28550,"[6, 4, 4, 5, 4]",0.46807018923310795,76308
nonrelevant,97,0.500139277333784,0.4973892861288027,0.467816469370735,0.5195377082458685,0.5035061070767182,0.6342192168579965,0.5613538561469847,0.6253865911831,0.5044163128374483,48396,47722,28586,27912,"[6, 4, 4, 5, 4]",0.46703491114955176,76308
nonrelevant,98,0.4994134492902655,0.49650498919976255,0.46465474752348135,0.5186453743453948,0.5039979393171842,0.6153876395659695,0.554150612753052,0.6056245740944592,0.5048815327357551,46959,46214,30094,29349,"[6, 4, 5, 5, 4]",0.4646694973004141,76308
nonrelevant,99,0.4991865553825864,0.4963350858462853,0.4646397162467758,0.5187396270553378,0.5033060064266293,0.6404177805734654,0.5636432838919517,0.6320045080463386,0.5042066362635634,48869,48227,28081,27439,"[6, 4, 4, 5, 4]",0.4636538763956597,76308
nonrelevant,100,0.498577578947463,0.49559980027429695,0.4620549829511648,0.517589800400866,0.5029131761272614,0.6458955810662054,0.5655064797976032,0.6384127483356922,0.5037414163652566,49287,48716,27592,27021,"[6, 4, 4, 5, 4]",0.4617274728730933,76308
nonrelevant,101,0.4974605812547434,0.4947451642047523,0.46208966112451283,0.517036904615045,0.5019725152832291,0.6553179221051528,0.5684857924025306,0.6501677412591078,0.5025750904230225,50006,49613,26695,26302,"[6, 4, 4, 5, 4]",0.4590868585207318,76308
nonrelevant,102,0.4966086831034822,0.4940596441909796,0.461933379118212,0.5162751925077512,0.5014525678786478,0.6537191382292813,0.5675505014591523,0.6499318551134875,0.501893641557897,49884,49595,26713,26424,"[6, 4, 4, 5, 5]",0.4567476542433297,76308
nonrelevant,103,0.4966109336960649,0.494222795644139,0.4619775326267189,0.5163105489328726,0.5015894913627639,0.6575326309168108,0.5690711126233413,0.6533653090108508,0.50208366095298,50175,49857,26451,26133,"[6, 4, 4, 5, 5]",0.4566755779210568,76308
nonrelevant,104,0.49632443326029246,0.4938138964593411,0.4598377822620794,0.5163694008028646,0.5014736632480334,0.659996330659957,0.5699170523599905,0.6561173140430885,0.5019395083084343,50363,50067,26241,25945,"[6, 4, 4, 5, 5]",0.45585652880431937,76308
nonrelevant,105,0.4960508043078298,0.49349623860749875,0.45911013421712393,0.5155897362214372,0.5023545091070635,0.6668501336688158,0.5730308609651864,0.6605991508098757,0.50312549142947,50886,50409,25899,25422,"[6, 4, 4, 5, 5]",0.4546508885044819,76308
nonrelevant,106,0.49555386505054355,0.4929081922475908,0.4582638614112183,0.5151603580767979,0.502139361364576,0.6843843371599309,0.5792658240484496,0.6785527074487603,0.5029158148555852,52224,51779,24529,24084,"[6, 4, 4, 5, 4]",0.4529931330922053,76308
nonrelevant,107,0.49482992060103087,0.49217627526901697,0.45798559278617657,0.5150455057688756,0.5016566809691828,0.6726162394506474,0.5746916655936312,0.6681737170414636,0.502221261204592,51326,50987,25321,24982,"[6, 4, 4, 6, 4]",0.45064737642186925,76308
nonrelevant,108,0.4946149027123421,0.4919518498967987,0.4578873610767744,0.5151657011808015,0.5022840311827578,0.7464092886722231,0.6004828575043225,0.7396210095927033,0.5033941395397599,56957,56439,19869,19351,"[4, 4, 4, 5, 4]",0.44939586937149445,76308
nonrelevant,109,0.4942149886394002,0.4915236452582123,0.4576787733342056,0.5150497051910166,0.5021366394091269,0.7483881113382608,0.6010166387775077,0.7420191854065105,0.5031844629658752,57108,56622,19686,19200,"[4, 4, 4, 5, 4]",0.4473580751690518,76308
nonrelevant,110,0.4939867597464909,0.49132306711085727,0.4580198909475466,0.5145469270989421,0.5007361361033862,0.6819337422026525,0.5774542387740041,0.6799287099648792,0.5010025161188867,52037,51884,24424,24271,"[6, 4, 4, 6, 4]",0.4464603973371075,76308
nonrelevant,111,0.49377997571216126,0.4910054496254775,0.4573483237943485,0.5149145397607662,0.5014354347316616,0.6729438590973423,0.5746659504465185,0.6690910520522094,0.5019264035225665,51351,51057,25251,24957,"[6, 5, 4, 5, 5]",0.4449467945693768,76308
nonrelevant,112,0.49402743742566757,0.49123973171979285,0.4563419633147421,0.5145484882802034,0.5008066331507466,0.6997169366252556,0.5837834291837047,0.6974629134559941,0.5011270115846307,53394,53222,23086,22914,"[6, 4, 4, 5, 5]",0.44552340514755984,76308
nonrelevant,113,0.49327162712686856,0.49031647434060766,0.45477972297803615,0.5142416995068066,0.5004090336694457,0.713437647428841,0.5882302094532175,0.7122713214866069,0.500583162971117,54441,54352,21956,21867,"[5, 4, 4, 6, 5]",0.44334145830057137,76308
nonrelevant,114,0.4932393776206704,0.49030674997573465,0.4547457271619625,0.5142104536741668,0.5011417401947352,0.7190071814226555,0.5906238225954034,0.7157309849557059,0.5016380982334748,54866,54616,21692,21442,"[5, 4, 4, 6, 5]",0.44305970540441364,76308
nonrelevant,115,0.4934411671598619,0.4902893978345545,0.45412348112540973,0.5134601250877054,0.5012316502295141,0.7226372071080358,0.5919076013159943,0.7190858101378623,0.5017756984850867,55143,54872,21436,21165,"[5, 4, 4, 6, 5]",0.44288279079519843,76308
nonrelevant,116,0.49287281241817066,0.48963970731991796,0.4532533701958636,0.5123387838842123,0.5017172520471567,0.752345756670336,0.6019870500956825,0.7471955758242911,0.5025750904230225,57410,57017,19291,18898,"[4, 4, 4, 6, 5]",0.44106122555957433,76308
nonrelevant,117,0.49282623622864374,0.48961946945922297,0.452518807042433,0.5123127145999651,0.50178177794429,0.7547177229124076,0.602791486333021,0.7493578654924778,0.5026799287099648,57591,57182,19126,18717,"[4, 4, 4, 6, 5]",0.4402028620852335,76308
nonrelevant,118,0.49218658870749976,0.4891067514032302,0.4530036690406117,0.5114537140291234,0.5009436166579794,0.7304869738428474,0.5943214167670672,0.7277349688106096,0.5013760025161189,55742,55532,20776,20566,"[5, 4, 4, 6, 5]",0.43788986737956703,76308
nonrelevant,119,0.4912489865137664,0.48840170906376273,0.4523394552578779,0.5114208537174268,0.5008971079371847,0.7390181894427845,0.5970925184761663,0.7363710226974891,0.5013235833726477,56393,56191,20117,19915,"[5, 4, 4, 6, 5]",0.43458090894794776,76308
nonrelevant,120,0.49102601641679533,0.48814141814451323,0.45126228218129494,0.5112033365308309,0.502341825997403,0.7350998584683126,0.5968303958547239,0.7282460554594538,0.5034269015044294,56094,55571,20737,20214,"[5, 4, 5, 5, 5]",0.43299522985794414,76308
nonrelevant,121,0.49062693921051925,0.4876430850044825,0.4503550410303093,0.5106476892463148,0.5021256073163761,0.7367772710593908,0.5972295990991948,0.7305393929863186,0.5031189390365362,56222,55746,20562,20086,"[5, 4, 5, 5, 5]",0.4312391885516591,76308
nonrelevant,122,0.49031097361479375,0.4872602285188365,0.45032560813178146,0.5102403697268078,0.501329607427773,0.7288226660376369,0.594040898725186,0.7249567542066363,0.5019329559155004,55615,55320,20988,20693,"[5, 5, 4, 5, 6]",0.4302170152539707,76308
nonrelevant,123,0.48997684966108046,0.4868652871746413,0.4491879354840184,0.5101314290327083,0.5012861100118717,0.7304214499135084,0.5945406835345821,0.7266734811553179,0.5018739843790953,55737,55451,20857,20571,"[5, 5, 4, 5, 6]",0.42918173717041463,76308
nonrelevant,124,0.4898716332986271,0.4866988311888871,0.4494694217287276,0.50979971909841,0.5007949125596184,0.7636813964459821,0.6049109112330218,0.7612570110604393,0.5012121926927714,58275,58090,18218,18033,"[5, 4, 4, 5, 5]",0.4284478691618179,76308
nonrelevant,125,0.4897040961298837,0.4865206509500141,0.4496346631415165,0.5096187841862332,0.5005734730210901,0.7664071919064842,0.605602153878016,0.7646511506001992,0.5008780206531425,58483,58349,17959,17825,"[5, 4, 4, 5, 5]",0.4275698485086754,76308
nonrelevant,126,0.48952636843935726,0.4862841422696488,0.44891970805138753,0.5094645092755375,0.5004186245194361,0.7675997274204539,0.6058606315745922,0.7663154584054097,0.5006421345075222,58574,58476,17832,17734,"[5, 4, 4, 5, 5]",0.42638386538763956,76308
nonrelevant,127,0.4893761201322075,0.4858630441070659,0.4489536872246009,0.5079439720248754,0.5004299226139295,0.7703255228809561,0.6067161752790665,0.7690019395083084,0.5006617916863239,58782,58681,17627,17526,"[5, 4, 4, 5, 5]",0.42518477748073596,76308
nonrelevant,128,0.48899177404615685,0.48539502835365217,0.4493696339118828,0.5076152423256449,0.5000473488924664,0.7611914871311003,0.6035839910218375,0.7610473344865545,0.5000720763222729,58085,58074,18234,18223,"[5, 4, 4, 6, 5]",0.4236711747130052,76308
nonrelevant,129,0.4884363383584846,0.4848134746057798,0.4486619933588774,0.5075132281242252,0.500421151146467,0.7707841903863291,0.6068519368767508,0.769486816585417,0.500648686900456,58817,58718,17590,17491,"[5, 4, 4, 6, 5]",0.42198720972899306,76308
nonrelevant,130,0.48814030531929503,0.48466399288764145,0.4495139635706427,0.507267463105989,0.500248448251177,0.7783980709755203,0.6090697018636725,0.7776248886093201,0.5003865911831,59398,59339,16969,16910,"[5, 4, 4, 6, 5]",0.42021806363684017,76308
nonrelevant,131,0.4869947856375086,0.48342795599303445,0.4475798329718097,0.5076263082804454,0.5001168829000318,0.7850159878387587,0.6109870159011862,0.7846490538344604,0.5001834670021492,59903,59875,16433,16405,"[5, 4, 4, 6, 5]",0.41667321905960053,76308
nonrelevant,132,0.4864157158940841,0.48283838917095145,0.4474689166290113,0.50753792943172,0.4988591986190749,0.7650311893903654,0.60391763348868,0.7685301672170677,0.49825051108664886,58378,58645,17663,17930,"[6, 4, 4, 6, 5]",0.4141374429941814,76308
nonrelevant,133,0.4859993279299492,0.4823998053505104,0.44631244587048363,0.5072430549363697,0.4989944267380226,0.7673507364889658,0.6047383477748975,0.7704434659537663,0.4984536352675997,58555,58791,17517,17753,"[6, 4, 4, 6, 5]",0.41318734601876606,76308
nonrelevant,134,0.4856329660621781,0.482006912875771,0.4456624672809687,0.5069648493265768,0.49990892833487877,0.7912800754835666,0.6127189332900371,0.7915683807726581,0.4998558473554542,60381,60403,15905,15927,"[5, 4, 4, 6, 5]",0.4110643707081826,76308
nonrelevant,135,0.4858541644507646,0.4822031795963334,0.44488343440468453,0.5093647469059797,0.49994373352196,0.8150783666194894,0.6197512903804381,0.8152618336216386,0.4999082664989254,62197,62211,14097,14111,"[4, 4, 4, 6, 5]",0.4100094354458248,76308
nonrelevant,136,0.48559061507900836,0.48193298170602894,0.4445514121145244,0.5092757440288981,0.49978513803867514,0.8077921056769932,0.6175122593829987,0.8084866593279866,0.4996527231745033,61641,61694,14614,14667,"[4, 4, 4, 6, 6]",0.4089151858258636,76308
nonrelevant,137,0.4857576561041447,0.48203129164740555,0.4446396054053259,0.5090849889978916,0.49971580674858906,0.8180269434397442,0.620426094432545,0.8189573832363579,0.49953478010169317,62422,62493,13815,13886,"[4, 4, 4, 6, 5]",0.4084630707134246,76308
nonrelevant,138,0.48568798811343095,0.48199946454860854,0.44430853453201574,0.5095763147261476,0.4994768317269657,0.7694475022278136,0.6057432902956242,0.7710593908895529,0.49919405566913033,58715,58838,17470,17593,"[6, 4, 4, 6, 6]",0.40833857524768047,76308
nonrelevant,139,0.4852815753148716,0.4817508006754725,0.44380878272144453,0.5092840140701739,0.4972957291170193,0.628977302510877,0.5554385437039265,0.635818000733868,0.49657965088850453,47996,48518,27790,28312,"[6, 4, 63, 6, 5]",0.4064514860827174,76308
nonrelevant,140,0.4848117153833183,0.4812368987186179,0.4434586030706432,0.5079693795281612,0.4973198332340679,0.6456072757771139,0.561843883468572,0.652565917072915,0.4965206793520994,49265,49796,26512,27043,"[6, 4, 64, 5, 5]",0.40428264402159664,76308
nonrelevant,141,0.4847502858838198,0.4809385584946678,0.4428615737413299,0.5078925929499675,0.4973577497744421,0.657388478272265,0.5662841693524262,0.6643733291398018,0.49650757456623157,50164,50697,25611,26144,"[6, 5, 64, 0, 5]",0.4026052314305184,76308
nonrelevant,142,0.4841552472371832,0.4804549054553213,0.4429552342117561,0.5070576563338156,0.4987237885808529,0.6657493316559208,0.5702579529892463,0.6691565759815484,0.49829637783718617,50802,51062,25246,25506,"[5, 5, 65, 4, 5]",0.399958064685223,76308
nonrelevant,143,0.4836053804137367,0.48008021073865004,0.44293834170850144,0.5065747627609635,0.4978041617645738,0.7263851758662263,0.5907543097705896,0.73279341615558,0.49679587985532314,55429,55918,20390,20879,"[0, 5, 65, 4, 5]",0.3980382135555905,76308
nonrelevant,144,0.48324235493569456,0.47972289041693755,0.44291409860859254,0.5061906144580708,0.49840700739255067,0.7359778791214552,0.5943308869828403,0.740682497247995,0.4976476909367301,56161,56520,19788,20147,"[0, 5, 66, 0, 6]",0.39569245688525445,76308
