attack_name,qid,docid,score_control,score_attack,delta_score,rank_control,rank_attack,delta_rank,success
bar_random_5,1103812,3202701,-12.891368865966797,-12.841937065124512,0.049431800842285156,93,93,0,0
bar_random_5,527433,199249,-13.052897453308105,-13.235173225402832,-0.18227577209472656,101,101,0,0
bar_random_5,148538,963821,-10.964073181152344,-11.332372665405273,-0.3682994842529297,93,95,-2,0
bar_random_5,264014,5328095,4.923291206359863,4.995296478271484,0.0720052719116211,8,7,1,1
bar_random_5,131843,8073461,-13.783489227294922,-13.955124855041504,-0.17163562774658203,95,98,-3,0
bar_random_5,451602,8294680,-11.445221900939941,-11.295816421508789,0.14940547943115234,93,91,2,1
bar_random_5,168216,3908778,0.8004519939422607,0.77415531873703,-0.026296675205230713,90,90,0,0
bar_random_5,130510,8614562,-12.959593772888184,-13.252269744873047,-0.2926759719848633,85,93,-8,0
bar_random_5,1112341,4560142,-14.414225578308105,-14.447935104370117,-0.03370952606201172,101,101,0,0
bar_random_5,1133167,2750180,-10.969398498535156,-11.103157043457031,-0.133758544921875,100,100,0,0
bar_random_5,1129237,2913079,-5.847545623779297,-6.198909759521484,-0.3513641357421875,31,31,0,0
bar_random_5,87452,6073899,-12.005393981933594,-12.737320899963379,-0.7319269180297852,98,101,-3,0
bar_random_5,156493,911794,-5.631557464599609,-7.0262451171875,-1.3946876525878906,85,85,0,0
bar_random_5,148538,5427174,-9.094959259033203,-9.62069320678711,-0.5257339477539062,72,77,-5,0
bar_random_5,130510,984907,-13.291383743286133,-13.369165420532227,-0.07778167724609375,94,95,-1,0
bar_random_5,451602,7265404,-10.678329467773438,-10.952451705932617,-0.2741222381591797,84,89,-5,0
bar_random_5,183378,2710646,-12.186673164367676,-12.519866943359375,-0.3331937789916992,81,90,-9,0
bar_random_5,1114819,8024890,2.399256706237793,2.7269413471221924,0.3276846408843994,29,26,3,1
bar_random_5,182539,4321079,-13.267763137817383,-13.613064765930176,-0.34530162811279297,95,97,-2,0
bar_random_5,148538,8233886,-11.388496398925781,-11.304736137390137,0.08376026153564453,95,95,0,0
bar_random_5,1113437,3422862,-7.7361249923706055,-6.981976509094238,0.7541484832763672,57,55,2,1
bar_random_5,1106007,2677529,-10.34914779663086,-10.471445083618164,-0.12229728698730469,84,85,-1,0
bar_random_5,1112341,5101872,-11.72281265258789,-12.186171531677246,-0.46335887908935547,50,57,-7,0
bar_random_5,87452,5105199,-10.5101318359375,-10.77037239074707,-0.2602405548095703,79,84,-5,0
bar_random_5,451602,1530197,-12.877540588378906,-12.967669486999512,-0.09012889862060547,101,101,0,0
bar_random_5,833860,7503777,-13.478950500488281,-13.50119400024414,-0.022243499755859375,80,81,-1,0
bar_random_5,1129237,4373435,-11.250091552734375,-12.004974365234375,-0.7548828125,78,86,-8,0
bar_random_5,264014,4664190,-5.681184768676758,-5.8627424240112305,-0.18155765533447266,59,60,-1,0
bar_random_5,1110199,6697302,-12.082555770874023,-12.383920669555664,-0.3013648986816406,59,65,-6,0
bar_random_5,962179,2466207,-14.265153884887695,-14.32629680633545,-0.061142921447753906,101,101,0,0
bar_random_5,87452,1395628,-11.703840255737305,-11.891643524169922,-0.1878032684326172,96,98,-2,0
bar_random_5,1124210,5890091,-13.485246658325195,-13.497426986694336,-0.012180328369140625,101,101,0,0
bar_random_5,264014,1944238,-12.915372848510742,-13.090938568115234,-0.1755657196044922,96,97,-1,0
bar_random_5,962179,6385544,-11.928329467773438,-12.432109832763672,-0.5037803649902344,58,83,-25,0
bar_random_5,451602,7510025,-12.09737777709961,-11.747095108032227,0.3502826690673828,100,96,4,1
bar_random_5,1124210,4535489,-7.912599563598633,-7.1023406982421875,0.8102588653564453,78,68,10,1
bar_random_5,130510,4237523,-10.796603202819824,-11.447723388671875,-0.6511201858520508,42,52,-10,0
bar_random_5,130510,2346969,-12.731200218200684,-12.825485229492188,-0.0942850112915039,78,81,-3,0
bar_random_5,573724,2620791,-10.997257232666016,-12.765237808227539,-1.7679805755615234,90,92,-2,0
bar_random_5,130510,4237516,-11.203039169311523,-11.640145301818848,-0.4371061325073242,47,57,-10,0
bar_random_5,1114646,517148,-12.809971809387207,-13.1133451461792,-0.3033733367919922,91,97,-6,0
bar_random_5,1124210,6428870,-14.417951583862305,-14.39382553100586,0.024126052856445312,101,101,0,0
bar_random_5,182539,3389569,-12.422595977783203,-12.48858642578125,-0.06599044799804688,91,91,0,0
bar_random_5,1121402,752294,-12.168211936950684,-12.3265380859375,-0.1583261489868164,72,75,-3,0
bar_random_5,156493,3553290,-12.311927795410156,-12.455692291259766,-0.14376449584960938,98,98,0,0
bar_random_5,47923,1496426,-1.2861926555633545,-1.2918999195098877,-0.005707263946533203,67,67,0,0
bar_random_5,1112341,7880070,-11.643580436706543,-11.443735122680664,0.1998453140258789,49,49,0,0
bar_random_5,1117099,4131487,-12.989688873291016,-13.059860229492188,-0.07017135620117188,95,95,0,0
bar_random_5,573724,1600621,-13.15041732788086,-13.468791961669922,-0.3183746337890625,94,96,-2,0
bar_random_5,1133167,3023125,1.6257712841033936,1.2315559387207031,-0.39421534538269043,54,57,-3,0
bar_random_5,1113437,5591642,-10.411090850830078,-10.806192398071289,-0.39510154724121094,68,73,-5,0
bar_random_5,104861,2916631,0.42328470945358276,-6.344936370849609,-6.768221080303192,20,35,-15,0
bar_random_5,1103812,1900485,-12.357276916503906,-12.669157981872559,-0.31188106536865234,82,90,-8,0
bar_random_5,915593,3191294,-14.256113052368164,-14.361398696899414,-0.10528564453125,101,101,0,0
bar_random_5,1114646,8233327,-10.115321159362793,-9.924850463867188,0.19047069549560547,55,55,0,0
bar_random_5,19335,6902387,-9.795381546020508,-10.296574592590332,-0.5011930465698242,55,61,-6,0
bar_random_5,1037798,6816049,-13.377542495727539,-13.484762191772461,-0.10721969604492188,93,94,-1,0
bar_random_5,1063750,2047790,-13.90261459350586,-13.92555046081543,-0.022935867309570312,101,101,0,0
bar_random_5,1115776,8106321,5.864325523376465,5.425585746765137,-0.4387397766113281,1,1,0,0
bar_random_5,451602,7205049,-13.009891510009766,-12.923654556274414,0.08623695373535156,101,101,0,0
bar_random_5,264014,3338820,-8.990160942077637,-9.955876350402832,-0.9657154083251953,70,73,-3,0
bar_random_5,1133167,1883273,4.502641677856445,4.33137321472168,-0.17126846313476562,13,15,-2,0
bar_random_5,183378,1726139,-12.940389633178711,-13.205612182617188,-0.26522254943847656,93,98,-5,0
bar_random_5,130510,657854,-13.042901992797852,-13.312040328979492,-0.2691383361816406,87,95,-8,0
bar_random_5,573724,4214949,-13.136815071105957,-13.271027565002441,-0.13421249389648438,94,95,-1,0
bar_random_5,264014,8743598,-14.410268783569336,-14.486597061157227,-0.07632827758789062,101,101,0,0
bar_random_5,833860,3899039,-11.921636581420898,-12.294218063354492,-0.37258148193359375,43,51,-8,0
bar_random_5,1103812,3263389,-12.975175857543945,-13.291328430175781,-0.31615257263183594,93,98,-5,0
bar_random_5,1114646,694735,-12.46916389465332,-12.903945922851562,-0.4347820281982422,83,91,-8,0
bar_random_5,962179,6453576,-13.07392692565918,-13.311786651611328,-0.23785972595214844,99,100,-1,0
bar_random_5,573724,855581,-7.314172744750977,-8.03968620300293,-0.7255134582519531,84,86,-2,0
bar_random_5,1114646,7860673,-13.528987884521484,-13.594894409179688,-0.06590652465820312,101,101,0,0
bar_random_5,1106007,701605,1.9679780006408691,1.841937780380249,-0.12604022026062012,14,14,0,0
bar_random_5,1121402,5662145,-12.892620086669922,-13.021834373474121,-0.12921428680419922,94,96,-2,0
bar_random_5,1063750,7167862,-14.106897354125977,-14.07205581665039,0.03484153747558594,101,101,0,0
bar_random_5,182539,6456269,-13.550031661987305,-13.491846084594727,0.058185577392578125,97,97,0,0
bar_random_5,1103812,8061351,-12.630256652832031,-13.03004264831543,-0.39978599548339844,89,95,-6,0
bar_random_5,359349,943237,-7.913667678833008,-8.463155746459961,-0.5494880676269531,87,88,-1,0
bar_random_5,1112341,8139256,6.305026054382324,5.609017372131348,-0.6960086822509766,1,5,-4,0
bar_random_5,131843,8117361,-12.542064666748047,-13.00132942199707,-0.45926475524902344,28,33,-5,0
bar_random_5,962179,1977581,-13.105462074279785,-13.349032402038574,-0.24357032775878906,99,100,-1,0
bar_random_5,47923,4321228,-3.1310153007507324,-2.7694313526153564,0.361583948135376,74,72,2,1
bar_random_5,573724,2411753,-13.45029067993164,-13.604305267333984,-0.15401458740234375,96,97,-1,0
bar_random_5,1121402,713545,-11.932035446166992,-11.302597045898438,0.6294384002685547,66,64,2,1
bar_random_5,1103812,7236952,-10.60861587524414,-10.842002868652344,-0.23338699340820312,49,50,-1,0
bar_random_5,1113437,394232,-13.271255493164062,-13.472914695739746,-0.2016592025756836,97,99,-2,0
bar_random_5,451602,5179247,-1.6586763858795166,-1.3949334621429443,0.26374292373657227,34,33,1,1
bar_random_5,490595,4763067,-7.705890655517578,-8.265043258666992,-0.5591526031494141,80,83,-3,0
bar_random_5,1115776,1731598,-14.41073226928711,-14.415302276611328,-0.00457000732421875,101,101,0,0
bar_random_5,183378,2089154,-10.041099548339844,-10.015301704406738,0.02579784393310547,54,54,0,0
bar_random_5,156493,662453,-9.622978210449219,-9.770442962646484,-0.14746475219726562,91,91,0,0
bar_random_5,207786,4797717,-13.344144821166992,-13.363851547241211,-0.01970672607421875,100,100,0,0
bar_random_5,405717,5423486,-11.94175910949707,-12.275455474853516,-0.3336963653564453,101,101,0,0
bar_random_5,1121402,4494916,-11.154790878295898,-11.476776123046875,-0.32198524475097656,62,65,-3,0
bar_random_5,1063750,1544288,-13.157779693603516,-13.474424362182617,-0.31664466857910156,100,101,-1,0
bar_random_5,1106007,5434099,-8.46885871887207,-7.98978328704834,0.47907543182373047,56,50,6,1
bar_random_5,19335,920919,-11.406255722045898,-11.593086242675781,-0.1868305206298828,80,82,-2,0
bar_random_5,207786,4695810,-12.720340728759766,-12.9296875,-0.20934677124023438,98,99,-1,0
bar_random_5,1106007,3427765,-10.608205795288086,-10.837390899658203,-0.2291851043701172,86,91,-5,0
bar_random_5,489204,5672789,-12.55684757232666,-12.600371360778809,-0.04352378845214844,99,100,-1,0
bar_random_5,1121709,1615539,-13.112971305847168,-12.953194618225098,0.1597766876220703,65,60,5,1
bar_random_5,47923,2699736,0.7230650186538696,0.7242798805236816,0.0012148618698120117,41,41,0,0
bar_random_5,168216,4721487,0.985379695892334,0.9326637983322144,-0.05271589756011963,90,90,0,0
bar_random_5,1121402,1679029,-12.950870513916016,-13.264444351196289,-0.31357383728027344,96,98,-2,0
bar_random_5,168216,6012597,-5.798443794250488,-6.087970733642578,-0.28952693939208984,98,99,-1,0
bar_random_5,131843,2010398,-13.269720077514648,-13.509218215942383,-0.23949813842773438,55,84,-29,0
bar_random_5,1113437,1077734,-13.736021041870117,-13.816377639770508,-0.08035659790039062,100,100,0,0
bar_random_5,1112341,3500308,-13.496711730957031,-13.844144821166992,-0.34743309020996094,94,98,-4,0
bar_random_5,1121402,4305985,-12.88601303100586,-12.966371536254883,-0.08035850524902344,94,96,-2,0
bar_random_5,1129237,5705770,-13.330821990966797,-13.150789260864258,0.18003273010253906,100,100,0,0
bar_random_5,87181,8683185,2.8847291469573975,2.8864684104919434,0.0017392635345458984,14,14,0,0
bar_random_5,1129237,7318640,-11.944687843322754,-12.172441482543945,-0.2277536392211914,85,88,-3,0
bar_random_5,405717,2763781,-12.08597469329834,-12.254884719848633,-0.16891002655029297,101,101,0,0
bar_random_5,1114646,1140119,-12.60794448852539,-12.900851249694824,-0.2929067611694336,85,91,-6,0
bar_random_5,451602,2193547,-11.922384262084961,-12.562594413757324,-0.6402101516723633,99,101,-2,0
bar_random_5,168216,7337513,2.9860548973083496,3.035828113555908,0.049773216247558594,59,58,1,1
bar_random_5,1114819,7070941,-8.4396333694458,-8.691462516784668,-0.2518291473388672,83,85,-2,0
bar_random_5,489204,376300,-11.04466724395752,-11.157125473022461,-0.1124582290649414,95,95,0,0
bar_random_5,1133167,8666998,-13.087543487548828,-13.22130012512207,-0.1337566375732422,100,100,0,0
bar_random_5,1115776,7338709,-12.191747665405273,-12.333283424377441,-0.14153575897216797,77,79,-2,0
bar_random_5,527433,6851470,-8.066783905029297,-8.332551956176758,-0.26576805114746094,79,82,-3,0
bar_random_5,962179,1006866,-12.903993606567383,-12.860258102416992,0.043735504150390625,97,96,1,1
bar_random_5,1103812,1241994,-12.402358055114746,-12.760187149047852,-0.35782909393310547,87,91,-4,0
bar_random_5,962179,2329701,-0.07770514488220215,-0.42369139194488525,-0.3459862470626831,12,12,0,0
bar_random_5,87452,7588885,-12.885350227355957,-13.296144485473633,-0.4107942581176758,101,101,0,0
bar_random_5,182539,6135907,-6.086071014404297,-6.970222473144531,-0.8841514587402344,55,58,-3,0
bar_random_5,1063750,3215156,-12.594364166259766,-12.989028930664062,-0.3946647644042969,99,100,-1,0
bar_random_5,1121709,4563680,-12.906746864318848,-13.15000057220459,-0.2432537078857422,57,67,-10,0
bar_random_5,1121709,3928432,-13.144996643066406,-13.123420715332031,0.021575927734375,66,65,1,1
bar_random_5,182539,2909961,1.6680883169174194,1.2919957637786865,-0.3760925531387329,21,21,0,0
bar_random_5,47923,4101628,-10.813093185424805,-9.34782600402832,1.4652671813964844,101,100,1,1
bar_random_5,146187,914590,-13.140647888183594,-13.281486511230469,-0.140838623046875,99,99,0,0
bar_random_5,131843,2156287,-13.111154556274414,-13.091775894165039,0.019378662109375,37,37,0,0
bar_random_5,1113437,3687620,-3.4688892364501953,-2.92441463470459,0.5444746017456055,47,46,1,1
bar_random_5,1110199,8204555,-13.554927825927734,-13.73448657989502,-0.17955875396728516,92,96,-4,0
bar_random_5,527433,4351174,-8.235054016113281,-8.82689380645752,-0.5918397903442383,82,84,-2,0
bar_random_5,1112341,5497168,-13.480525970458984,-13.585691452026367,-0.10516548156738281,94,95,-1,0
bar_random_5,1121402,7533263,-11.860142707824707,-11.710372924804688,0.14976978302001953,66,65,1,1
bar_random_5,1124210,7198254,-14.362189292907715,-14.415207862854004,-0.05301856994628906,101,101,0,0
bar_random_5,527433,5555556,-12.878693580627441,-12.945165634155273,-0.06647205352783203,101,101,0,0
bar_random_5,104861,6653675,1.5890533924102783,0.9301164746284485,-0.6589369177818298,16,17,-1,0
bar_random_5,87181,6877675,-12.757726669311523,-12.72431755065918,0.03340911865234375,101,101,0,0
bar_random_5,962179,7733807,1.9863502979278564,-2.2581164836883545,-4.244466781616211,8,15,-7,0
bar_random_5,833860,8784403,-11.9646635055542,-11.970891952514648,-0.006228446960449219,45,45,0,0
bar_random_5,1110199,6811355,-12.740394592285156,-12.285263061523438,0.45513153076171875,73,62,11,1
bar_random_5,1121402,1270545,-12.521465301513672,-12.560892105102539,-0.03942680358886719,82,84,-2,0
bar_random_5,489204,2627263,-6.352575302124023,-7.4632158279418945,-1.110640525817871,61,67,-6,0
bar_random_5,359349,8588957,-10.175712585449219,-10.358772277832031,-0.1830596923828125,96,96,0,0
bar_random_5,1114819,1753931,-8.439430236816406,-8.864065170288086,-0.4246349334716797,83,86,-3,0
bar_random_5,130510,7501229,-13.141044616699219,-13.456812858581543,-0.3157682418823242,90,95,-5,0
bar_random_5,915593,3909995,-14.789770126342773,-14.878602981567383,-0.08883285522460938,101,101,0,0
bar_random_5,104861,6431456,-14.459954261779785,-14.554150581359863,-0.09419631958007812,101,101,0,0
bar_random_5,1103812,4065636,-12.474102020263672,-12.557863235473633,-0.08376121520996094,87,89,-2,0
bar_random_5,1114819,8125457,-11.197895050048828,-11.422004699707031,-0.22410964965820312,99,99,0,0
bar_random_5,182539,6027620,-12.510501861572266,-12.791810989379883,-0.2813091278076172,91,93,-2,0
bar_random_5,1106007,920778,-10.046327590942383,-10.291923522949219,-0.24559593200683594,78,80,-2,0
bar_random_5,573724,5733026,-13.617895126342773,-13.78747272491455,-0.16957759857177734,97,99,-2,0
bar_random_5,962179,385798,-13.102276802062988,-12.860638618469238,0.24163818359375,99,97,2,1
bar_random_5,1112341,1298425,-13.460675239562988,-13.879926681518555,-0.4192514419555664,93,98,-5,0
bar_random_5,146187,1712717,-14.085535049438477,-13.919679641723633,0.16585540771484375,101,101,0,0
bar_random_5,1110199,5716613,-11.502418518066406,-11.079425811767578,0.4229927062988281,48,39,9,1
bar_random_5,182539,5660639,-13.363750457763672,-13.480177879333496,-0.11642742156982422,96,97,-1,0
bar_random_5,490595,8817806,-9.355827331542969,-9.089462280273438,0.26636505126953125,92,90,2,1
bar_random_5,489204,8737053,-2.141327381134033,-0.48159468173980713,1.659732699394226,51,41,10,1
bar_random_5,148538,1380689,-11.027168273925781,-10.93143081665039,0.09573745727539062,94,92,2,1
bar_random_5,527433,6667277,-8.191191673278809,-8.35390853881836,-0.16271686553955078,82,82,0,0
bar_random_5,1114646,4262064,-12.403791427612305,-12.471717834472656,-0.06792640686035156,81,84,-3,0
bar_random_5,207786,5170147,-9.006553649902344,-8.263740539550781,0.7428131103515625,43,34,9,1
bar_random_5,183378,3419080,-13.342178344726562,-13.421712875366211,-0.07953453063964844,100,100,0,0
bar_random_5,1115776,6934017,-14.24582290649414,-14.37435531616211,-0.12853240966796875,101,101,0,0
bar_random_5,183378,1144949,-13.271368026733398,-13.375585556030273,-0.104217529296875,100,100,0,0
bar_random_5,19335,3639687,-12.51016616821289,-12.581070899963379,-0.07090473175048828,98,99,-1,0
bar_random_5,1133167,7007417,2.602374792098999,2.3361976146698,-0.2661771774291992,46,47,-1,0
bar_random_5,1133167,3283705,-13.235091209411621,-13.302764892578125,-0.0676736831665039,100,100,0,0
bar_random_5,443396,7320336,-13.103194236755371,-13.04887580871582,0.05431842803955078,97,96,1,1
bar_random_5,1063750,4968670,-13.825244903564453,-13.820229530334473,0.005015373229980469,101,101,0,0
bar_random_5,146187,6460100,-12.859543800354004,-12.732173919677734,0.12736988067626953,98,98,0,0
bar_random_5,1117099,6502652,-11.384072303771973,-11.505191802978516,-0.12111949920654297,83,83,0,0
bar_random_5,1117099,6575982,-12.53515625,-12.784979820251465,-0.24982357025146484,90,93,-3,0
bar_random_5,443396,1659640,-12.716448783874512,-13.479209899902344,-0.762761116027832,94,101,-7,0
bar_random_5,1113437,657405,-11.910356521606445,-11.975305557250977,-0.06494903564453125,84,85,-1,0
bar_random_5,962179,4226480,-14.153724670410156,-14.187942504882812,-0.03421783447265625,101,101,0,0
bar_random_5,1121402,934389,-13.551979064941406,-13.683632850646973,-0.1316537857055664,100,100,0,0
bar_random_5,146187,6799860,-11.505695343017578,-11.673601150512695,-0.1679058074951172,90,91,-1,0
bar_random_5,182539,57452,-5.143758773803711,-5.329510688781738,-0.18575191497802734,50,50,0,0
bar_random_5,87452,4880166,-13.880738258361816,-14.096638679504395,-0.21590042114257812,101,101,0,0
bar_random_5,1106007,1376784,-10.440502166748047,-10.841717720031738,-0.4012155532836914,84,91,-7,0
bar_random_5,1112341,7341994,-12.88772964477539,-12.923727989196777,-0.03599834442138672,75,75,0,0
bar_random_5,1106007,1334334,3.217525005340576,3.0070552825927734,-0.21046972274780273,10,10,0,0
bar_random_5,207786,2621350,-12.054545402526855,-12.622783660888672,-0.5682382583618164,86,94,-8,0
bar_random_5,405717,2125644,-11.316176414489746,-11.290182113647461,0.025994300842285156,101,101,0,0
bar_random_5,573724,7083553,-14.075326919555664,-14.133737564086914,-0.05841064453125,101,101,0,0
bar_random_5,87181,8179310,-12.690744400024414,-12.607891082763672,0.08285331726074219,101,101,0,0
bar_random_5,1114819,940155,-13.551225662231445,-13.831380844116211,-0.2801551818847656,101,101,0,0
bar_random_5,833860,7588213,-13.79461669921875,-13.789773941040039,0.0048427581787109375,90,89,1,1
bar_random_5,527433,5797469,-11.270007133483887,-11.445907592773438,-0.17590045928955078,94,94,0,0
bar_random_5,131843,2790713,-12.943670272827148,-13.400768280029297,-0.45709800720214844,33,70,-37,0
bar_random_5,451602,2076793,-10.038551330566406,-9.281585693359375,0.7569656372070312,80,75,5,1
bar_random_5,1063750,1936916,-5.144403457641602,-6.5554704666137695,-1.411067008972168,33,35,-2,0
bar_random_5,1124210,3156846,-14.19709587097168,-14.197969436645508,-0.000873565673828125,101,101,0,0
bar_random_5,148538,2029716,-9.995460510253906,-9.95046615600586,0.044994354248046875,82,82,0,0
bar_random_5,1129237,6106530,-8.422450065612793,-8.50522232055664,-0.08277225494384766,47,47,0,0
bar_random_5,1113437,1454809,-0.9271876811981201,-0.9437307119369507,-0.016543030738830566,29,30,-1,0
bar_random_5,183378,1765863,-13.073331832885742,-12.918933868408203,0.15439796447753906,95,92,3,1
bar_random_5,1129237,6693888,-11.200362205505371,-11.355132102966309,-0.1547698974609375,77,78,-1,0
bar_random_5,451602,843382,-11.478620529174805,-11.58433723449707,-0.10571670532226562,94,95,-1,0
bar_random_5,1110199,2548201,-13.101470947265625,-13.111492156982422,-0.010021209716796875,80,80,0,0
bar_random_5,1063750,4203610,-14.033134460449219,-14.047418594360352,-0.014284133911132812,101,101,0,0
bar_random_5,1103812,3769049,-9.731096267700195,-10.060981750488281,-0.32988548278808594,45,47,-2,0
bar_random_5,1115776,8318619,-14.310236930847168,-14.29012680053711,0.020110130310058594,101,101,0,0
bar_random_5,183378,8577215,0.9579690098762512,-0.03714102506637573,-0.995110034942627,15,20,-5,0
bar_random_5,1063750,2992037,-10.570792198181152,-10.70322322845459,-0.1324310302734375,65,67,-2,0
bar_random_5,156493,2259180,-1.887410283088684,-1.977024793624878,-0.08961451053619385,76,76,0,0
bar_random_5,490595,6246501,1.8879947662353516,1.9890766143798828,0.10108184814453125,26,25,1,1
bar_random_5,1063750,1867458,-13.942381858825684,-13.970657348632812,-0.028275489807128906,101,101,0,0
bar_random_5,1114819,3666596,-12.629297256469727,-12.391470909118652,0.23782634735107422,100,100,0,0
bar_random_5,183378,6717352,-13.700605392456055,-13.801036834716797,-0.10043144226074219,101,101,0,0
bar_random_5,264014,3202590,-13.758089065551758,-13.911283493041992,-0.15319442749023438,100,100,0,0
bar_random_5,443396,2025125,-7.0394287109375,-7.370458602905273,-0.33102989196777344,54,54,0,0
bar_random_5,451602,5538940,-10.782369613647461,-11.767654418945312,-0.9852848052978516,86,95,-9,0
bar_random_5,1112341,3642923,-13.211779594421387,-13.208759307861328,0.0030202865600585938,82,82,0,0
bar_random_5,1117099,8072932,-5.861696243286133,-8.755200386047363,-2.8935041427612305,58,70,-12,0
bar_random_5,19335,5932273,-11.606133460998535,-12.094283103942871,-0.48814964294433594,82,91,-9,0
bar_random_5,19335,5288627,-12.722684860229492,-12.926223754882812,-0.2035388946533203,99,100,-1,0
bar_random_5,47923,7774319,-11.971221923828125,-11.983309745788574,-0.012087821960449219,101,101,0,0
bar_random_5,183378,2158733,-13.36776351928711,-13.384698867797852,-0.016935348510742188,100,100,0,0
bar_random_5,47923,7946829,-6.33404541015625,-5.984638214111328,0.3494071960449219,93,89,4,1
bar_random_5,405717,5102019,-12.854655265808105,-12.957355499267578,-0.10270023345947266,101,101,0,0
bar_random_5,1037798,4342918,-13.776333808898926,-13.61305046081543,0.1632833480834961,99,96,3,1
bar_random_5,130510,8094068,-6.280991554260254,-10.065885543823242,-3.7848939895629883,22,34,-12,0
bar_random_5,130510,1469462,-13.744439125061035,-14.012539863586426,-0.2681007385253906,98,101,-3,0
bar_random_5,87181,1201298,-10.453540802001953,-10.934627532958984,-0.48108673095703125,95,95,0,0
bar_random_5,1114646,5809543,-12.815838813781738,-12.996061325073242,-0.1802225112915039,91,93,-2,0
bar_random_5,87452,3068687,-12.182767868041992,-12.343378067016602,-0.16061019897460938,98,99,-1,0
bar_random_5,405717,129439,-12.35147476196289,-12.6309175491333,-0.27944278717041016,101,101,0,0
bar_random_5,47923,3388872,-8.446572303771973,-8.461214065551758,-0.014641761779785156,99,99,0,0
bar_random_5,1115776,1412767,-12.4983491897583,-12.844289779663086,-0.34594058990478516,88,95,-7,0
bar_random_5,130510,2191826,-13.448921203613281,-13.568700790405273,-0.11977958679199219,95,96,-1,0
bar_random_5,1115776,8126953,-14.031564712524414,-14.131117820739746,-0.09955310821533203,101,101,0,0
bar_random_5,405717,5079488,-12.164729118347168,-12.453046798706055,-0.2883176803588867,101,101,0,0
bar_random_5,1124210,4517654,-13.651467323303223,-13.779093742370605,-0.1276264190673828,101,101,0,0
bar_random_5,527433,4903733,-7.528013229370117,-8.163209915161133,-0.6351966857910156,72,82,-10,0
bar_random_5,131843,8746281,-13.41122817993164,-13.488523483276367,-0.07729530334472656,73,83,-10,0
bar_random_5,1037798,3926208,-12.593494415283203,-12.549945831298828,0.043548583984375,65,64,1,1
bar_random_5,1037798,6510547,-13.173113822937012,-13.026681900024414,0.14643192291259766,88,85,3,1
bar_random_5,1112341,5497172,-13.620139122009277,-13.661073684692383,-0.04093456268310547,96,96,0,0
bar_random_5,833860,3473841,-13.619277000427246,-13.787775039672852,-0.16849803924560547,83,89,-6,0
bar_random_5,168216,4600609,2.000816822052002,2.0456342697143555,0.044817447662353516,81,80,1,1
bar_random_5,87452,7304543,-13.57846736907959,-14.049320220947266,-0.4708528518676758,101,101,0,0
bar_random_5,1037798,6912814,-11.759927749633789,-11.932235717773438,-0.17230796813964844,50,51,-1,0
bar_random_5,264014,528373,-0.918217658996582,-2.191091537475586,-1.272873878479004,51,51,0,0
bar_random_5,47923,4669069,-8.113727569580078,-8.73801326751709,-0.6242856979370117,98,99,-1,0
bar_random_5,131843,8074911,-13.654010772705078,-13.707636833190918,-0.053626060485839844,90,94,-4,0
bar_random_5,1063750,7475232,-13.933877944946289,-13.993879318237305,-0.060001373291015625,101,101,0,0
bar_random_5,833860,7548089,-10.830421447753906,-10.624945640563965,0.2054758071899414,26,25,1,1
bar_random_5,1113437,6597538,-3.0745291709899902,-1.7516732215881348,1.3228559494018555,45,37,8,1
bar_random_5,130510,910990,-9.232186317443848,-10.160972595214844,-0.9287862777709961,32,34,-2,0
bar_random_5,1115776,6919096,-14.21689510345459,-14.39712905883789,-0.18023395538330078,101,101,0,0
bar_random_5,1112341,8700906,-12.193157196044922,-12.333369255065918,-0.1402120590209961,57,59,-2,0
bar_random_5,1110199,8335880,-13.95611572265625,-14.090410232543945,-0.1342945098876953,101,101,0,0
bar_random_5,183378,7992516,-12.600106239318848,-12.571596145629883,0.028510093688964844,90,90,0,0
bar_random_5,962179,6219014,-13.262781143188477,-13.009105682373047,0.2536754608154297,100,99,1,1
bar_random_5,405717,7703663,-13.58854866027832,-13.521360397338867,0.06718826293945312,101,101,0,0
bar_random_5,443396,6813278,-13.44839859008789,-13.70136833190918,-0.25296974182128906,101,101,0,0
bar_random_5,443396,1850996,-11.874076843261719,-12.035048484802246,-0.16097164154052734,87,89,-2,0
bar_random_5,451602,3090663,-2.423534631729126,-5.450878143310547,-3.027343511581421,36,43,-7,0
bar_random_5,405717,6486802,-13.152585983276367,-13.319253921508789,-0.16666793823242188,101,101,0,0
bar_random_5,1115776,6202141,-14.115266799926758,-14.138311386108398,-0.023044586181640625,101,101,0,0
bar_random_5,962179,6740295,-12.625409126281738,-12.719018936157227,-0.09360980987548828,92,95,-3,0
bar_random_5,573724,8172600,-13.576898574829102,-13.584039688110352,-0.00714111328125,97,97,0,0
bar_random_5,1110199,4139391,-13.428168296813965,-13.592287063598633,-0.16411876678466797,90,92,-2,0
bar_random_5,1121709,5281661,-13.381845474243164,-13.356097221374512,0.025748252868652344,80,77,3,1
bar_random_5,1121402,6717343,-12.302393913269043,-12.27021598815918,0.03217792510986328,75,75,0,0
bar_random_5,833860,8731802,-13.374698638916016,-13.259160995483398,0.11553764343261719,79,76,3,1
bar_random_5,264014,5098723,-11.971338272094727,-12.20785903930664,-0.23652076721191406,84,89,-5,0
bar_random_5,87452,804628,-11.01181697845459,-11.034637451171875,-0.022820472717285156,89,89,0,0
bar_random_5,1113437,8251065,-12.5451021194458,-13.348058700561523,-0.8029565811157227,90,98,-8,0
bar_random_5,443396,6414670,-12.339547157287598,-12.163276672363281,0.1762704849243164,89,89,0,0
bar_random_5,962179,6186348,-1.5726749897003174,-2.238037109375,-0.6653621196746826,15,15,0,0
bar_random_5,1037798,5720690,-12.580477714538574,-12.715411186218262,-0.1349334716796875,65,67,-2,0
bar_random_5,104861,7474729,-14.021158218383789,-14.161211013793945,-0.14005279541015625,101,101,0,0
bar_random_5,451602,4721945,-10.349468231201172,-10.70221996307373,-0.3527517318725586,82,84,-2,0
bar_random_5,1115776,5721701,-13.484737396240234,-13.729068756103516,-0.24433135986328125,99,100,-1,0
bar_random_5,19335,5888059,-13.84594440460205,-13.9728364944458,-0.12689208984375,101,101,0,0
bar_random_5,1112341,8725060,-13.313155174255371,-13.3287935256958,-0.015638351440429688,86,86,0,0
bar_random_5,1115776,7296160,-12.091489791870117,-11.893241882324219,0.19824790954589844,75,74,1,1
bar_random_5,207786,3345362,-13.672924995422363,-13.812060356140137,-0.13913536071777344,100,101,-1,0
bar_random_5,1115776,1266209,-13.588382720947266,-13.946248054504395,-0.3578653335571289,100,100,0,0
bar_random_5,1115776,5555291,-12.062005996704102,-12.31943416595459,-0.2574281692504883,74,80,-6,0
bar_random_5,1129237,7525214,-13.271778106689453,-13.305187225341797,-0.03340911865234375,100,100,0,0
bar_random_5,443396,1242552,-11.307208061218262,-11.530195236206055,-0.22298717498779297,83,84,-1,0
bar_random_5,489204,838215,-10.888891220092773,-10.18437385559082,0.7045173645019531,94,90,4,1
bar_random_5,146187,6564312,-13.810863494873047,-13.830026626586914,-0.019163131713867188,101,101,0,0
bar_random_5,962179,984797,-13.589189529418945,-13.629507064819336,-0.040317535400390625,101,101,0,0
bar_random_5,1115776,3803054,-13.959718704223633,-14.2058687210083,-0.24615001678466797,101,101,0,0
bar_random_5,1114819,768360,-10.065624237060547,-9.622694969177246,0.4429292678833008,95,91,4,1
bar_random_5,1133167,7621417,-12.620002746582031,-12.690622329711914,-0.07061958312988281,100,100,0,0
bar_random_5,1037798,4676546,-13.452888488769531,-13.50825309753418,-0.05536460876464844,94,94,0,0
bar_random_5,1063750,4792733,-13.916889190673828,-13.911810874938965,0.005078315734863281,101,101,0,0
bar_random_5,1129237,6179560,-11.57096004486084,-11.60816478729248,-0.037204742431640625,79,79,0,0
bar_random_5,1063750,196730,-13.727727890014648,-13.833024024963379,-0.10529613494873047,101,101,0,0
bar_random_5,183378,6738484,-11.089848518371582,-11.571553230285645,-0.4817047119140625,62,71,-9,0
bar_random_5,405717,5300531,-11.930339813232422,-12.06340503692627,-0.13306522369384766,101,101,0,0
bar_random_5,527433,7897968,-12.50025749206543,-12.319998741149902,0.18025875091552734,100,100,0,0
bar_random_5,19335,8734159,-6.6545305252075195,-10.515357971191406,-3.8608274459838867,38,66,-28,0
bar_random_5,131843,6248852,-13.574108123779297,-13.639130592346191,-0.06502246856689453,87,90,-3,0
bar_random_5,19335,4578716,-13.041938781738281,-13.101988792419434,-0.060050010681152344,100,100,0,0
bar_random_5,1129237,3067684,-9.995025634765625,-10.147058486938477,-0.15203285217285156,62,63,-1,0
bar_random_5,156493,5426278,-11.566431045532227,-11.721311569213867,-0.15488052368164062,97,97,0,0
bar_random_5,915593,8239854,-13.122756958007812,-13.306286811828613,-0.18352985382080078,101,101,0,0
bar_random_5,1133167,2690863,-12.971396446228027,-13.605012893676758,-0.6336164474487305,100,100,0,0
bar_random_5,87452,6271639,-12.699514389038086,-12.870747566223145,-0.1712331771850586,99,101,-2,0
bar_random_5,1129237,7019600,-13.524709701538086,-13.412109375,0.11260032653808594,100,100,0,0
bar_random_5,19335,6214701,-12.28261661529541,-12.37724781036377,-0.09463119506835938,94,97,-3,0
bar_random_5,146187,5836455,-10.231841087341309,-10.800141334533691,-0.5683002471923828,65,74,-9,0
bar_random_5,207786,2621349,-13.57569408416748,-13.652046203613281,-0.07635211944580078,100,100,0,0
bar_random_5,1121402,177811,-12.619047164916992,-12.655577659606934,-0.036530494689941406,85,85,0,0
bar_random_5,1106007,7685382,5.782011985778809,5.272831916809082,-0.5091800689697266,5,8,-3,0
bar_random_5,207786,871705,-13.182642936706543,-13.329631805419922,-0.1469888687133789,100,100,0,0
bar_random_5,183378,5088210,-12.972039222717285,-12.930746078491211,0.04129314422607422,93,93,0,0
bar_random_5,1121402,752291,-13.238227844238281,-13.501701354980469,-0.2634735107421875,98,100,-2,0
bar_random_5,1121709,4094993,-13.949748992919922,-13.822233200073242,0.1275157928466797,100,97,3,1
bar_random_5,1117099,6162584,-12.779909133911133,-12.791973114013672,-0.012063980102539062,93,93,0,0
bar_random_5,104861,270266,-13.758427619934082,-13.9803466796875,-0.22191905975341797,99,101,-2,0
bar_random_5,833860,7690925,-13.946517944335938,-14.205322265625,-0.2588043212890625,96,101,-5,0
bar_random_5,207786,5702385,-10.601615905761719,-10.539691925048828,0.061923980712890625,65,65,0,0
bar_random_5,1063750,6643504,-14.29074478149414,-14.279322624206543,0.011422157287597656,101,101,0,0
bar_random_5,1110199,1996219,-12.82306957244873,-12.933576583862305,-0.11050701141357422,75,77,-2,0
bar_random_5,47923,525511,1.4242541790008545,1.4989800453186035,0.07472586631774902,36,35,1,1
bar_random_5,915593,8417774,-13.654975891113281,-13.753013610839844,-0.0980377197265625,101,101,0,0
bar_random_5,1113437,6901807,-13.618778228759766,-13.820674896240234,-0.20189666748046875,99,100,-1,0
bar_random_5,130510,7422419,-13.920116424560547,-13.932172775268555,-0.012056350708007812,98,100,-2,0
bar_random_5,1063750,1023994,-14.259236335754395,-14.167722702026367,0.09151363372802734,101,101,0,0
bar_random_5,1112341,7194369,-11.917463302612305,-12.256488800048828,-0.33902549743652344,52,58,-6,0
bar_random_5,1106007,5336578,-9.848672866821289,-10.830246925354004,-0.9815740585327148,76,91,-15,0
bar_random_5,1114819,2839945,-9.387056350708008,-9.253572463989258,0.13348388671875,88,88,0,0
bar_random_5,1117099,2256805,-13.470398902893066,-13.537361145019531,-0.06696224212646484,99,99,0,0
bar_random_5,1124210,177333,-13.81686782836914,-14.015717506408691,-0.19884967803955078,101,101,0,0
bar_random_5,1063750,943682,-13.344985961914062,-13.393888473510742,-0.04890251159667969,101,101,0,0
bar_random_5,131843,8305158,3.8568272590637207,3.6905999183654785,-0.1662273406982422,5,5,0,0
bar_random_5,573724,5517697,-13.153741836547852,-13.559965133666992,-0.4062232971191406,94,97,-3,0
bar_random_5,264014,5905368,-11.433849334716797,-11.687031745910645,-0.25318241119384766,77,81,-4,0
bar_random_5,962179,2131895,-6.035529136657715,-6.064384460449219,-0.028855323791503906,16,16,0,0
bar_random_5,87181,2259137,-11.576525688171387,-11.53329849243164,0.043227195739746094,97,97,0,0
bar_random_5,1112341,5095131,-12.856929779052734,-12.77936840057373,0.0775613784790039,74,70,4,1
bar_random_5,104861,379545,-14.048507690429688,-14.18995475769043,-0.1414470672607422,101,101,0,0
bar_random_5,915593,1033076,-12.10527229309082,-12.191417694091797,-0.08614540100097656,100,100,0,0
bar_random_5,146187,2227904,-12.251408576965332,-12.45651912689209,-0.2051105499267578,96,98,-2,0
bar_random_5,1110199,862772,-13.6458158493042,-13.705102920532227,-0.059287071228027344,93,95,-2,0
bar_random_5,1113437,4961024,-8.347084045410156,-10.34958267211914,-2.0024986267089844,59,68,-9,0
bar_random_5,104861,8008557,-14.343899726867676,-14.311301231384277,0.03259849548339844,101,101,0,0
bar_random_5,130510,6311869,-13.278877258300781,-13.533246994018555,-0.25436973571777344,93,95,-2,0
bar_random_5,1117099,1135564,-13.119768142700195,-13.228595733642578,-0.10882759094238281,96,97,-1,0
bar_random_5,1121402,6683287,-12.420005798339844,-12.703014373779297,-0.2830085754394531,78,88,-10,0
bar_random_5,527433,2115115,-9.058797836303711,-8.01613998413086,1.0426578521728516,84,78,6,1
bar_random_5,527433,269430,-0.916530966758728,-1.8339495658874512,-0.9174185991287231,37,43,-6,0
bar_random_5,962179,2131896,-10.419576644897461,-11.302562713623047,-0.8829860687255859,32,39,-7,0
bar_random_5,1121402,8072604,-12.890138626098633,-13.276735305786133,-0.3865966796875,94,99,-5,0
bar_random_5,264014,1679655,-13.792201042175293,-13.920167922973633,-0.12796688079833984,100,101,-1,0
bar_random_5,182539,4667355,-9.187795639038086,-9.648368835449219,-0.4605731964111328,68,71,-3,0
bar_random_5,1106007,7540014,-12.150196075439453,-12.183256149291992,-0.03306007385253906,101,101,0,0
bar_random_5,1124210,1989851,-14.474655151367188,-14.478059768676758,-0.0034046173095703125,101,101,0,0
bar_random_5,1106007,3542931,1.62044095993042,1.6242295503616333,0.003788590431213379,15,15,0,0
bar_random_5,1103812,4898347,-13.860198974609375,-13.902128219604492,-0.04192924499511719,101,101,0,0
bar_random_5,1121402,8487137,-12.739941596984863,-13.082263946533203,-0.34232234954833984,89,97,-8,0
bar_random_5,1114819,8115700,0.6931623220443726,-0.18925714492797852,-0.8824194669723511,41,45,-4,0
bar_random_5,489204,973923,2.142110586166382,0.9897562861442566,-1.1523543000221252,7,24,-17,0
bar_random_5,131843,8489446,-13.258918762207031,-13.27983283996582,-0.020914077758789062,51,55,-4,0
bar_random_5,1115776,6370865,-14.102594375610352,-14.117016792297363,-0.014422416687011719,101,101,0,0
bar_random_5,130510,6881820,-12.644805908203125,-12.503971099853516,0.14083480834960938,75,71,4,1
bar_random_5,1103812,4635220,-13.168121337890625,-13.22677230834961,-0.058650970458984375,96,97,-1,0
bar_random_5,264014,684616,4.589532852172852,4.603646278381348,0.014113426208496094,15,15,0,0
bar_random_5,156493,5942211,-12.365924835205078,-12.415363311767578,-0.0494384765625,98,98,0,0
bar_random_5,1110199,7676274,-13.80876350402832,-13.836481094360352,-0.02771759033203125,99,100,-1,0
bar_random_5,490595,8133246,-12.220367431640625,-12.19669246673584,0.023674964904785156,100,100,0,0
bar_random_5,1117099,5795851,-11.12421703338623,-11.310565948486328,-0.18634891510009766,80,81,-1,0
bar_random_5,1103812,2313231,-12.609955787658691,-12.617212295532227,-0.007256507873535156,89,89,0,0
bar_random_5,1121402,4305979,-12.135931015014648,-12.527223587036133,-0.3912925720214844,71,82,-11,0
bar_random_5,962179,5444888,-13.703558921813965,-13.831137657165527,-0.1275787353515625,101,101,0,0
bar_random_5,87181,1411470,-13.162481307983398,-13.523717880249023,-0.361236572265625,101,101,0,0
bar_random_5,1113437,4783289,-6.997587203979492,-7.801324844360352,-0.8037376403808594,55,57,-2,0
bar_random_5,87181,4632251,-6.576715469360352,-6.134146690368652,0.4425687789916992,68,62,6,1
bar_random_5,1113437,2862145,-8.038409233093262,-8.623064994812012,-0.58465576171875,57,60,-3,0
bar_random_5,1110199,2000201,-9.454690933227539,-9.5214204788208,-0.06672954559326172,23,23,0,0
bar_random_5,1063750,475739,-14.232481002807617,-14.284677505493164,-0.052196502685546875,101,101,0,0
bar_random_5,168216,1961813,-10.07784366607666,-10.027191162109375,0.050652503967285156,101,101,0,0
bar_random_5,1112341,620213,-13.520217895507812,-13.073600769042969,0.44661712646484375,94,79,15,1
bar_random_5,156493,8811146,-11.002157211303711,-11.2531156539917,-0.2509584426879883,97,97,0,0
bar_random_5,573724,1852621,-13.157670021057129,-13.30945110321045,-0.1517810821533203,94,95,-1,0
bar_random_5,1129237,5513583,-8.481094360351562,-8.408112525939941,0.0729818344116211,47,47,0,0
bar_random_5,1113437,6394290,-13.57973861694336,-13.523616790771484,0.056121826171875,99,99,0,0
bar_random_5,168216,746506,-8.606010437011719,-9.186080932617188,-0.5800704956054688,100,100,0,0
bar_random_5,87181,6884495,-11.526126861572266,-12.105891227722168,-0.5797643661499023,97,99,-2,0
bar_random_5,1117099,4886519,-9.305047988891602,-9.029586791992188,0.27546119689941406,73,70,3,1
bar_random_5,156493,5346657,-10.18023681640625,-10.177621841430664,0.0026149749755859375,92,92,0,0
bar_random_5,207786,2763923,-4.492076873779297,-5.036813735961914,-0.5447368621826172,23,24,-1,0
bar_random_5,1114646,7871393,-12.389142990112305,-12.2437744140625,0.1453685760498047,81,80,1,1
bar_random_5,156493,4588180,-5.100229263305664,-7.083494186401367,-1.9832649230957031,85,86,-1,0
bar_random_5,1114646,3141798,-11.89046859741211,-12.558012962341309,-0.6675443649291992,72,85,-13,0
bar_random_5,1106007,372090,-10.491754531860352,-10.63805866241455,-0.14630413055419922,86,88,-2,0
bar_random_5,131843,650278,-13.409704208374023,-13.729852676391602,-0.3201484680175781,73,95,-22,0
bar_random_5,130510,2236891,-13.388223648071289,-13.616493225097656,-0.2282695770263672,95,97,-2,0
bar_random_5,1114646,6520951,-13.206443786621094,-13.304267883300781,-0.0978240966796875,99,100,-1,0
bar_random_5,1113437,4523656,-10.981882095336914,-11.103994369506836,-0.12211227416992188,75,77,-2,0
bar_random_5,405717,5905792,-12.820880889892578,-12.875655174255371,-0.05477428436279297,101,101,0,0
bar_random_5,915593,1083897,-14.292770385742188,-14.333047866821289,-0.04027748107910156,101,101,0,0
bar_random_5,962179,6675260,-4.50361442565918,-6.855324745178223,-2.351710319519043,15,17,-2,0
bar_random_5,183378,3027990,-12.430631637573242,-12.88493537902832,-0.4543037414550781,88,91,-3,0
bar_random_5,962179,2854161,-13.807372093200684,-14.119880676269531,-0.31250858306884766,101,101,0,0
bar_random_5,359349,4955913,-12.97683334350586,-13.269824981689453,-0.29299163818359375,101,101,0,0
bar_random_5,87452,8436576,0.6153672933578491,-0.2834136486053467,-0.8987809419631958,21,29,-8,0
bar_random_5,148538,4539661,-7.73908805847168,-8.299169540405273,-0.5600814819335938,63,68,-5,0
bar_random_5,359349,8815264,-13.297021865844727,-13.329116821289062,-0.03209495544433594,101,101,0,0
bar_random_5,490595,1043239,-11.485660552978516,-11.5830078125,-0.09734725952148438,100,100,0,0
bar_random_5,405717,4510631,-12.634472846984863,-12.673563003540039,-0.03909015655517578,101,101,0,0
bar_random_5,131843,8464182,-13.435611724853516,-13.531322479248047,-0.09571075439453125,75,84,-9,0
bar_random_5,1121402,6900255,-12.199066162109375,-12.402591705322266,-0.20352554321289062,72,77,-5,0
bar_random_5,962179,2329700,-2.438588857650757,-5.300418853759766,-2.861829996109009,15,16,-1,0
bar_random_5,527433,1251478,-4.162938117980957,-4.237447261810303,-0.0745091438293457,59,59,0,0
bar_random_5,1121709,5053028,-13.148741722106934,-13.156072616577148,-0.007330894470214844,67,67,0,0
bar_random_5,156493,1444826,-11.50682544708252,-12.25627326965332,-0.7494478225708008,97,98,-1,0
bar_random_5,47923,7142747,-6.7381134033203125,-7.396913528442383,-0.6588001251220703,94,96,-2,0
bar_random_5,451602,7565489,-11.909366607666016,-12.036935806274414,-0.12756919860839844,98,99,-1,0
bar_random_5,1106007,7148689,-7.941824913024902,-7.838954925537109,0.10286998748779297,49,48,1,1
bar_random_5,47923,7902936,1.1075721979141235,1.2141072750091553,0.10653507709503174,40,40,0,0
bar_random_5,1124210,5065717,-12.761125564575195,-12.88288402557373,-0.12175846099853516,101,101,0,0
bar_random_5,104861,4813946,-14.357928276062012,-14.407154083251953,-0.049225807189941406,101,101,0,0
bar_random_5,451602,3403507,-13.487335205078125,-13.57728099822998,-0.08994579315185547,101,101,0,0
bar_random_5,451602,4373255,-10.707566261291504,-10.461451530456543,0.24611473083496094,84,82,2,1
bar_random_5,148538,2338309,-11.258476257324219,-11.544153213500977,-0.2856769561767578,95,96,-1,0
bar_random_5,1037798,7854017,-12.579736709594727,-12.75095272064209,-0.17121601104736328,65,68,-3,0
bar_random_5,405717,6019053,-7.971985816955566,-7.807687759399414,0.16429805755615234,100,100,0,0
bar_random_5,490595,7042991,-14.010265350341797,-14.014654159545898,-0.0043888092041015625,101,101,0,0
bar_random_5,264014,7326936,4.109780788421631,4.142695426940918,0.03291463851928711,16,16,0,0
bar_random_5,1063750,4307950,-14.375850677490234,-14.349817276000977,0.026033401489257812,101,101,0,0
bar_random_5,264014,5781965,-2.987419843673706,-2.8890154361724854,0.0984044075012207,52,52,0,0
bar_random_5,1114646,5417952,-7.569637298583984,-7.82073974609375,-0.2511024475097656,34,34,0,0
bar_random_5,1114819,5196819,-13.955281257629395,-13.672835350036621,0.28244590759277344,101,101,0,0
bar_random_5,405717,5081535,-13.997869491577148,-14.0200834274292,-0.02221393585205078,101,101,0,0
bar_random_5,1112341,6076857,-13.474553108215332,-13.635356903076172,-0.16080379486083984,93,96,-3,0
bar_random_5,490595,3597680,-13.413310050964355,-13.673773765563965,-0.2604637145996094,101,101,0,0
bar_random_5,148538,5305307,-7.190206527709961,-6.885097503662109,0.30510902404785156,55,53,2,1
bar_random_5,527433,5707725,-8.401313781738281,-8.565616607666016,-0.16430282592773438,82,84,-2,0
bar_random_5,1121402,7165342,-9.773887634277344,-9.824378967285156,-0.0504913330078125,54,54,0,0
bar_random_5,359349,709715,-11.033079147338867,-11.003268241882324,0.02981090545654297,98,98,0,0
bar_random_5,1129237,461835,-0.16308927536010742,-0.6532476544380188,-0.4901583790779114,16,16,0,0
bar_random_5,1121402,1009552,-13.023066520690918,-13.116090774536133,-0.09302425384521484,96,97,-1,0
bar_random_5,156493,5437921,-11.41073226928711,-11.267251014709473,0.14348125457763672,97,97,0,0
bar_random_5,527433,1753603,-11.862654685974121,-11.802404403686523,0.060250282287597656,96,95,1,1
bar_random_5,182539,7883763,-12.715428352355957,-12.797420501708984,-0.08199214935302734,91,92,-1,0
bar_random_5,87181,283783,-12.829475402832031,-12.912734985351562,-0.08325958251953125,101,101,0,0
bar_random_5,1124210,1589448,-14.69736099243164,-14.747152328491211,-0.04979133605957031,101,101,0,0
bar_random_5,207786,4393132,-9.38316535949707,-8.516460418701172,0.8667049407958984,49,38,11,1
bar_random_5,87181,6038074,-10.269474029541016,-11.564505577087402,-1.2950315475463867,94,97,-3,0
bar_random_5,182539,1313527,-12.954785346984863,-13.154962539672852,-0.20017719268798828,93,95,-2,0
bar_random_5,1114819,5738917,-11.409488677978516,-11.455093383789062,-0.045604705810546875,99,99,0,0
bar_random_5,527433,6708089,-10.393815994262695,-10.978006362915039,-0.5841903686523438,90,92,-2,0
bar_random_5,1121709,3802263,-12.055378913879395,-12.201826095581055,-0.14644718170166016,35,37,-2,0
bar_random_5,19335,39115,-3.4340739250183105,-10.22000503540039,-6.78593111038208,30,58,-28,0
bar_random_5,1037798,3004417,-12.876448631286621,-13.01991081237793,-0.1434621810913086,78,84,-6,0
bar_random_5,131843,7235990,-12.23265266418457,-13.029613494873047,-0.7969608306884766,25,34,-9,0
bar_random_5,156493,8725855,-7.057804107666016,-9.488981246948242,-2.4311771392822266,86,91,-5,0
bar_random_5,87181,1456917,-11.2589693069458,-11.703638076782227,-0.4446687698364258,97,98,-1,0
bar_random_5,1110199,2777133,-12.574764251708984,-12.571060180664062,0.003704071044921875,70,70,0,0
bar_random_5,146187,4216901,-9.741776466369629,-10.58950424194336,-0.8477277755737305,56,67,-11,0
bar_random_5,1112341,4226571,-14.231793403625488,-14.194273948669434,0.03751945495605469,101,101,0,0
bar_random_5,1037798,304381,-13.618791580200195,-13.542316436767578,0.07647514343261719,96,94,2,1
bar_random_5,1114646,616617,-11.061690330505371,-11.29368782043457,-0.23199748992919922,60,61,-1,0
bar_random_5,87181,1666450,-12.157437324523926,-12.13359546661377,0.02384185791015625,99,99,0,0
bar_random_5,1063750,7303375,-12.844247817993164,-12.805729866027832,0.03851795196533203,99,99,0,0
bar_random_5,490595,4513647,-13.447807312011719,-13.66935920715332,-0.22155189514160156,101,101,0,0
bar_random_5,915593,8144437,-14.053071975708008,-13.942934036254883,0.110137939453125,101,101,0,0
bar_random_5,207786,5879048,-12.573225975036621,-12.653549194335938,-0.0803232192993164,93,95,-2,0
bar_random_5,1117099,4631857,-11.20019817352295,-11.173423767089844,0.02677440643310547,81,80,1,1
bar_random_5,104861,2908924,-13.727670669555664,-13.802131652832031,-0.07446098327636719,99,99,0,0
bar_random_5,1114819,6815188,-10.349599838256836,-10.051840782165527,0.2977590560913086,96,95,1,1
bar_random_5,207786,5388267,-12.653782844543457,-12.812397003173828,-0.1586141586303711,95,99,-4,0
bar_random_5,405717,2559101,-12.91180419921875,-12.99584674835205,-0.08404254913330078,101,101,0,0
bar_random_5,490595,6623577,-13.11225700378418,-12.830535888671875,0.2817211151123047,101,101,0,0
bar_random_5,405717,2747487,-10.70751953125,-10.824647903442383,-0.11712837219238281,101,101,0,0
bar_random_5,104861,1567108,-13.855643272399902,-13.956750869750977,-0.10110759735107422,100,101,-1,0
bar_random_5,1113437,5188747,1.2463858127593994,0.7159752249717712,-0.5304105877876282,19,22,-3,0
bar_random_5,1117099,5912484,-12.261314392089844,-12.358076095581055,-0.09676170349121094,87,88,-1,0
bar_random_5,1037798,3265449,-12.068567276000977,-12.105157852172852,-0.036590576171875,53,53,0,0
bar_random_5,87452,5105203,-12.813508987426758,-12.608530044555664,0.20497894287109375,101,99,2,1
bar_random_5,573724,1183176,-13.761153221130371,-13.878211975097656,-0.11705875396728516,99,101,-2,0
bar_random_5,359349,6873868,-9.214066505432129,-9.205432891845703,0.008633613586425781,91,91,0,0
bar_random_5,915593,316344,-12.248003005981445,-12.646669387817383,-0.3986663818359375,101,101,0,0
bar_random_5,19335,4275620,-12.524759292602539,-12.576515197753906,-0.05175590515136719,98,99,-1,0
bar_random_5,104861,4192812,-14.320369720458984,-14.333792686462402,-0.013422966003417969,101,101,0,0
bar_random_5,405717,4475757,-12.911982536315918,-13.085949897766113,-0.1739673614501953,101,101,0,0
bar_random_5,1112341,8099172,-13.927461624145508,-14.213178634643555,-0.2857170104980469,99,101,-2,0
bar_random_5,1110199,3722531,-12.512530326843262,-12.361427307128906,0.15110301971435547,68,63,5,1
bar_random_5,104861,1358097,-14.11907958984375,-14.197502136230469,-0.07842254638671875,101,101,0,0
bar_random_5,264014,3645389,-11.301021575927734,-11.46796989440918,-0.1669483184814453,76,79,-3,0
bar_random_5,1106007,2355828,-11.772238731384277,-12.345449447631836,-0.5732107162475586,99,101,-2,0
bar_random_5,87181,5869684,-11.773780822753906,-11.834425926208496,-0.060645103454589844,98,99,-1,0
bar_random_5,1129237,1325030,-8.032938003540039,-7.544599533081055,0.4883384704589844,39,37,2,1
bar_random_5,182539,2175832,-12.47323226928711,-12.684581756591797,-0.2113494873046875,91,92,-1,0
