relevance_group,checkpoint,control_mean,control_se,attack_mean,attack_se,delta_mean,delta_se,control_mean_doc_weighted,attack_mean_doc_weighted,n_instances,n_docs,n_queries
relevant,embedding,0.518960604602716,0.017669294564742314,0.5111732108689597,0.017366643501232317,-0.007787393733756317,0.0006784992072322657,0.5177095168786046,0.5090694602988484,55006,1752,42
relevant,L00_post_attn,0.8161910297711703,0.015802348584816737,0.8168891719780752,0.01608982621344678,0.0006981422069047017,0.0012198916946446065,0.8179295460294731,0.8188698656940282,55006,1752,42
relevant,L00_post_mlp,0.8450865017257935,0.01633367261472132,0.8447697001795623,0.016289355135955197,-0.00031680154623132,0.000500979962274365,0.847125197396592,0.8467959828053705,55006,1752,42
relevant,L01_post_attn,0.8352988833408538,0.014909716977951707,0.8359501405546484,0.01488432454130377,0.0006512572137948584,0.00042895679410897387,0.8374772381653256,0.838252530961673,55006,1752,42
relevant,L01_post_mlp,0.8369983895911355,0.014617566003704736,0.8373881826757262,0.014584139771780455,0.00038979308459077236,0.0004060972580114521,0.8394106964447964,0.8398952761349424,55006,1752,42
relevant,L02_post_attn,0.8204136595797912,0.013239715221880926,0.8222686948021852,0.013255513985702546,0.00185503522239392,0.0004641502369392082,0.8232432860300722,0.8253732534519944,55006,1752,42
relevant,L02_post_mlp,0.8266683949375342,0.011933865990862796,0.8280605047240119,0.01195467614030133,0.0013921097864778382,0.00042324382650986637,0.8291114221053657,0.8307083308927037,55006,1752,42
relevant,L03_post_attn,0.7972799054097552,0.010291174757924258,0.8003604882825692,0.010314814866756936,0.0030805828728138747,0.000465643286011532,0.7996370347094577,0.8030493131349739,55006,1752,42
relevant,L03_post_mlp,0.8015989698838489,0.009425447233524136,0.8043984537314838,0.009358437653917166,0.0027994838476348032,0.0004211633474300177,0.8038221418324973,0.8069194322094342,55006,1752,42
relevant,L04_post_attn,0.7724400299501508,0.007751974090378775,0.7760317138429627,0.0076492721556514045,0.0035916838928116935,0.00045205406870963815,0.7747376739754259,0.7787624835937048,55006,1752,42
relevant,L04_post_mlp,0.7891755935778642,0.007355903852999728,0.792639958925699,0.007233766575839969,0.003464365347834781,0.00041417401945117717,0.7909683571727958,0.7948131834290303,55006,1752,42
relevant,L05_post_attn,0.7657784733573064,0.0074055550808492165,0.7716219354913828,0.007162894897151306,0.005843462134076282,0.0005748758361959849,0.7667765562662247,0.7731524578002826,55006,1752,42
relevant,L05_post_mlp,0.7768370509652766,0.007092057253833376,0.7820090776551103,0.006847139303439082,0.005172026689833836,0.0005239606296875384,0.7779114793558908,0.7835143064815838,55006,1752,42
relevant,L06_post_attn,0.7319736157201577,0.007546124467980685,0.7392557633135295,0.007136100022971702,0.007282147593371632,0.0006533209224548127,0.7325998272400875,0.7404634436389449,55006,1752,42
relevant,L06_post_mlp,0.7490757211239865,0.0068495402826189555,0.7551806635034906,0.006554427661990492,0.006104942379504054,0.000543573607518341,0.7494563429500923,0.7560581764598466,55006,1752,42
relevant,L07_post_attn,0.7140894245378323,0.00787201484967095,0.7202987634264262,0.0076314964549258745,0.006209338888593972,0.0005405167451093292,0.7144385177276533,0.7210950483850593,55006,1752,42
relevant,L07_post_mlp,0.7333391069411882,0.008200378399484877,0.7371429776400393,0.00806581512659884,0.0038038706988510335,0.00038661110202758574,0.7314252372223348,0.7354391098064372,55006,1752,42
relevant,L08_post_attn,0.7019287196516198,0.007992582019144212,0.7066131943240191,0.007877543622878076,0.004684474672399375,0.0005567176368519459,0.7002671788224765,0.7050093877862041,55006,1752,42
relevant,L08_post_mlp,0.6917240908221103,0.011591810378947642,0.694068289343199,0.011589476716197067,0.002344198521088609,0.0003671536710011923,0.6854184027180735,0.6877895696846769,55006,1752,42
relevant,L09_post_attn,0.6687338363781041,0.011701768085378558,0.671151249238974,0.0117068964324398,0.002417412860869723,0.0004410949577522398,0.6628633760558026,0.6652948785563042,55006,1752,42
relevant,L09_post_mlp,0.6480755560242337,0.01526873287278618,0.649891411306312,0.015123887002306395,0.0018158552820783185,0.00029716841151007466,0.6396953574614999,0.6416654069281045,55006,1752,42
relevant,L10_post_attn,0.588146548931971,0.01704155092569874,0.5905098725642112,0.016862870539143527,0.0023633236322401193,0.0004738498630526719,0.5826189612159305,0.584937296094803,55006,1752,42
relevant,L10_post_mlp,0.5925493336116787,0.017981627664116515,0.5939934734910737,0.01784481816912416,0.001444139879394975,0.00033722182854759,0.5852509807798061,0.5867483611047201,55006,1752,42
relevant,L11_post_attn,0.451876103183046,0.025024024818195094,0.45279767193923065,0.024903602086810896,0.0009215687561845492,0.0006946291641422292,0.45887538317541393,0.459454871404265,55006,1752,42
relevant,L11_post_mlp,0.4916847337840605,0.022940503234257628,0.49187103999178944,0.022823040295286746,0.00018630620772897515,0.0008438930582313908,0.49747678862819783,0.497569139532625,55006,1752,42
nonrelevant,embedding,0.4701955479916261,0.014962205113188314,0.4621791880927426,0.014149267694211902,-0.008016359898883472,0.0010177135256909803,0.48541102239284667,0.47589999897756946,76308,2260,43
nonrelevant,L00_post_attn,0.7973141292526209,0.01695941485964737,0.7985095637684253,0.016700284773255126,0.0011954345158043716,0.0008989065695530615,0.8042648998247797,0.805192138626426,76308,2260,43
nonrelevant,L00_post_mlp,0.8281953264981784,0.01584318643570346,0.8281342461856293,0.015489437785872393,-6.108031254914274e-05,0.000594443258450968,0.8349814385954172,0.8345233172134003,76308,2260,43
nonrelevant,L01_post_attn,0.8223298169567542,0.01282034311153449,0.8233203417920927,0.012545724327414652,0.000990524835338365,0.0004723910558290019,0.8287500744826766,0.8295369253664377,76308,2260,43
nonrelevant,L01_post_mlp,0.8216728526501414,0.012600992552366429,0.8224025534695969,0.01234299514045368,0.0007297008194553653,0.0004281559420665948,0.8286647350409355,0.829135930134657,76308,2260,43
nonrelevant,L02_post_attn,0.8066441659256696,0.01099883956590446,0.808890289883459,0.010762644367525937,0.002246123957789486,0.00045945687704879217,0.8139656945069716,0.8161226357299021,76308,2260,43
nonrelevant,L02_post_mlp,0.8117509005014939,0.010138155327085964,0.8135351327167664,0.0098826429797666,0.0017842322152723173,0.00044960208427065774,0.8188048080428639,0.8204410243354927,76308,2260,43
nonrelevant,L03_post_attn,0.7824790136627089,0.00895679736301363,0.7861491457086281,0.008655546811891762,0.0036701320459191695,0.0005224437775213219,0.7896162374526688,0.793251221235877,76308,2260,43
nonrelevant,L03_post_mlp,0.7881618325693506,0.009058461139983001,0.7913559515936992,0.008751866148019743,0.003194119024348692,0.0004772001659323405,0.7953888752187829,0.7985375482453606,76308,2260,43
nonrelevant,L04_post_attn,0.7601097471965195,0.00810026144217254,0.7643147764880616,0.007761814248069212,0.0042050292915421705,0.0005286304766963453,0.7666861254574373,0.7710309389631093,76308,2260,43
nonrelevant,L04_post_mlp,0.7746043636307334,0.007811285218117011,0.7787930166298029,0.007481316480667381,0.00418865299906956,0.000495068790560528,0.7812710758183133,0.7855428584375964,76308,2260,43
nonrelevant,L05_post_attn,0.7499657787616241,0.007425490196187756,0.7568473937911491,0.007002544067115056,0.006881615029525083,0.0006159495640924675,0.7566771294995521,0.7636715666224861,76308,2260,43
nonrelevant,L05_post_mlp,0.7626286139710253,0.00739822843599102,0.7687529133637627,0.007015148596650483,0.006124299392737328,0.0005390154783995216,0.7691123307037943,0.7753066358543539,76308,2260,43
nonrelevant,L06_post_attn,0.7176470964369135,0.007633197372014159,0.7262026386792865,0.007176776517355487,0.008555542242373015,0.0006551152055162822,0.7241477732809805,0.732913489372898,76308,2260,43
nonrelevant,L06_post_mlp,0.7363367358592677,0.007160111784204851,0.743556187657821,0.006771110919963363,0.007219451798553232,0.0005455255493855714,0.7420660050007317,0.7494374314579907,76308,2260,43
nonrelevant,L07_post_attn,0.6944478988652696,0.007510878086846876,0.7023241135806599,0.007092922411809065,0.007876214715390259,0.0005902088361568605,0.7008418626416579,0.7088573770628878,76308,2260,43
nonrelevant,L07_post_mlp,0.7188963488316429,0.00804885410218827,0.7240369166166326,0.00780246593002673,0.005140567784989779,0.00041591623891705694,0.7239974554021964,0.7290885096464635,76308,2260,43
nonrelevant,L08_post_attn,0.6866830756364338,0.008646916685544152,0.6930324146091367,0.00835309632446571,0.006349338972702731,0.0005627491167366757,0.6927518945065184,0.6989097041216301,76308,2260,43
nonrelevant,L08_post_mlp,0.6853708012185877,0.011409143938414143,0.6886805467053257,0.011294488407204765,0.003309745486737957,0.0003620060334734796,0.6879893853948463,0.6910935389596157,76308,2260,43
nonrelevant,L09_post_attn,0.6545928052915684,0.012092504675291027,0.6584444638253,0.01192836231538069,0.0038516585337317185,0.000412031130973716,0.6594315778578782,0.6630160178447708,76308,2260,43
nonrelevant,L09_post_mlp,0.6385483821580437,0.015139172523055687,0.6410848932195314,0.014999787415934019,0.0025365110614876552,0.00028726779951749167,0.6412493421822559,0.6436603812089101,76308,2260,43
nonrelevant,L10_post_attn,0.5575040050403759,0.01767399918151239,0.5619880429082404,0.017424971625456923,0.004484037867864445,0.0005125731153616187,0.566179944430414,0.5699911842388047,76308,2260,43
nonrelevant,L10_post_mlp,0.5776797370917598,0.017920593595292137,0.5802644778489151,0.017777574460699656,0.002584740757155213,0.0003399196706545474,0.5833876940414119,0.5854949070669888,76308,2260,43
nonrelevant,L11_post_attn,0.3726989466966877,0.025240836813296787,0.37620547499260987,0.024720626744749282,0.0035065282959221614,0.0011515613201842656,0.40135480886891717,0.40296627507846705,76308,2260,43
nonrelevant,L11_post_mlp,0.45880069571325466,0.020830243692054735,0.46178300698517366,0.020226784361659287,0.002982311271919096,0.001009363067764361,0.48358824524705846,0.4849299909863838,76308,2260,43
