relevance_group,head_label,control_abnormal_rate,attack_abnormal_rate,paired_rate_difference
relevant,L0H0,0.0591208231829255,0.0633021852161582,0.0041813620332327
relevant,L0H1,0.0598298367450823,0.0547576628004217,-0.0050721739446605
relevant,L0H2,0.0539577500636294,0.0502308839035741,-0.0037268661600552
relevant,L0H3,0.0354324982729156,0.0367596262225939,0.0013271279496782
relevant,L0H4,0.054066829073192,0.0619205177616987,0.0078536886885067
relevant,L0H5,0.0757371923062938,0.0690288332181943,-0.0067083590880994
relevant,L0H6,0.0868996109515325,0.0863542159037196,-0.0005453950478129
relevant,L0H7,0.0506671999418245,0.0638657600988983,0.0131985601570737
relevant,L0H8,0.0533941751808893,0.0591935425226338,0.0057993673417445
relevant,L0H9,0.0469221539468421,0.0415409228084209,-0.0053812311384212
relevant,L0H10,0.0435225248154746,0.0381776533469076,-0.005344871468567
relevant,L0H11,0.0866450932625531,0.0803185107079227,-0.0063265825546304
relevant,L1H0,0.0646656728356906,0.0710467948951023,0.0063811220594117
relevant,L1H1,0.042668072573901,0.0404137730429407,-0.0022542995309602
relevant,L1H2,0.0582481911064247,0.1090244700578118,0.0507762789513871
relevant,L1H3,0.0618296185870632,0.0642475366323673,0.0024179180453041
relevant,L1H4,0.0442315383776315,0.0286332400101807,-0.0155982983674508
relevant,L1H5,0.0705559393520706,0.0589390248336545,-0.0116169145184161
relevant,L1H6,0.0571755808457259,0.0640475584481692,0.0068719776024433
relevant,L1H7,0.0461404210449769,0.0620659564411155,0.0159255353961386
relevant,L1H8,0.0450859906192051,0.043595244155183,-0.0014907464640221
relevant,L1H9,0.0552303385085263,0.0818274370068719,0.0265970984983456
relevant,L1H10,0.0580118532523724,0.0453041486383303,-0.0127077046140421
relevant,L1H11,0.0635203432352834,0.0620477766061884,-0.001472566629095
relevant,L2H0,0.0458313638512162,0.0454132276478929,-0.0004181362033232
relevant,L2H1,0.0607388284914372,0.0540122895684107,-0.0067265389230265
relevant,L2H2,0.0670654110460677,0.0521215867359924,-0.0149438243100752
relevant,L2H3,0.0821364942006326,0.083681780169436,0.0015452859688034
relevant,L2H4,0.0679380431225684,0.0657019234265352,-0.0022361196960331
relevant,L2H5,0.0624659128095116,0.0595025997163945,-0.0029633130931171
relevant,L2H6,0.0602479729484056,0.0660473402901501,0.0057993673417445
relevant,L2H7,0.0270152347016689,0.0208886303312365,-0.0061266043704323
relevant,L2H8,0.0470312329564047,0.0398138384903465,-0.0072173944660582
relevant,L2H9,0.0725739010289786,0.0908991746354943,0.0183252736065156
relevant,L2H10,0.0557030142166309,0.0536850525397229,-0.0020179616769079
relevant,L2H11,0.0598298367450823,0.0742646256771988,0.0144347889321164
relevant,L3H0,0.0392684434425335,0.0310511580554848,-0.0082172853870486
relevant,L3H1,0.0279424062829509,0.0250699923644693,-0.0028724139184816
relevant,L3H2,0.0414500236337854,0.0293786132421917,-0.0120714103915936
relevant,L3H3,0.0499218267098134,0.0481583827218848,-0.0017634439879285
relevant,L3H4,0.0612660437043231,0.0548667418099843,-0.0063993018943387
relevant,L3H5,0.0750099989092099,0.0703377813329454,-0.0046722175762644
relevant,L3H6,0.0476493473439261,0.0400865360142529,-0.0075628113296731
relevant,L3H7,0.0475948078391448,0.0552303385085263,0.0076355306693815
relevant,L3H8,0.0486128785950623,0.0449587317747154,-0.0036541468203468
relevant,L3H9,0.0522852052503363,0.0643202559720757,0.0120350507217394
relevant,L3H10,0.0428135112533178,0.0383230920263244,-0.0044904192269934
relevant,L3H11,0.05959349889103,0.0722466640002908,0.0126531651092608
relevant,L4H0,0.03715958259099,0.0306330218521615,-0.0065265607388284
relevant,L4H1,0.0566847253026942,0.0459222630258517,-0.0107624622768425
relevant,L4H2,0.0907719157910046,0.0838090390139257,-0.0069628767770788
relevant,L4H3,0.0593753408719048,0.0802276115332872,0.0208522706613824
relevant,L4H4,0.0663018579791295,0.0537759517143584,-0.0125259062647711
relevant,L4H5,0.0387230483947205,0.0436861433298185,0.0049630949350979
relevant,L4H6,0.0501218048940115,0.0553212376831618,0.0051994327891502
relevant,L4H7,0.0410864269352434,0.0432680071264952,0.0021815801912518
relevant,L4H8,0.0494491510017089,0.0480674835472493,-0.0013816674544595
relevant,L4H9,0.0358506344762389,0.0319237901319856,-0.0039268443442533
relevant,L4H10,0.0500490855543031,0.0533941751808893,0.0033450896265861
relevant,L4H11,0.0499400065447405,0.0491946333127295,-0.000745373232011
relevant,L5H0,0.0514125731738355,0.0421772170308693,-0.0092353561429662
relevant,L5H1,0.0730283969021561,0.0700287241391848,-0.0029996727629713
relevant,L5H2,0.0614478420535941,0.0590117441733629,-0.0024360978802312
relevant,L5H3,0.0596298585608842,0.0561211504199541,-0.00350870814093
relevant,L5H4,0.0460131622004872,0.0375413591244591,-0.008471803076028
relevant,L5H5,0.0346507653710504,0.0339781114787477,-0.0006726538923026
relevant,L5H6,0.0525215431043886,0.0535577936952332,0.0010362505908446
relevant,L5H7,0.0450314511144238,0.0490128349634585,0.0039813838490346
relevant,L5H8,0.0459586226957059,0.0519579682216485,0.0059993455259426
relevant,L5H9,0.0676108060938806,0.0816819983274552,0.0140711922335745
relevant,L5H10,0.0299967276297131,0.0275606297494818,-0.0024360978802312
relevant,L5H11,0.0329600407228302,0.0343780678471439,0.0014180271243137
relevant,L6H0,0.0490855543031669,0.0453223284732574,-0.0037632258299094
relevant,L6H1,0.0576846162236846,0.0492673526524379,-0.0084172635712467
relevant,L6H2,0.052794240628295,0.04781296585827,-0.004981274770025
relevant,L6H3,0.0378322364832927,0.0326509835290695,-0.0051812529542231
relevant,L6H4,0.0799912736792349,0.0755553939570228,-0.0044358797222121
relevant,L6H5,0.0573573791949969,0.0508308184561684,-0.0065265607388284
relevant,L6H6,0.0409591680907537,0.0325964440242882,-0.0083627240664654
relevant,L6H7,0.0574664582045595,0.0570665018361633,-0.0003999563683961
relevant,L6H8,0.0318692506272043,0.0303785041631821,-0.0014907464640221
relevant,L6H9,0.0282696433116387,0.0256153874122822,-0.0026542558993564
relevant,L6H10,0.0314692942588081,0.0302148856488383,-0.0012544086099698
relevant,L6H11,0.0435043449805475,0.0485946987601352,0.0050903537795876
relevant,L7H0,0.0642475366323673,0.0549758208195469,-0.0092717158128204
relevant,L7H1,0.036414209358979,0.0319601498018397,-0.0044540595571392
relevant,L7H2,0.0545758644511507,0.0515761916881794,-0.0029996727629713
relevant,L7H3,0.0512489546594916,0.0419226993418899,-0.0093262553176017
relevant,L7H4,0.0282696433116387,0.0304512235028905,0.0021815801912518
relevant,L7H5,0.078336908700869,0.0768643420717739,-0.001472566629095
relevant,L7H6,0.0587390466494564,0.046358579064102,-0.0123804675853543
relevant,L7H7,0.0316874522779333,0.034578046031342,0.0028905937534087
relevant,L7H8,0.0639748391084609,0.063629422244846,-0.0003454168636148
relevant,L7H9,0.0560666109151728,0.0550667199941824,-0.0009998909209904
relevant,L7H10,0.060138893938843,0.0578482347380285,-0.0022906592008144
relevant,L7H11,0.0628658691779078,0.0595571392211758,-0.0033087299567319
relevant,L8H0,0.0666472748427444,0.059411700541759,-0.0072355743009853
relevant,L8H1,0.0535396138603061,0.0491946333127295,-0.0043449805475766
relevant,L8H2,0.058302730611206,0.0482674617314474,-0.0100352688797585
relevant,L8H3,0.0546485837908591,0.0536486928698687,-0.0009998909209904
relevant,L8H4,0.0632112860415227,0.0607024688215831,-0.0025088172199396
relevant,L8H5,0.0481402028869577,0.050939897465731,0.0027996945787732
relevant,L8H6,0.0361233320001454,0.0463222193942479,0.0101988873941024
relevant,L8H7,0.0543395265970985,0.049285532487365,-0.0050539941097334
relevant,L8H8,0.0520125077264298,0.0539941097334836,0.0019816020070537
relevant,L8H9,0.0728647783878122,0.0701014434788932,-0.002763334908919
relevant,L8H10,0.0440133803585063,0.0414318437988583,-0.002581536559648
relevant,L8H11,0.0431225684470785,0.0365414682034687,-0.0065811002436097
relevant,L9H0,0.069883285459768,0.0701741628186016,0.0002908773588335
relevant,L9H1,0.0531032978220557,0.0449769116096425,-0.0081263862124131
relevant,L9H2,0.0477947860233429,0.0437952223393811,-0.0039995636839617
relevant,L9H3,0.0672108497254845,0.068228920481402,0.0010180707559175
relevant,L9H4,0.072646620368687,0.0711195142348107,-0.0015271061338762
relevant,L9H5,0.1022252117950769,0.087899501872523,-0.0143257099225539
relevant,L9H6,0.0385957895502308,0.0379958549976366,-0.0005999345525942
relevant,L9H7,0.0652656073882849,0.0611024251899792,-0.0041631821983056
relevant,L9H8,0.0528306002981492,0.0488128567792604,-0.0040177435188888
relevant,L9H9,0.0517216303675962,0.0539759298985565,0.0022542995309602
relevant,L9H10,0.05902992400829,0.0660655201250772,0.0070355961167872
relevant,L9H11,0.0759917099952732,0.0689924735483401,-0.006999236446933
relevant,L10H0,0.053885030723921,0.0492491728175108,-0.0046358579064102
relevant,L10H1,0.0453950478129658,0.0421590371959422,-0.0032360106170235
relevant,L10H2,0.0797549358251827,0.0691924517325382,-0.0105624840926444
relevant,L10H3,0.0940806457477366,0.083681780169436,-0.0103988655783005
relevant,L10H4,0.074482783696324,0.0683379994909646,-0.0061447842053594
relevant,L10H5,0.0544849652765152,0.0504854015925535,-0.0039995636839617
relevant,L10H6,0.0668654328618696,0.06197505726648,-0.0048903755953896
relevant,L10H7,0.07081045704105,0.0687015961895066,-0.0021088608515434
relevant,L10H8,0.0677562447732974,0.070065083809039,0.0023088390357415
relevant,L10H9,0.072828418717958,0.0694651492564447,-0.0033632694615132
relevant,L10H10,0.0473948296549467,0.0455404864923826,-0.001854343162564
relevant,L10H11,0.0432680071264952,0.0459404428607788,0.0026724357342835
relevant,L11H0,0.0842998945569574,0.0831727447914773,-0.0011271497654801
relevant,L11H1,0.0896084063556702,0.0846453114205723,-0.0049630949350979
relevant,L11H2,0.0090717376286223,0.0115623750136348,0.0024906373850125
relevant,L11H3,0.0009998909209904,0.0017089044831472,0.0007090135621568
relevant,L11H4,0.0945715012907682,0.091226411664182,-0.0033450896265861
relevant,L11H5,0.0495945896811256,0.0465767370832272,-0.0030178525978984
relevant,L11H6,0.0589572046685816,0.0554303166927244,-0.0035268879758571
relevant,L11H7,0.0411227866050976,0.0401774351888884,-0.0009453514162091
relevant,L11H8,0.0533941751808893,0.0531760171617641,-0.0002181580191251
relevant,L11H9,0.058666327309748,0.05902992400829,0.0003635966985419
relevant,L11H10,0.130022179398611,0.1184961640548303,-0.0115260153437806
relevant,L11H11,0.1454023197469367,0.1372941133694506,-0.0081082063774861
nonrelevant,L0H0,0.128191015358809,0.1318472506159249,0.0036562352571159
nonrelevant,L0H1,0.0992294385909734,0.0891387534727682,-0.0100906851182051
nonrelevant,L0H2,0.0801095560098548,0.0680007338680086,-0.0121088221418461
nonrelevant,L0H3,0.0856004612884625,0.0776458562667086,-0.0079546050217539
nonrelevant,L0H4,0.0485794412119306,0.055590501651203,0.0070110604392724
nonrelevant,L0H5,0.1350317135818,0.1255700581852492,-0.0094616553965508
nonrelevant,L0H6,0.0502830633747444,0.0491560517901137,-0.0011270115846307
nonrelevant,L0H7,0.0915369292865754,0.1001598783875871,0.0086229491010116
nonrelevant,L0H8,0.0768595691146406,0.0694291555275986,-0.0074304135870419
nonrelevant,L0H9,0.0725218849923992,0.0645279656130418,-0.0079939193793573
nonrelevant,L0H10,0.0759946532473659,0.0723908371337212,-0.0036038161136447
nonrelevant,L0H11,0.0690229071656969,0.0626539812339466,-0.0063689259317502
nonrelevant,L1H0,0.0728626094249619,0.0654453006237878,-0.0074173088011741
nonrelevant,L1H1,0.0670309797137914,0.0606620537820412,-0.0063689259317502
nonrelevant,L1H2,0.0840934109136656,0.1490145201027415,0.0649211091890758
nonrelevant,L1H3,0.0844996592755674,0.0699664517481784,-0.014533207527389
nonrelevant,L1H4,0.0729019237825654,0.0521963621114431,-0.0207055616711222
nonrelevant,L1H5,0.0817476542433296,0.074487602872569,-0.0072600513707606
nonrelevant,L1H6,0.0636892593175027,0.0600330240603868,-0.0036562352571159
nonrelevant,L1H7,0.0813283010955601,0.1046286103685065,0.0233003092729464
nonrelevant,L1H8,0.054738690569796,0.0401923782565392,-0.0145463123132568
nonrelevant,L1H9,0.0579231535356712,0.0873171882371442,0.0293940347014729
nonrelevant,L1H10,0.0608848351417937,0.0425774492844786,-0.018307385857315
nonrelevant,L1H11,0.0996094773811396,0.0859149761492897,-0.0136945012318498
nonrelevant,L2H0,0.0767940451853016,0.0719714839859516,-0.0048225611993499
nonrelevant,L2H1,0.0755097761702573,0.0616055983645227,-0.0139041778057346
nonrelevant,L2H2,0.0695733081721444,0.06203805629816,-0.0075352518739843
nonrelevant,L2H3,0.0568747706662473,0.0536772029145043,-0.0031975677517429
nonrelevant,L2H4,0.1214420506368925,0.1048776012999947,-0.0165644493368978
nonrelevant,L2H5,0.0992818577344446,0.0831891806887875,-0.016092677045657
nonrelevant,L2H6,0.036300256853803,0.0336661948943754,-0.0026340619594275
nonrelevant,L2H7,0.0700057661057818,0.05304817319285,-0.0169575929129317
nonrelevant,L2H8,0.0884573046076427,0.0779734759134035,-0.0104838286942391
nonrelevant,L2H9,0.0823242648215128,0.1157938879278712,0.0334696231063584
nonrelevant,L2H10,0.0437437752267127,0.0350028830528909,-0.0087408921738218
nonrelevant,L2H11,0.0637940976044451,0.0689180688787545,0.0051239712743093
nonrelevant,L3H0,0.1173402526602715,0.1005137076060177,-0.0168265450542538
nonrelevant,L3H1,0.0614876552917125,0.0578445248204644,-0.003643130471248
nonrelevant,L3H2,0.0619594275829532,0.0474131152696964,-0.0145463123132568
nonrelevant,L3H3,0.0717749121979346,0.0614221313623735,-0.0103527808355611
nonrelevant,L3H4,0.0528253918330974,0.0488022225716831,-0.0040231692614142
nonrelevant,L3H5,0.0800047177229124,0.0728888189966976,-0.0071158987262148
nonrelevant,L3H6,0.0610683021439429,0.0571368663836032,-0.0039314357603396
nonrelevant,L3H7,0.0988362950149394,0.1168160612255595,0.0179797662106201
nonrelevant,L3H8,0.0605572154950988,0.0553546155055826,-0.0052025999895161
nonrelevant,L3H9,0.0713948734077685,0.0861115479373067,0.0147166745295381
nonrelevant,L3H10,0.062234628086177,0.0525108769722702,-0.0097237511139067
nonrelevant,L3H11,0.0945903443937726,0.0919431776484772,-0.0026471667452953
nonrelevant,L4H0,0.0616449127221261,0.0466661424752319,-0.0149787702468941
nonrelevant,L4H1,0.1805577396865335,0.1619620485401268,-0.0185956911464066
nonrelevant,L4H2,0.1174450909472139,0.1097001624993447,-0.0077449284478691
nonrelevant,L4H3,0.0748676416627352,0.0896367353357446,0.0147690936730093
nonrelevant,L4H4,0.0508727787387954,0.0449101011689469,-0.0059626775698485
nonrelevant,L4H5,0.0631388583110552,0.0624574094459296,-0.0006814488651255
nonrelevant,L4H6,0.0516721706767311,0.0555642920794674,0.0038921214027362
nonrelevant,L4H7,0.0706610053991717,0.0692194789537139,-0.0014415264454578
nonrelevant,L4H8,0.0820752738900246,0.077292027048278,-0.0047832468417466
nonrelevant,L4H9,0.0868323111600356,0.0791398018556376,-0.0076925093043979
nonrelevant,L4H10,0.066991665356188,0.0732426482151281,0.00625098285894
nonrelevant,L4H11,0.1063846516747916,0.1030953504219741,-0.0032893012528175
nonrelevant,L5H0,0.1060963463857,0.0904230224878125,-0.0156733238978875
nonrelevant,L5H1,0.0612386643602243,0.0469413429784557,-0.0142973213817686
nonrelevant,L5H2,0.1012344708287466,0.0902002411280599,-0.0110342297006866
nonrelevant,L5H3,0.057608638674844,0.0482649263511034,-0.0093437123237406
nonrelevant,L5H4,0.0912748335692194,0.0705299575404937,-0.0207448760287256
nonrelevant,L5H5,0.0777900089112543,0.072731561566284,-0.0050584473449703
nonrelevant,L5H6,0.1764690464957802,0.1635870419877339,-0.0128820045080463
nonrelevant,L5H7,0.0909341091366567,0.0821932169628348,-0.0087408921738218
nonrelevant,L5H8,0.1081275881952088,0.11300256853803,0.0048749803428212
nonrelevant,L5H9,0.0651438905488284,0.0751952613094302,0.0100513707606017
nonrelevant,L5H10,0.0324605545945379,0.0303899984274256,-0.0020705561671122
nonrelevant,L5H11,0.0506237878073072,0.0441107092310111,-0.006513078576296
nonrelevant,L6H0,0.1195811710436651,0.1105519735807517,-0.0090291974629134
nonrelevant,L6H1,0.0257115898726214,0.0247418357184043,-0.0009697541542171
nonrelevant,L6H2,0.1078785972637207,0.0889421816847512,-0.0189364155789694
nonrelevant,L6H3,0.0360905802799182,0.0305079415002358,-0.0055826387796823
nonrelevant,L6H4,0.1355690098023798,0.123368454159459,-0.0122005556429207
nonrelevant,L6H5,0.0375058971536405,0.0380169838024846,0.0005110866488441
nonrelevant,L6H6,0.0227236986947633,0.0201027415212035,-0.0026209571735597
nonrelevant,L6H7,0.0762567489647219,0.0765188446820779,0.0002620957173559
nonrelevant,L6H8,0.0517376946060701,0.0501651203019342,-0.0015725743041358
nonrelevant,L6H9,0.0302982649263511,0.0251218745085705,-0.0051763904177805
nonrelevant,L6H10,0.0254494941552655,0.0213214866069088,-0.0041280075483566
nonrelevant,L6H11,0.0817345494574618,0.084919012423337,0.0031844629658751
nonrelevant,L7H0,0.0823504743932484,0.0674896472191644,-0.0148608271740839
nonrelevant,L7H1,0.0556429207946742,0.0510431409550767,-0.0045997798395974
nonrelevant,L7H2,0.0957042511925355,0.0846962310635844,-0.011008020128951
nonrelevant,L7H3,0.0515804371756565,0.0474655344131676,-0.0041149027624888
nonrelevant,L7H4,0.0847748597787912,0.0843817162027572,-0.0003931435760339
nonrelevant,L7H5,0.0457750170362216,0.0454080830319232,-0.0003669340042983
nonrelevant,L7H6,0.0280966609005608,0.0221601929024479,-0.0059364679981129
nonrelevant,L7H7,0.0249908266498925,0.02828012790271,0.0032893012528175
nonrelevant,L7H8,0.0755621953137285,0.0705037479687581,-0.0050584473449703
nonrelevant,L7H9,0.0668213031399067,0.0563374744456675,-0.0104838286942391
nonrelevant,L7H10,0.0518032185354091,0.0452377208156418,-0.0065654977197672
nonrelevant,L7H11,0.1842663940871206,0.174201918540651,-0.0100644755464695
nonrelevant,L8H0,0.0754180426691827,0.0647507469727944,-0.0106672956963883
nonrelevant,L8H1,0.0478848875609372,0.0416076951302615,-0.0062771924306756
nonrelevant,L8H2,0.0905278607747549,0.0740682497247995,-0.0164596110499554
nonrelevant,L8H3,0.1071840436127273,0.1033050269958588,-0.0038790166168684
nonrelevant,L8H4,0.1776484772238821,0.1663128374482361,-0.011335639775646
nonrelevant,L8H5,0.0466923520469675,0.0397206059652985,-0.006971746081669
nonrelevant,L8H6,0.0780914189862137,0.0780652094144781,-2.6209571735588688e-05
nonrelevant,L8H7,0.0571106568118676,0.0564161031608743,-0.0006945536509933
nonrelevant,L8H8,0.0550925197882266,0.0552759867903758,0.0001834670021491
nonrelevant,L8H9,0.0251480840803061,0.0307438276458562,0.0055957435655501
nonrelevant,L8H10,0.0306651989306494,0.0282277087592388,-0.0024374901714105
nonrelevant,L8H11,0.0740682497247995,0.0570582376683964,-0.017010012056403
nonrelevant,L9H0,0.0147297793154059,0.0136027677307752,-0.0011270115846307
nonrelevant,L9H1,0.0901085076269853,0.0773051318341458,-0.0128033757928395
nonrelevant,L9H2,0.0908423756355821,0.0809351575195261,-0.0099072181160559
nonrelevant,L9H3,0.0524060386853278,0.0513838653876395,-0.0010221732976883
nonrelevant,L9H4,0.1644388530691408,0.1567332389788751,-0.0077056140902657
nonrelevant,L9H5,0.0692981076689207,0.0627326099491534,-0.0065654977197672
nonrelevant,L9H6,0.050702416522514,0.0509907218116056,0.0002883052890915
nonrelevant,L9H7,0.0610551973580751,0.0591025842637731,-0.001952613094302
nonrelevant,L9H8,0.0709362059023955,0.0611469308591497,-0.0097892750432457
nonrelevant,L9H9,0.0654846149813912,0.0611600356450175,-0.0043245793363736
nonrelevant,L9H10,0.0922314829375688,0.0953766315458405,0.0031451486082717
nonrelevant,L9H11,0.1199874194055669,0.1055066310216491,-0.0144807883839178
nonrelevant,L10H0,0.1485820621691041,0.1429994233894218,-0.0055826387796823
nonrelevant,L10H1,0.0982072652932851,0.0948786496828641,-0.0033286156104209
nonrelevant,L10H2,0.1869921895476227,0.1631283744823609,-0.0238638150652618
nonrelevant,L10H3,0.0982072652932851,0.0785369817057189,-0.0196702835875661
nonrelevant,L10H4,0.0856528804319337,0.0761519106777795,-0.0095009697541542
nonrelevant,L10H5,0.0120301934266394,0.0131834145830057,0.0011532211563663
nonrelevant,L10H6,0.1085207317712428,0.0978796456465901,-0.0106410861246527
nonrelevant,L10H7,0.0906195942758295,0.083936153483252,-0.0066834407925774
nonrelevant,L10H8,0.0382921843057084,0.038777061382817,0.0004848770771085
nonrelevant,L10H9,0.094170991246003,0.0906982229910363,-0.0034727682549667
nonrelevant,L10H10,0.0655370341248624,0.0615662840069193,-0.003970750117943
nonrelevant,L10H11,0.0784845625622477,0.0781831524872883,-0.0003014100749593
nonrelevant,L11H0,0.1978691618178959,0.1947895371389631,-0.0030796246789327
nonrelevant,L11H1,0.1519237825653928,0.1346778843633695,-0.0172458982020233
nonrelevant,L11H2,0.0097630654715101,0.0118467264244902,0.00208366095298
nonrelevant,L11H3,0.001362897730251,0.0007207632227289,-0.0006421345075221
nonrelevant,L11H4,0.1767311422131362,0.1625648686900456,-0.0141662735230906
nonrelevant,L11H5,0.1069612622529747,0.1068826335377679,-7.862871520679382e-05
nonrelevant,L11H6,0.1215206793520993,0.1199481050479635,-0.0015725743041358
nonrelevant,L11H7,0.035448445772396,0.0318970488022225,-0.0035513969701735
nonrelevant,L11H8,0.0862425957959847,0.0817738638150652,-0.0044687319809194
nonrelevant,L11H9,0.1410206007233841,0.1214682602086281,-0.0195523405147559
nonrelevant,L11H10,0.198642344184096,0.1788410127378518,-0.0198013314462441
nonrelevant,L11H11,0.3108324159983225,0.2893798815327357,-0.0214525344655868
