decoder_layer,checkpoint,genuine_mean,genuine_se,n_queries,clean_nonrelevant_mean,clean_nonrelevant_se,successful_attack_mean,successful_attack_se,n_successful_attacks,n_successful_attack_examples,unsuccessful_attack_mean,unsuccessful_attack_se,n_unsuccessful_attacks,n_unsuccessful_attack_examples
0,D00_cross_attn,0.38743623756504536,0.018768058236608435,43,0.23808237822770711,0.01665133241743932,0.20157202958944428,0.00183767129258928,105,18906,0.20712569467854608,0.0011124523278442382,105,33572
1,D01_cross_attn,0.2671170398588973,0.026127877092641465,43,0.015247784964732156,0.009812190445007236,-0.004272598019700565,0.001367910470482799,105,18906,0.011670867890671248,0.0011778834141698475,105,33572
2,D02_cross_attn,-0.06079375201944631,0.018789945088567916,43,-0.20083520850742703,0.009334740353100683,-0.2106572132480177,0.0011894058465600364,105,18906,-0.21075816448092188,0.0007294840700785943,105,33572
3,D03_cross_attn,0.12345365682768203,0.011306611589325466,43,0.033693034824960263,0.006817873139187085,0.023492917684651456,0.0010004556106462516,105,18906,0.024405940605303614,0.0005211721562405218,105,33572
4,D04_cross_attn,-0.0896697516653107,0.011398425201344393,43,-0.12538758900720495,0.005016551074534481,-0.13707192550905356,0.0005512037177030833,105,18906,-0.13698876021355433,0.0003766223114530195,105,33572
5,D05_cross_attn,-0.19341911816219523,0.008419620755847764,43,-0.11983720070001799,0.005001427909793196,-0.1084066305012973,0.00102638178116928,105,18906,-0.11377525193154159,0.0006162630902535093,105,33572
6,D06_cross_attn,-0.08861084195908778,0.012637414000987184,43,-0.06214593922018098,0.007269694443987274,-0.04750251108778676,0.001111541800310104,105,18906,-0.04933982991218966,0.0008465508820810045,105,33572
7,D07_cross_attn,0.2620080399226028,0.01327958876392311,43,0.12150699437752333,0.011747728721765865,0.08462055956804933,0.0012815923020681496,105,18906,0.08802333233248631,0.0010321892410389596,105,33572
8,D08_cross_attn,0.13548632518712533,0.014797913273345611,43,0.26555043950163965,0.007136427150754156,0.2700844697914123,0.0007978050375835637,105,18906,0.26554755464631097,0.000490527584872567,105,33572
9,D09_cross_attn,0.17762453380228657,0.013995242569582962,43,0.023114904575255408,0.0074080160100862815,0.004381859650147027,0.0009892756936942387,105,18906,0.004042723497055585,0.0008751937464980939,105,33572
10,D10_cross_attn,0.5217881173508819,0.026994914203502203,43,0.15428372406929175,0.01807795135673786,0.10510149942164276,0.002040183883152801,105,18906,0.11514368310387925,0.0015994570752420167,105,33572
11,D11_cross_attn,0.5412606887043563,0.02701798797157281,43,0.15332003011471051,0.022376408558126514,0.09627515247106458,0.0035194105273795378,105,18906,0.10578193620288906,0.002055844421293855,105,33572
