checkpoint_index,checkpoint_name,layer,sublayer,sim_rel,sim_nonrel,delta_sim_real,step_sim_rel,step_sim_nonrel,delta_step_real,sim_rel_sd_units,sim_rel_se_units,sim_nonrel_sd_units,sim_nonrel_se_units,delta_sim_real_sd_units,delta_sim_real_se_units,step_sim_rel_sd_units,step_sim_rel_se_units,step_sim_nonrel_sd_units,step_sim_nonrel_se_units,step_delta_sim_real_sd_units,step_delta_sim_real_se_units,n_units,frac_queries_delta_positive
0,embedding,-1,embedding,0.5011845245324517,0.44250370879484996,0.058680815737601796,,,,0.08743045468219189,0.013333019342563845,0.07519914489170694,0.011467762086219701,0.048670564909366144,0.007422191565958574,,,,,,,43,0.8837209302325582
1,L00_post_attn,0,attn,0.8231170526160382,0.8052530274308289,0.01786402518520923,0.32193252808358647,0.362749318635979,-0.04081679055239256,0.07743046055485103,0.011808034534809922,0.08525264590416644,0.013000906617457167,0.017898697757234603,0.002729525818793675,0.09182796155686089,0.01400363285397867,0.08076972682671688,0.01231726786722935,0.03379234694043406,0.005153284596599562,43,0.8837209302325582
2,L00_post_mlp,0,mlp,0.8538047131372573,0.8383241336269799,0.01548057951027747,0.03068766052121908,0.03307110619615084,-0.0023834456749317586,0.07019150561224217,0.010704104255359928,0.07653610473555714,0.011671646550998957,0.014182978520001619,0.002162883947358288,0.011764440875970084,0.0017940604143478931,0.012990311317398641,0.001981003904078747,0.004462835277062533,0.0006805759993819499,43,0.9069767441860465
3,L01_post_attn,1,attn,0.8444947205064377,0.831499680141809,0.012995040364628799,-0.00930999263081956,-0.006824453485170888,-0.0024855391456486717,0.05821347299946701,0.008877471406514403,0.06322350097995458,0.009641493510865103,0.01339978599054949,0.0020434482063216622,0.015884678704816697,0.002422390792677317,0.017209176717238713,0.0026243748459800504,0.0028465365041617586,0.0004340927472842386,43,0.8837209302325582
4,L01_post_mlp,1,mlp,0.8447957058266063,0.8304485322641247,0.014347173562481634,0.00030098532016874333,-0.001051147877684091,0.0013521331978528345,0.057543836141392087,0.00877535274301596,0.061889328672915016,0.009438034141464217,0.013273406037618101,0.0020241754441809234,0.006741540069974766,0.0010280752225111196,0.006832780426470937,0.0010419892464334226,0.0015302122286330812,0.00023335517717201366,43,0.9302325581395349
5,L02_post_attn,2,attn,0.8285458810481889,0.8153062417566398,0.013239639291549136,-0.016249824778417465,-0.015142290507484968,-0.0011075342709324979,0.05063360052178657,0.007721551690364679,0.05446817666214651,0.008306319069601087,0.012836226806816956,0.0019575062365046413,0.010260417799771618,0.0015646990454803809,0.010980638254803329,0.001674531635197015,0.0029992115137488476,0.00045737546797178637,43,0.8604651162790697
6,L02_post_mlp,2,mlp,0.8324630826429659,0.818289333418278,0.014173749224687705,0.003917201594776838,0.0029830916616382683,0.0009341099331385698,0.04811496083266306,0.007337462738590387,0.051381835281540604,0.007835656421500328,0.012765449435852581,0.0019467127886206735,0.006272652639638808,0.0009565705597379572,0.006422170834429898,0.0009793718706823103,0.0014562020280584349,0.0002220687273943508,43,0.8837209302325582
7,L03_post_attn,3,attn,0.8003943687100026,0.7872379460734988,0.013156422636503788,-0.0320687139329632,-0.031051387344779288,-0.001017326588183917,0.04469231941093955,0.006815514815016398,0.047798111185111306,0.007289143620328354,0.013987026626000633,0.002133001563669172,0.011809332165864847,0.001800906271877231,0.01118866680781561,0.001706255692119748,0.0032381112806238745,0.0004938073408730205,43,0.8604651162790697
8,L03_post_mlp,3,mlp,0.8050301096917108,0.7918513788054632,0.013178730886247676,0.0046357409817082106,0.004613432731964322,2.2308249743887667e-05,0.04452897601268055,0.006790605180308631,0.04766440420544626,0.007268753497085944,0.01384412966797565,0.0021112099818654836,0.004788577127280621,0.0007302511658377059,0.004980554226260673,0.0007595273989687648,0.0015602979722884602,0.00023794321006685221,43,0.8604651162790697
9,L04_post_attn,4,attn,0.7763038031483739,0.7612273489097349,0.015076454238639153,-0.028726306543336837,-0.03062402989572832,0.0018977233523914776,0.04188372872496751,0.006387208750756193,0.044513526408150664,0.006788249137705619,0.015355288824769024,0.0023416595928214975,0.01079428390823117,0.001646112863769494,0.009845073768849513,0.0015013596745685788,0.0037508743416550874,0.0005720029745996506,43,0.8604651162790697
10,L04_post_mlp,4,mlp,0.7903684886025415,0.7748540143763223,0.015514474226219148,0.01406468545416749,0.013626665466587496,0.0004380199875799946,0.041457692276848805,0.006322238801508509,0.043184865679651505,0.006585630276152421,0.015268247041873746,0.0023283858453707665,0.006959741562480226,0.0010613506381626427,0.006905044714354644,0.001053009447021792,0.003092827909967192,0.0004716518345547746,43,0.9069767441860465
11,L05_post_attn,5,attn,0.764660169336097,0.7459135296886477,0.018746639647449437,-0.025708319266444443,-0.028940484687674736,0.0032321654212302897,0.042031755377927346,0.006409782603703688,0.04246812275704442,0.006476328005158827,0.019137946700471257,0.0029185095109234556,0.008561777146670776,0.0013056587743736606,0.007487917882672842,0.0011418967718755527,0.005101988815327484,0.0007780460001903808,43,0.8837209302325582
12,L05_post_mlp,5,mlp,0.7762728097073459,0.7593172167321969,0.01695559297514906,0.011612640371248841,0.013403687043549217,-0.0017910466723003759,0.041882885868335704,0.006387080216324847,0.04200795697561032,0.006406153381374142,0.01755357846032226,0.0026768956194203487,0.004243837593474239,0.000647179165728583,0.004195955618002208,0.0006398772329243974,0.0025991523800862545,0.00039636702203974054,43,0.8837209302325582
13,L06_post_attn,6,attn,0.7295762142629537,0.7107944324563278,0.018781781806625916,-0.04669659544439214,-0.048522784275869,0.0018261888314768549,0.04642761490673385,0.007080144897229637,0.04429385024560516,0.0067547488369812765,0.022806823784372116,0.0034780080209443924,0.009959370103572054,0.0015187897022080233,0.006859368289717143,0.001046043857566668,0.006987690690658029,0.0010656128402518005,43,0.8372093023255814
14,L06_post_mlp,6,mlp,0.7477338771705706,0.7305048408324212,0.017229036338149428,0.018157662907616938,0.019710408376093426,-0.0015527454684764888,0.043705952326649235,0.006665095244838985,0.0416633147896225,0.006353595940734695,0.02021381778303889,0.003082578312877211,0.005554873352205999,0.000847110244590098,0.00545197103100286,0.0008314177877227129,0.003954162868167283,0.0006030041842577822,43,0.813953488372093
15,L07_post_attn,7,attn,0.7120939806894497,0.6886304687485517,0.023463511940898026,-0.03563989648112092,-0.04187437208386951,0.006234475602748601,0.04729244213181904,0.007212029812639843,0.04330130067860096,0.0066033864470288915,0.022746239748018267,0.0034687690420154515,0.008799629618874554,0.0013419309363348125,0.00651992600502384,0.0009942793944405063,0.004580246714829497,0.0006984810757821076,43,0.9069767441860465
16,L07_post_mlp,7,mlp,0.7341675287627332,0.7202954610163984,0.013872067746334786,0.022073548073283412,0.03166499226784666,-0.009591444194563243,0.05301542304288773,0.008084776219618605,0.050230428361004095,0.007660068512247443,0.017358033700663397,0.0026470753231363393,0.024984388492179224,0.003810083525691712,0.02380594837661174,0.003630373092845081,0.01045045307384759,0.0015936791530897314,43,0.813953488372093
17,L08_post_attn,8,attn,0.7020052697564078,0.6920007881068241,0.010004481649583605,-0.032162259006325446,-0.028294672909574263,-0.003867586096751181,0.05775755627519514,0.008807944757872218,0.05163442513895642,0.007874176013636757,0.02080651909676919,0.0031729644158553384,0.011421746862447313,0.0017418000672241283,0.006993777204031846,0.0010665410248396176,0.00837208567431321,0.0012767310960348451,43,0.7674418604651163
18,L08_post_mlp,8,mlp,0.6927822968661261,0.6940885502605375,-0.0013062533944114235,-0.009222972890281591,0.002087762153713437,-0.011310735043995029,0.08607802995189116,0.013126776504710527,0.07890696761006874,0.012033199749816627,0.01852016930180918,0.0028242993408436933,0.04219078764592254,0.006434034797209706,0.03791080194677933,0.005781343097046374,0.013138094160238251,0.0020035405763314754,43,0.5348837209302325
19,L09_post_attn,9,attn,0.6682555252337302,0.6635012694125139,0.004754255821216461,-0.02452677163239586,-0.03058728084802375,0.006060509215627885,0.08833656207831693,0.013471199425040712,0.08213276069634633,0.012525128583662759,0.020077354374662182,0.003061767838197049,0.008387875434241802,0.0012791390118498504,0.007624120171713073,0.001162667426230216,0.006039159891769134,0.0009209632495048005,43,0.6744186046511628
20,L09_post_mlp,9,mlp,0.6508067636500167,0.6472601000369368,0.00354666361307987,-0.017448761583713654,-0.016241169375577066,-0.0012075922081365908,0.11135370186238219,0.016981280335256383,0.10596910128718603,0.016160136445726846,0.019573302923719147,0.002984900712554161,0.027537733470697084,0.004199464984481621,0.027106033781793413,0.004133631399110781,0.008705187129479862,0.0013275285917234698,43,0.6511627906976745
21,L10_post_attn,10,attn,0.5925097032177274,0.5670251221178273,0.025484581099900226,-0.05829706043228915,-0.08023497791910951,0.021937917486820356,0.12502511680408127,0.0190661515682893,0.12352193884479874,0.018836919078543235,0.026400014002200628,0.004025964392096341,0.020650953139375306,0.0031492408297603483,0.022857354656724026,0.003485713906735718,0.015386522128709218,0.002346422627019141,43,0.8372093023255814
22,L10_post_mlp,10,mlp,0.5972595209707418,0.5813688877547428,0.01589063321599892,0.004749817753014263,0.014343765636915567,-0.009593947883901303,0.13256648692504838,0.02021619973008581,0.12752531561367916,0.01944742831230026,0.02641470426267955,0.004028204635817189,0.015583466029954507,0.002376456290394773,0.013094658833457168,0.001996916751095431,0.008397243534107167,0.0012805676336860516,43,0.7209302325581395
23,L11_post_attn,11,attn,0.4681572609161474,0.37230214236536846,0.09585511855077893,-0.12910226005459433,-0.20906674538937434,0.07996448533478,0.15441686950229,0.02354835183433561,0.15367979882312596,0.02343594960952901,0.0669128346412807,0.010204111619697292,0.046604859548610524,0.007107174451714944,0.055071253507892486,0.008398287426378045,0.05390913556784697,0.00822106610196323,43,0.9302325581395349
24,L11_post_mlp,11,mlp,0.5097810566313117,0.46064345157988196,0.04913760505142983,0.04162379571516434,0.08834130921451343,-0.04671751349934909,0.1447222946157822,0.022069943024160796,0.12660552817226378,0.01930716204247453,0.06014926992557649,0.009172677670200349,0.035230260873944236,0.005372564415721196,0.03279925528211053,0.0050018395384959875,0.03358576728931799,0.005121781495144553,43,0.8372093023255814
