checkpoint_index,checkpoint_name,layer,sublayer,sim_rel,sim_nonrel,delta_sim_real,delta_sim_real_se_queries,delta_step_real,sim_attack,sim_control,delta_sim_attack,delta_sim_attack_se_attacks,delta_step_attack,both_positive,ratio_attack_to_real_secondary
0,embedding,-1,embedding,0.5011845245324517,0.44250370879484996,0.058680815737601796,0.007422191565958574,,0.4454313160713107,0.45001022468850993,-0.004578908617199261,0.0005708414725555237,,False,-0.07803075945082959
1,L00_post_attn,0,attn,0.8231170526160382,0.8052530274308289,0.01786402518520923,0.002729525818793675,-0.04081679055239256,0.8019208980806851,0.8020798621046042,-0.00015896402391919084,0.000670373619632308,0.00441994459328007,False,-0.008898555743797727
2,L00_post_mlp,0,mlp,0.8538047131372573,0.8383241336269799,0.01548057951027747,0.002162883947358288,-0.0023834456749317586,0.8368814174486527,0.8373203774743507,-0.0004389600256980285,0.0002399817318155833,-0.00027999600177883773,False,-0.02835552928794464
3,L01_post_attn,1,attn,0.8444947205064377,0.831499680141809,0.012995040364628799,0.0020434482063216622,-0.0024855391456486717,0.8295173246866293,0.8291304836000108,0.0003868410866184926,0.00028750248027690145,0.0008258011123165211,True,0.02976836360365878
4,L01_post_mlp,1,mlp,0.8447957058266063,0.8304485322641247,0.014347173562481634,0.0020241754441809234,0.0013521331978528345,0.8293487967161857,0.8290046270469292,0.00034416966925639284,0.00020991475650632566,-4.267141736209972e-05,True,0.02398867398916876
5,L02_post_attn,2,attn,0.8285458810481889,0.8153062417566398,0.013239639291549136,0.0019575062365046413,-0.0011075342709324979,0.812266152824194,0.8111021497210594,0.0011640031031346317,0.0003561233199077605,0.0008198334338782388,True,0.08791803745571944
6,L02_post_mlp,2,mlp,0.8324630826429659,0.818289333418278,0.014173749224687705,0.0019467127886206735,0.0009341099331385698,0.8159960295978811,0.8151425213910404,0.0008535082068406583,0.00030354796411754636,-0.0003104948962939735,True,0.060217532659179944
7,L03_post_attn,3,attn,0.8003943687100026,0.7872379460734988,0.013156422636503788,0.002133001563669172,-0.001017326588183917,0.784679550082806,0.7824799905473434,0.0021995595354625257,0.00039313309823089547,0.0013460513286218676,True,0.1671852293160324
8,L03_post_mlp,3,mlp,0.8050301096917108,0.7918513788054632,0.013178730886247676,0.0021112099818654836,2.2308249743887667e-05,0.7897678216572503,0.7878409326746092,0.0019268889826412263,0.0003364856411109061,-0.00027267055282129946,True,0.14621202900895272
9,L04_post_attn,4,attn,0.7763038031483739,0.7612273489097349,0.015076454238639153,0.0023416595928214975,0.0018977233523914776,0.7571592432367762,0.7549051819331246,0.0022540613036514793,0.0004618529008005768,0.0003271723210102528,True,0.14950871524383957
10,L04_post_mlp,4,mlp,0.7903684886025415,0.7748540143763223,0.015514474226219148,0.0023283858453707665,0.0004380199875799946,0.7717316084813793,0.7693523006491465,0.002379307832232907,0.00040387729774383227,0.00012524652858142773,True,0.1533605198306962
11,L05_post_attn,5,attn,0.764660169336097,0.7459135296886477,0.018746639647449437,0.0029185095109234556,0.0032321654212302897,0.7443073128820697,0.7398900253946759,0.004417287487393903,0.0005391868696718815,0.0020379796551609954,True,0.235630895481308
12,L05_post_mlp,5,mlp,0.7762728097073459,0.7593172167321969,0.01695559297514906,0.0026768956194203487,-0.0017910466723003759,0.7584221359739187,0.7543449377782243,0.00407719819569443,0.0004649714361094372,-0.00034008929169947216,True,0.24046332096259737
13,L06_post_attn,6,attn,0.7295762142629537,0.7107944324563278,0.018781781806625916,0.0034780080209443924,0.0018261888314768549,0.710242857826563,0.7044291715996838,0.00581368622687926,0.0006171483214315572,0.0017364880311848312,True,0.3095385883371451
14,L06_post_mlp,6,mlp,0.7477338771705706,0.7305048408324212,0.017229036338149428,0.003082578312877211,-0.0015527454684764888,0.7285960343728046,0.723777422419874,0.004818611952930621,0.0005344092189160049,-0.0009950742739486406,True,0.2796797138480113
15,L07_post_attn,7,attn,0.7120939806894497,0.6886304687485517,0.023463511940898026,0.0034687690420154515,0.006234475602748601,0.6814900616535111,0.6761304479435235,0.005359613709987584,0.0005603415834606938,0.0005410017570569633,True,0.22842333762685887
16,L07_post_mlp,7,mlp,0.7341675287627332,0.7202954610163984,0.013872067746334786,0.0026470753231363393,-0.009591444194563243,0.7123853905178096,0.70894446116128,0.003440929356529479,0.0003793592712252883,-0.0019186843534581047,True,0.24804732931315343
17,L08_post_attn,8,attn,0.7020052697564078,0.6920007881068241,0.010004481649583605,0.0031729644158553384,-0.003867586096751181,0.6789812324438588,0.6746921254716948,0.004289106972163901,0.0004170946065945923,0.0008481776156344216,True,0.42871856058053914
18,L08_post_mlp,8,mlp,0.6927822968661261,0.6940885502605375,-0.0013062533944114235,0.0028242993408436933,-0.011310735043995029,0.6872640978973419,0.6848877310468894,0.002376366850452538,0.0002058851342442755,-0.001912740121711363,False,-1.8192234834522976
19,L09_post_attn,9,attn,0.6682555252337302,0.6635012694125139,0.004754255821216461,0.003061767838197049,0.006060509215627885,0.6521712613571314,0.6496376499772974,0.002533611379833799,0.00023804217512528628,0.00015724452938126125,True,0.5329143981960839
20,L09_post_mlp,9,mlp,0.6508067636500167,0.6472601000369368,0.00354666361307987,0.002984900712554161,-0.0012075922081365908,0.6412396685019597,0.6393631039939194,0.0018765645080403243,0.00017113131219147513,-0.0006570468717934748,True,0.5291069897691096
21,L10_post_attn,10,attn,0.5925097032177274,0.5670251221178273,0.025484581099900226,0.004025964392096341,0.021937917486820356,0.5452132597757381,0.5433412469855136,0.001872012790224491,0.0003099073274118493,-4.551717815833333e-06,True,0.07345668280307029
22,L10_post_mlp,10,mlp,0.5972595209707418,0.5813688877547428,0.01589063321599892,0.004028204635817189,-0.009593947883901303,0.5659915321058306,0.5651089961757979,0.0008825359300327073,0.00022277319834120335,-0.0009894768601917837,True,0.05553812224072715
23,L11_post_attn,11,attn,0.4681572609161474,0.37230214236536846,0.09585511855077893,0.010204111619697292,0.07996448533478,0.29736641709818706,0.305511557242541,-0.008145140144353863,0.0012752592433986456,-0.00902767607438657,False,-0.08497345021840437
24,L11_post_mlp,11,mlp,0.5097810566313117,0.46064345157988196,0.04913760505142983,0.009172677670200349,-0.04671751349934909,0.4018034664581382,0.4093596896918407,-0.007556223233702486,0.001176443951445601,0.0005889169106513772,False,-0.15377679123338983
