attack_name,attack_token,attack_position,repetitions,n_successful,mean_control_abnormal_count,mean_attack_abnormal_count,mean_paired_change,mean_delta_score,relevance_group
bar_end_1,bar,end,1,260,2.873076923076923,2.8076923076923075,-0.06538461538461539,0.07697450467027146,relevant
bar_end_2,bar,end,2,392,3.0739795918367347,2.982142857142857,-0.09183673469387756,0.1133931393982196,relevant
bar_end_3,bar,end,3,427,3.2060889929742387,3.081967213114754,-0.12412177985948478,0.12680586739781308,relevant
bar_end_4,bar,end,4,500,2.99,2.898,-0.092,0.1251483815312385,relevant
bar_end_5,bar,end,5,581,2.827882960413081,2.793459552495697,-0.03442340791738382,0.12287550328520608,relevant
bar_random_1,bar,random,1,463,2.075593952483801,2.099352051835853,0.023758099352051837,0.08306048369562131,relevant
bar_random_2,bar,random,2,400,2.06,1.99,-0.07,0.16329986328259108,relevant
bar_random_3,bar,random,3,355,1.943661971830986,1.8366197183098592,-0.10704225352112676,0.18303544105778274,relevant
bar_random_4,bar,random,4,341,2.2873900293255134,2.2375366568914954,-0.04985337243401759,0.21077712946448504,relevant
bar_random_5,bar,random,5,342,2.280701754385965,2.257309941520468,-0.023391812865497075,0.2520797128369759,relevant
bar_start_1,bar,start,1,238,2.9453781512605044,2.865546218487395,-0.07983193277310924,0.17003667554935484,relevant
bar_start_2,bar,start,2,309,3.3915857605177995,3.3300970873786406,-0.061488673139158574,0.1796132467843857,relevant
bar_start_3,bar,start,3,403,3.1588089330024816,3.076923076923077,-0.08188585607940446,0.23275904856603727,relevant
bar_start_4,bar,start,4,484,3.0991735537190084,2.940082644628099,-0.1590909090909091,0.26464160377436796,relevant
bar_start_5,bar,start,5,559,2.9177101967799643,2.7567084078711988,-0.16100178890876565,0.2850218838304014,relevant
false_end_1,false,end,1,293,2.2389078498293515,2.2081911262798637,-0.030716723549488054,0.06252928215489041,relevant
false_end_2,false,end,2,415,2.0120481927710845,1.9831325301204819,-0.02891566265060241,0.06679881513118739,relevant
false_end_3,false,end,3,432,1.9212962962962963,1.9143518518518519,-0.006944444444444444,0.07343185558501213,relevant
false_end_4,false,end,4,430,2.074418604651163,2.058139534883721,-0.01627906976744186,0.08685276430793275,relevant
false_end_5,false,end,5,412,2.296116504854369,2.3179611650485437,0.021844660194174758,0.10379715478138145,relevant
false_random_1,false,random,1,610,1.9737704918032788,1.9491803278688524,-0.02459016393442623,0.09048151483789814,relevant
false_random_2,false,random,2,430,2.0441860465116277,2.016279069767442,-0.027906976744186046,0.1388852011325747,relevant
false_random_3,false,random,3,341,2.410557184750733,2.3489736070381233,-0.06158357771260997,0.17807770242963714,relevant
false_random_4,false,random,4,311,2.3440514469453375,2.2765273311897105,-0.06752411575562701,0.20174586336904013,relevant
false_random_5,false,random,5,284,2.2640845070422535,2.3204225352112675,0.056338028169014086,0.252441272664238,relevant
false_start_1,false,start,1,372,1.9838709677419355,1.9704301075268817,-0.013440860215053764,0.22639608196914193,relevant
false_start_2,false,start,2,359,2.2618384401114207,2.247910863509749,-0.013927576601671309,0.23614202358326702,relevant
false_start_3,false,start,3,393,2.5801526717557253,2.5368956743002546,-0.043256997455470736,0.29381191954206265,relevant
false_start_4,false,start,4,490,2.877551020408163,2.826530612244898,-0.05102040816326531,0.3272200020904444,relevant
false_start_5,false,start,5,561,2.9019607843137254,2.800356506238859,-0.10160427807486631,0.38177206419713783,relevant
important_end_1,important,end,1,600,2.1633333333333336,2.135,-0.028333333333333332,0.0573597540830572,relevant
important_end_2,important,end,2,620,2.1790322580645163,2.167741935483871,-0.01129032258064516,0.0745614660363043,relevant
important_end_3,important,end,3,571,2.245183887915937,2.2171628721541157,-0.028021015761821366,0.0829490444862696,relevant
important_end_4,important,end,4,585,2.3675213675213675,2.3162393162393164,-0.05128205128205128,0.0895671674328991,relevant
important_end_5,important,end,5,581,2.4716006884681585,2.4199655765920824,-0.05163511187607573,0.10157104654689661,relevant
important_random_1,important,random,1,594,2.324915824915825,2.2996632996632997,-0.025252525252525252,0.08150435964065765,relevant
important_random_2,important,random,2,531,2.239171374764595,2.1807909604519775,-0.0583804143126177,0.15993605531653887,relevant
important_random_3,important,random,3,523,2.390057361376673,2.30019120458891,-0.08986615678776291,0.22723926860219432,relevant
important_random_4,important,random,4,465,2.565591397849462,2.4838709677419355,-0.08172043010752689,0.27114680321306306,relevant
important_random_5,important,random,5,451,2.4523281596452327,2.4190687361419068,-0.03325942350332594,0.2908203688733064,relevant
important_start_1,important,start,1,178,3.235955056179775,3.146067415730337,-0.0898876404494382,0.11482424816388759,relevant
important_start_2,important,start,2,218,2.6513761467889907,2.628440366972477,-0.022935779816513763,0.11009587395355237,relevant
important_start_3,important,start,3,245,2.5795918367346937,2.4938775510204083,-0.08571428571428572,0.16233743885341953,relevant
important_start_4,important,start,4,376,2.651595744680851,2.507978723404255,-0.14361702127659576,0.2168303826387892,relevant
important_start_5,important,start,5,469,2.6609808102345416,2.486140724946695,-0.17484008528784648,0.27738952727269517,relevant
information_end_1,information,end,1,740,2.366216216216216,2.3013513513513515,-0.06486486486486487,0.10076122920758818,relevant
information_end_2,information,end,2,626,2.7859424920127798,2.779552715654952,-0.006389776357827476,0.11918537482952533,relevant
information_end_3,information,end,3,687,2.86608442503639,2.8136826783114994,-0.05240174672489083,0.16202375162636865,relevant
information_end_4,information,end,4,993,2.4269889224572005,2.379657603222558,-0.0473313192346425,0.23085549455004753,relevant
information_end_5,information,end,5,1272,2.2248427672955975,2.1580188679245285,-0.06682389937106918,0.2952847848089892,relevant
information_random_1,information,random,1,508,2.218503937007874,2.106299212598425,-0.11220472440944881,0.21117774464600667,relevant
information_random_2,information,random,2,512,2.265625,2.142578125,-0.123046875,0.3229929412773344,relevant
information_random_3,information,random,3,502,2.245019920318725,2.101593625498008,-0.14342629482071714,0.42313696495980857,relevant
information_random_4,information,random,4,519,2.3699421965317917,2.0423892100192678,-0.32755298651252407,0.5032075874378227,relevant
information_random_5,information,random,5,472,2.3453389830508473,2.0296610169491527,-0.3156779661016949,0.6247816878702428,relevant
information_start_1,information,start,1,193,2.4870466321243523,2.466321243523316,-0.02072538860103627,0.10320503152713871,relevant
information_start_2,information,start,2,495,2.2484848484848485,2.1313131313131315,-0.11717171717171718,0.21245614356464806,relevant
information_start_3,information,start,3,934,2.1680942184154177,1.8961456102783727,-0.27194860813704497,0.4121510668695611,relevant
information_start_4,information,start,4,1178,2.197792869269949,1.83955857385399,-0.35823429541595925,0.5467526305179113,relevant
information_start_5,information,start,5,1295,2.2532818532818535,1.8154440154440155,-0.43783783783783786,0.6497498834426568,relevant
relevance_end_1,relevance,end,1,808,2.0235148514851486,1.9925742574257426,-0.03094059405940594,0.08748756264253414,relevant
relevance_end_2,relevance,end,2,598,2.217391304347826,2.225752508361204,0.008361204013377926,0.10946585869036585,relevant
relevance_end_3,relevance,end,3,567,2.2204585537918873,2.238095238095238,0.01763668430335097,0.11607911156546287,relevant
relevance_end_4,relevance,end,4,556,2.1870503597122304,2.2338129496402876,0.046762589928057555,0.12631813199560843,relevant
relevance_end_5,relevance,end,5,570,2.2333333333333334,2.289473684210526,0.056140350877192984,0.13647696201999976,relevant
relevance_random_1,relevance,random,1,606,1.99009900990099,1.9323432343234324,-0.057755775577557754,0.11308680655490048,relevant
relevance_random_2,relevance,random,2,607,1.985172981878089,1.9654036243822075,-0.019769357495881382,0.16256576928707475,relevant
relevance_random_3,relevance,random,3,526,2.0608365019011408,2.0228136882129277,-0.03802281368821293,0.19086246375178653,relevant
relevance_random_4,relevance,random,4,489,2.245398773006135,2.149284253578732,-0.09611451942740286,0.21975693969029345,relevant
relevance_random_5,relevance,random,5,468,2.299145299145299,2.200854700854701,-0.09829059829059829,0.2543957527153767,relevant
relevance_start_1,relevance,start,1,237,2.320675105485232,2.2278481012658227,-0.09282700421940929,0.13472776768831257,relevant
relevance_start_2,relevance,start,2,353,2.4305949008498584,2.356940509915014,-0.07365439093484419,0.16352311705394773,relevant
relevance_start_3,relevance,start,3,418,2.488038277511962,2.3947368421052633,-0.09330143540669857,0.22931690157600565,relevant
relevance_start_4,relevance,start,4,463,2.812095032397408,2.6220302375809936,-0.1900647948164147,0.292100119973748,relevant
relevance_start_5,relevance,start,5,502,2.9382470119521913,2.7191235059760954,-0.21912350597609562,0.32562871121493464,relevant
relevant_end_1,relevant,end,1,488,2.1045081967213113,2.098360655737705,-0.006147540983606557,0.06473567656653578,relevant
relevant_end_2,relevant,end,2,622,2.509646302250804,2.4887459807073955,-0.02090032154340836,0.08615822183309639,relevant
relevant_end_3,relevant,end,3,916,2.306768558951965,2.215065502183406,-0.09170305676855896,0.13833915329981575,relevant
relevant_end_4,relevant,end,4,1036,2.2548262548262548,2.117760617760618,-0.13706563706563707,0.20925002998913345,relevant
relevant_end_5,relevant,end,5,1108,2.23014440433213,2.083032490974729,-0.14711191335740073,0.2659519050431703,relevant
relevant_random_1,relevant,random,1,542,2.0129151291512914,1.915129151291513,-0.09778597785977859,0.17016671256014448,relevant
relevant_random_2,relevant,random,2,602,2.0996677740863787,1.9817275747508305,-0.11794019933554817,0.2683965353251889,relevant
relevant_random_3,relevant,random,3,549,2.326047358834244,2.105646630236794,-0.2204007285974499,0.36935362758586526,relevant
relevant_random_4,relevant,random,4,523,2.2332695984703634,2.005736137667304,-0.22753346080305928,0.43967184883116767,relevant
relevant_random_5,relevant,random,5,530,2.290566037735849,2.0735849056603772,-0.2169811320754717,0.46678833563653926,relevant
relevant_start_1,relevant,start,1,242,2.6983471074380163,2.5578512396694215,-0.14049586776859505,0.12389637905457784,relevant
relevant_start_2,relevant,start,2,652,2.378834355828221,2.145705521472393,-0.2331288343558282,0.2800949903696409,relevant
relevant_start_3,relevant,start,3,997,2.4603811434302907,2.1133400200601806,-0.34704112337011034,0.5202539843939611,relevant
relevant_start_4,relevant,start,4,1126,2.4129662522202486,2.0097690941385435,-0.40319715808170514,0.6517734056335359,relevant
relevant_start_5,relevant,start,5,1171,2.4748078565328777,2.046114432109308,-0.4286934244235696,0.7397696748630396,relevant
true_end_1,true,end,1,253,1.790513833992095,1.7628458498023716,-0.02766798418972332,0.0493277999841177,relevant
true_end_2,true,end,2,299,1.6722408026755853,1.6421404682274248,-0.030100334448160536,0.054479080897111114,relevant
true_end_3,true,end,3,333,1.7117117117117118,1.6696696696696696,-0.042042042042042045,0.05772496750941859,relevant
true_end_4,true,end,4,340,1.8764705882352941,1.8147058823529412,-0.061764705882352944,0.06388198227128557,relevant
true_end_5,true,end,5,328,2.2134146341463414,2.1463414634146343,-0.06707317073170732,0.07109956870355252,relevant
true_random_1,true,random,1,686,1.8032069970845481,1.7886297376093294,-0.014577259475218658,0.08559354293667884,relevant
true_random_2,true,random,2,541,1.8502772643253236,1.8317929759704252,-0.018484288354898338,0.1292054589128538,relevant
true_random_3,true,random,3,409,1.7946210268948655,1.7359413202933984,-0.05867970660146699,0.15751584406149705,relevant
true_random_4,true,random,4,332,2.141566265060241,2.102409638554217,-0.0391566265060241,0.19054369253656228,relevant
true_random_5,true,random,5,291,2.1168384879725086,2.075601374570447,-0.041237113402061855,0.1924653864910512,relevant
true_start_1,true,start,1,371,1.7708894878706198,1.743935309973046,-0.026954177897574125,0.1763152804657455,relevant
true_start_2,true,start,2,390,1.9615384615384615,1.9230769230769231,-0.038461538461538464,0.1894619931395237,relevant
true_start_3,true,start,3,428,2.324766355140187,2.2453271028037385,-0.0794392523364486,0.22669637227587608,relevant
true_start_4,true,start,4,476,2.649159663865546,2.573529411764706,-0.07563025210084033,0.26948123406462304,relevant
true_start_5,true,start,5,537,2.7039106145251397,2.6052141527001864,-0.09869646182495345,0.29390461536842344,relevant
bar_end_1,bar,end,1,580,3.85,3.7,-0.15,0.07747399709348016,nonrelevant
bar_end_2,bar,end,2,692,3.7572254335260116,3.550578034682081,-0.20664739884393063,0.0947794572859356,nonrelevant
bar_end_3,bar,end,3,665,4.018045112781955,3.8285714285714287,-0.18947368421052632,0.09803213077996455,nonrelevant
bar_end_4,bar,end,4,698,3.997134670487106,3.842406876790831,-0.15472779369627507,0.10008978326791589,nonrelevant
bar_end_5,bar,end,5,780,3.953846153846154,3.8371794871794873,-0.11666666666666667,0.10370696657456645,nonrelevant
bar_random_1,bar,random,1,563,3.1705150976909415,3.0586145648312613,-0.11190053285968028,0.11421568433673085,nonrelevant
bar_random_2,bar,random,2,502,2.9760956175298805,2.910358565737052,-0.06573705179282868,0.19029374739741423,nonrelevant
bar_random_3,bar,random,3,458,3.1615720524017465,3.1004366812227073,-0.0611353711790393,0.24686117532081475,nonrelevant
bar_random_4,bar,random,4,455,3.279120879120879,3.2967032967032965,0.017582417582417582,0.28779140213852394,nonrelevant
bar_random_5,bar,random,5,477,3.39832285115304,3.3773584905660377,-0.020964360587002098,0.32987822289236934,nonrelevant
bar_start_1,bar,start,1,462,3.4675324675324677,3.326839826839827,-0.1406926406926407,0.15134679084216357,nonrelevant
bar_start_2,bar,start,2,468,3.6923076923076925,3.4209401709401708,-0.27136752136752135,0.1900601688549559,nonrelevant
bar_start_3,bar,start,3,581,3.586919104991394,3.3631669535283994,-0.22375215146299485,0.23498480293816415,nonrelevant
bar_start_4,bar,start,4,654,3.7400611620795106,3.522935779816514,-0.21712538226299694,0.2687947581143372,nonrelevant
bar_start_5,bar,start,5,756,3.6746031746031744,3.482804232804233,-0.1917989417989418,0.2915189324843662,nonrelevant
false_end_1,false,end,1,615,4.003252032520325,3.850406504065041,-0.15284552845528454,0.076081688362893,nonrelevant
false_end_2,false,end,2,596,3.8993288590604025,3.7818791946308723,-0.1174496644295302,0.09155415812344754,nonrelevant
false_end_3,false,end,3,535,3.891588785046729,3.7925233644859815,-0.09906542056074766,0.10521896602324789,nonrelevant
false_end_4,false,end,4,564,3.8191489361702127,3.721631205673759,-0.0975177304964539,0.12694455460308393,nonrelevant
false_end_5,false,end,5,640,3.9046875,3.8125,-0.0921875,0.1413916370365768,nonrelevant
false_random_1,false,random,1,794,3.034005037783375,2.9811083123425695,-0.05289672544080604,0.11565385918398044,nonrelevant
false_random_2,false,random,2,690,3.117391304347826,3.0898550724637683,-0.02753623188405797,0.19173704887861787,nonrelevant
false_random_3,false,random,3,557,3.3752244165170557,3.350089766606822,-0.025134649910233394,0.230825820051575,nonrelevant
false_random_4,false,random,4,504,3.380952380952381,3.4325396825396823,0.051587301587301584,0.2761564719387226,nonrelevant
false_random_5,false,random,5,482,3.2780082987551866,3.3112033195020745,0.03319502074688797,0.2877915829837445,nonrelevant
false_start_1,false,start,1,660,3.422727272727273,3.193939393939394,-0.2287878787878788,0.2143634006832585,nonrelevant
false_start_2,false,start,2,647,3.64451313755796,3.4064914992272026,-0.23802163833075735,0.20128512557544143,nonrelevant
false_start_3,false,start,3,769,3.6163849154746424,3.3029908972691806,-0.31339401820546164,0.21685372577842094,nonrelevant
false_start_4,false,start,4,928,3.6400862068965516,3.2489224137931036,-0.3911637931034483,0.2694917018284443,nonrelevant
false_start_5,false,start,5,1044,3.6235632183908044,3.1772030651340994,-0.446360153256705,0.3404388548717103,nonrelevant
important_end_1,important,end,1,915,3.7759562841530054,3.7191256830601094,-0.05683060109289618,0.0595516377540885,nonrelevant
important_end_2,important,end,2,833,3.7827130852340938,3.7118847539015607,-0.07082833133253301,0.08654345580939052,nonrelevant
important_end_3,important,end,3,728,4.0576923076923075,3.9464285714285716,-0.11126373626373626,0.10297224374876895,nonrelevant
important_end_4,important,end,4,734,4.0858310626703,3.9455040871934606,-0.14032697547683923,0.12280402274685591,nonrelevant
important_end_5,important,end,5,792,4.075757575757576,3.9318181818181817,-0.14393939393939395,0.13167398041960865,nonrelevant
important_random_1,important,random,1,726,3.203856749311295,3.1556473829201104,-0.048209366391184574,0.11920775914405655,nonrelevant
important_random_2,important,random,2,644,3.201863354037267,3.125776397515528,-0.07608695652173914,0.19561870954930777,nonrelevant
important_random_3,important,random,3,606,3.4818481848184817,3.448844884488449,-0.033003300330033,0.3098769429640801,nonrelevant
important_random_4,important,random,4,608,3.575657894736842,3.6217105263157894,0.046052631578947366,0.36952425669388544,nonrelevant
important_random_5,important,random,5,601,3.291181364392679,3.2562396006655576,-0.03494176372712146,0.42111491447875576,nonrelevant
important_start_1,important,start,1,443,3.744920993227991,3.6072234762979685,-0.13769751693002258,0.16128973380303002,nonrelevant
important_start_2,important,start,2,403,3.5930521091811416,3.436724565756824,-0.15632754342431762,0.24124059687477184,nonrelevant
important_start_3,important,start,3,453,3.706401766004415,3.401766004415011,-0.304635761589404,0.33559686563925495,nonrelevant
important_start_4,important,start,4,663,3.717948717948718,3.3137254901960786,-0.4042232277526395,0.36463301017498356,nonrelevant
important_start_5,important,start,5,825,3.7612121212121212,3.3103030303030305,-0.4509090909090909,0.392583213516257,nonrelevant
information_end_1,information,end,1,1222,3.376432078559738,3.2594108019639934,-0.11702127659574468,0.13270949845472058,nonrelevant
information_end_2,information,end,2,1095,3.828310502283105,3.6136986301369864,-0.2146118721461187,0.13941094403125376,nonrelevant
information_end_3,information,end,3,1271,3.7804878048780486,3.4838709677419355,-0.2966168371361133,0.1818620834901143,nonrelevant
information_end_4,information,end,4,1549,3.561007101355713,3.2046481601032926,-0.3563589412524209,0.2674291278467092,nonrelevant
information_end_5,information,end,5,1791,3.398101619207147,3.030150753768844,-0.36795086543830263,0.3476733138721326,nonrelevant
information_random_1,information,random,1,723,3.3250345781466115,3.1134163208852006,-0.21161825726141079,0.2410861780637692,nonrelevant
information_random_2,information,random,2,741,3.097165991902834,2.8286099865047234,-0.26855600539811064,0.3992001150260892,nonrelevant
information_random_3,information,random,3,723,3.1798063623789763,2.8243430152143847,-0.355463347164592,0.4610089847655712,nonrelevant
information_random_4,information,random,4,757,3.1889035667107,2.7542932628797887,-0.4346103038309115,0.6834269163925865,nonrelevant
information_random_5,information,random,5,761,3.3390275952693824,2.7647831800262814,-0.5742444152431012,0.7206858683588,nonrelevant
information_start_1,information,start,1,494,3.967611336032389,3.659919028340081,-0.3076923076923077,0.12077541211959317,nonrelevant
information_start_2,information,start,2,755,3.6781456953642384,3.271523178807947,-0.4066225165562914,0.2804307083519089,nonrelevant
information_start_3,information,start,3,1282,3.5538221528861156,3.000780031201248,-0.5530421216848674,0.5667032555745284,nonrelevant
information_start_4,information,start,4,1548,3.496124031007752,2.8191214470284236,-0.6770025839793282,0.7584451361239265,nonrelevant
information_start_5,information,start,5,1734,3.5092272202998847,2.739331026528258,-0.7698961937716263,0.8888325743342834,nonrelevant
relevance_end_1,relevance,end,1,1015,3.4926108374384235,3.4394088669950738,-0.053201970443349754,0.09075985184728434,nonrelevant
relevance_end_2,relevance,end,2,729,3.914951989026063,3.897119341563786,-0.01783264746227709,0.13881797172302895,nonrelevant
relevance_end_3,relevance,end,3,621,4.082125603864735,4.059581320450886,-0.02254428341384863,0.18412683766197271,nonrelevant
relevance_end_4,relevance,end,4,620,4.056451612903226,4.05,-0.0064516129032258064,0.20632343749786095,nonrelevant
relevance_end_5,relevance,end,5,663,3.980392156862745,3.986425339366516,0.006033182503770739,0.21688816162615696,nonrelevant
relevance_random_1,relevance,random,1,559,3.407871198568873,3.368515205724508,-0.03935599284436494,0.1533236845541405,nonrelevant
relevance_random_2,relevance,random,2,564,3.3652482269503547,3.2925531914893615,-0.0726950354609929,0.2471715833542617,nonrelevant
relevance_random_3,relevance,random,3,572,3.424825174825175,3.4597902097902096,0.03496503496503497,0.3150616666640747,nonrelevant
relevance_random_4,relevance,random,4,556,3.4892086330935252,3.5611510791366907,0.07194244604316546,0.3841293869848303,nonrelevant
relevance_random_5,relevance,random,5,577,3.5441941074523395,3.566724436741768,0.022530329289428077,0.41215850601369836,nonrelevant
relevance_start_1,relevance,start,1,372,4.07258064516129,3.8440860215053765,-0.22849462365591397,0.16353521584182654,nonrelevant
relevance_start_2,relevance,start,2,522,3.9827586206896552,3.743295019157088,-0.23946360153256704,0.2688581972629174,nonrelevant
relevance_start_3,relevance,start,3,671,3.9403874813710877,3.572280178837556,-0.368107302533532,0.37041056367128683,nonrelevant
relevance_start_4,relevance,start,4,831,4.038507821901324,3.5836341756919374,-0.4548736462093863,0.42079569749023077,nonrelevant
relevance_start_5,relevance,start,5,957,4.090909090909091,3.6029258098223615,-0.48798328108672934,0.44933793183061893,nonrelevant
relevant_end_1,relevant,end,1,673,4.148588410104012,3.9524517087667164,-0.1961367013372957,0.06705394261039202,nonrelevant
relevant_end_2,relevant,end,2,680,4.397058823529412,4.0397058823529415,-0.3573529411764706,0.11811516269603192,nonrelevant
relevant_end_3,relevant,end,3,939,3.91160809371672,3.529286474973376,-0.38232161874334397,0.20121835270565283,nonrelevant
relevant_end_4,relevant,end,4,1164,3.672680412371134,3.3032646048109964,-0.3694158075601375,0.2873985241791329,nonrelevant
relevant_end_5,relevant,end,5,1241,3.5834004834810638,3.2046736502820306,-0.37872683319903305,0.3590702562743766,nonrelevant
relevant_random_1,relevant,random,1,575,3.236521739130435,3.0904347826086958,-0.14608695652173914,0.26411030589238454,nonrelevant
relevant_random_2,relevant,random,2,640,3.309375,3.06875,-0.240625,0.45218001102330163,nonrelevant
relevant_random_3,relevant,random,3,690,3.246376811594203,3.0115942028985505,-0.23478260869565218,0.5614547703577124,nonrelevant
relevant_random_4,relevant,random,4,667,3.23688155922039,2.977511244377811,-0.2593703148425787,0.7131554600147383,nonrelevant
relevant_random_5,relevant,random,5,694,3.351585014409222,3.1599423631123917,-0.19164265129682997,0.8379166534100726,nonrelevant
relevant_start_1,relevant,start,1,529,4.153119092627599,3.9168241965973536,-0.23629489603024575,0.13090338255146725,nonrelevant
relevant_start_2,relevant,start,2,807,3.7608426270136306,3.3110285006195785,-0.44981412639405205,0.40710728189906814,nonrelevant
relevant_start_3,relevant,start,3,1272,3.5833333333333335,3.013364779874214,-0.5699685534591195,0.7741367106894089,nonrelevant
relevant_start_4,relevant,start,4,1481,3.526671168129642,2.910195813639433,-0.6164753544902093,0.9388795413408909,nonrelevant
relevant_start_5,relevant,start,5,1576,3.567258883248731,2.9225888324873095,-0.6446700507614214,1.01623846733763,nonrelevant
true_end_1,true,end,1,351,4.15954415954416,4.031339031339031,-0.1282051282051282,0.053248733685396975,nonrelevant
true_end_2,true,end,2,338,3.3402366863905324,3.2159763313609466,-0.1242603550295858,0.07710269341498785,nonrelevant
true_end_3,true,end,3,286,3.5034965034965033,3.374125874125874,-0.12937062937062938,0.09338685616824798,nonrelevant
true_end_4,true,end,4,332,3.6325301204819276,3.4879518072289155,-0.14457831325301204,0.09940861609304343,nonrelevant
true_end_5,true,end,5,380,3.776315789473684,3.6210526315789475,-0.15526315789473685,0.10600233299559665,nonrelevant
true_random_1,true,random,1,777,2.8275418275418276,2.74002574002574,-0.08751608751608751,0.11143434312352798,nonrelevant
true_random_2,true,random,2,679,2.7628865979381443,2.743740795287187,-0.01914580265095729,0.16985800529422784,nonrelevant
true_random_3,true,random,3,559,3.007155635062612,2.955277280858676,-0.0518783542039356,0.21144427329781654,nonrelevant
true_random_4,true,random,4,498,2.86144578313253,2.791164658634538,-0.07028112449799197,0.23303628811635163,nonrelevant
true_random_5,true,random,5,429,2.8694638694638694,2.7855477855477857,-0.08391608391608392,0.29954760050995916,nonrelevant
true_start_1,true,start,1,477,3.157232704402516,3.0020964360587,-0.15513626834381553,0.17560942546001768,nonrelevant
true_start_2,true,start,2,448,3.2120535714285716,2.9910714285714284,-0.22098214285714285,0.17473202270256086,nonrelevant
true_start_3,true,start,3,539,3.37291280148423,3.0834879406307976,-0.2894248608534323,0.19323288757139762,nonrelevant
true_start_4,true,start,4,706,3.5708215297450425,3.236543909348442,-0.3342776203966006,0.2123433849418129,nonrelevant
true_start_5,true,start,5,816,3.5808823529411766,3.202205882352941,-0.3786764705882353,0.24650749934873742,nonrelevant
