sender_name,L11-X-H3,L11-X-H6,L11-X-H11,L11-X-H0,L9-X-H2,L10-X-H0,L10-X-H3,L8-X-H7,L9-X-H7,L11-X-H1,L8-X-H0,L7-X-H3,L10-X-H6,L7-X-H5,L4-X-H2,L7-X-H6,L11-X-H2,L5-X-H7,L6-X-H9,L0-X-H5,L6-X-H7,L7-X-H2,L4-X-H3,L8-X-H9,L6-X-H6,L6-X-H1,L8-X-H10,L0-X-H11,L10-X-H2,L11-X-H5,L11-X-H7
L10H0,-0.012536552030346395,0.006759369688852176,0.023209317348911834,0.022142108701755453,0.01649399121924023,0.000774700422192925,0.005251671475031558,0.0036571842175963493,-0.001599303731345844,0.008081675437168529,0.001699601100684045,-0.004894040871462259,0.01169462290856683,0.00011836482454838447,0.002100827434218729,-0.0030031355430685048,-0.0014785711331725211,0.002835151139048776,0.0067552694296406455,0.017963736939003952,0.007782431053618155,-0.0018132643561233526,-0.0023238235235345144,-0.0010845248518602437,0.00271107087181612,0.00610742597914298,0.008514944212002948,0.002759345039222587,0.00678915542979356,0.0009007198147545714,0.006398850854265768
L10H2,0.021858292883102863,0.028654902461502756,0.020747698596010195,0.024615643937681456,0.029133514652557077,0.025074798395939225,0.014588624571024502,0.02452277825500089,0.003654087016436547,0.008127345938529904,-0.0021202361949937583,-0.002787295292953301,0.023224565106616926,0.005609684895955757,0.005166311781161784,0.011355625423883926,0.013963369922976133,0.007437168038795512,0.0040377195335643675,-0.002360298557233335,0.019618830911518868,0.00647383233645918,0.0017493272881487815,0.0036869239815268827,0.006293079965655713,-0.0013530286536231678,0.0027811041146124944,0.003298778219015047,0.005550026075072697,0.0032319450790298803,0.015813972063222635
L11H3,0.009171882260275118,0.004225664905072537,0.008466024811692814,0.013452510423388771,-0.0003021505877147032,0.007160042940876814,0.0046229268516968305,0.013814744453245615,-0.002267583038046923,-0.003608882033611939,0.0011727196930608206,0.009146028538798175,0.005785347252581351,-0.006450528907917884,0.0038360519778993536,0.001934148260113485,0.0018629499333485656,0.0005093393422850503,0.0018926322062250026,0.004599005518847718,0.00020145212194540418,-0.0014411270291653172,0.0029858302592106517,-0.00021956609971056438,0.0032673274659925796,-0.003394798759633407,-0.0007829165914380111,0.0033805738417544734,0.00424043031892714,0.003023474651553936,0.0033259309374389914
L11H11,0.0028647015411417598,0.01631565954074359,0.00593198510100405,0.02884372379493633,0.006290182009289285,0.04621978244108681,0.012725514174650596,0.01136821003134978,-0.0019128595505869296,-0.006175096073050103,-0.012394678557261568,-0.0028214005079846413,0.007127639595868415,-0.004178146423977985,0.00034160454805048885,0.002644393189271797,-0.004777808303188562,-0.003015598835151954,0.00017241100332458223,0.0009038281547857598,-0.0045953588949846315,-0.0026638251775526825,-0.0007815655631528504,0.002943180136333861,0.0045550441390057395,-0.007290007173842926,-0.0005155969397493401,-0.0041126502321435785,0.0011877882782764188,-0.006040807529600706,0.011596719506398939
L9H6,0.04162621859908939,0.036503838499418684,0.04610312299721651,0.02788488397259202,0.018278373014400825,-0.06697449247991369,0.011768105558298433,-0.00958419103054632,0.00928959499515264,0.008492662968197324,-0.013357428073892487,-0.011347809889763067,0.013670616087433508,-0.015213729836903734,-0.0007443118152188325,-0.0061250096240422465,0.03696587159668476,0.002594884256592904,0.002867841067678547,0.004861431876993994,0.006280228524803622,0.004268902424651137,0.006923424408101075,0.005957809973939158,0.0025903235655959493,-0.002570123342317861,0.0035354037821588562,0.0007657720986716921,0.005638623310378929,-0.003696865041708394,0.019813791719303062
L11H4,0.011501332819790593,0.022432268215654277,-0.026515556468726227,0.010408181378242454,-0.0008895742606550515,0.06951297147840584,-0.00981860916534176,0.028333765350719128,0.0014048362801594846,0.002708086188165559,0.0008924963399407124,0.008943143798788359,0.010817686325558936,-0.0006428174933104055,0.0005570816685077692,0.004649686433205823,0.005180073757557613,0.00322810090389259,0.003021400445407525,0.007828987986255052,-0.0010712083223710258,0.0070541660666708595,-0.002022071480389579,-0.003404025659197924,0.005341013930757782,0.0029453684837255664,0.008446734348844399,-0.0023323011522512296,0.014923391240568271,0.02486257019490957,0.014105283458625904
L11H2,-0.003105635167048711,0.0018804390838425937,0.01315324787098398,0.003974130530862909,0.004634320054591273,-0.008463294802730987,0.0008140853730431658,-0.0028120231840142143,0.004910471509425368,0.0002607105880574646,0.00132714726109061,-0.0006226295274701878,-0.0007430897012158159,0.0015449496146551463,0.0037923274613910567,-0.002242848098047863,0.031974640177788435,0.003379851191541972,-0.0013168515888956878,0.00664186916655631,0.006321403500106322,-0.0008350996879266624,0.0015206635294977176,0.007492078992163869,0.000180394804095754,-0.002409209221951017,-4.494014296571281e-05,-0.0012081416725883,0.002066415021402373,0.001046966044870593,-0.001765201033739972
L11H0,0.01744778996394033,0.02198783876849141,7.714060704372363e-05,0.009787256665056346,-0.005347793891398243,-0.04646566135329971,-0.0004076450972984106,-0.0008747423178680254,-0.0019400623037323932,-0.0011016034099429013,0.00425692368746843,-0.002252017659345409,0.006774671324451458,0.005167798087238607,-0.0027959971621299385,0.0030587286541717265,0.014897993959909166,-0.0019453003678473256,-0.0008446563100023798,0.01048513323124654,0.0014254225001595104,0.0001928170962463827,0.002721965831414842,0.002497314223515549,-0.0013041237391008577,0.004532166185208937,-0.00347300270697921,0.00010116720818655274,0.007839816543961813,0.0013268225873010765,0.0035888875140778526
L8H11,0.026976874146516065,0.029846056573701627,0.019288452376172487,0.017216498079556,0.024087787482837856,-0.020330233308123558,0.002522693475909328,-0.008879738466262702,0.010722471137282641,0.008748171934185252,-0.0038075674453698586,-0.018296787051421994,-2.4408164456909568e-05,0.007696428884193654,-0.013130112471103695,-0.007467638824636468,0.0014486900806544188,-0.010025458834927864,0.009879558386902118,-0.0029152501909720636,-0.015986814665374636,0.000771390382788492,0.0027249769867827758,-0.002759515952587772,0.0018372967413489245,-0.0016397885154615726,0.0043874097851427036,0.005243771234528247,0.006153676209929426,-0.001176732635755522,0.02089727383411296
L11H5,-0.0172780225343866,-0.0025391374579428493,-0.055911069031003305,-0.008570848266682779,-0.006846656564805725,-0.028631635381813503,0.03368437579437605,-0.0226838364447498,0.029632906559401127,0.0038887537073011265,0.029070143598213766,-0.007427982835652676,-0.009595470436453559,0.046164243232728934,-0.000457816534646804,0.005409963507037039,-0.00906250338418969,0.0002301571114822191,-0.024097577901657084,-0.00882911806816331,-0.03862748802209892,0.0005956310240463625,0.019164433976666104,0.0014900063298679722,-0.0236648622362986,0.015309408312678215,-0.009463935604665873,0.007090623477303772,-0.007434712983623218,0.01052000370224641,-0.053832308178706316
L10H9,0.005941711143049002,0.00018981579362075396,0.0013800875812971973,0.006623224611430983,5.9008286082219656e-05,0.006082824626901701,0.004554356323673397,0.0046528646245473405,0.002664488218678726,0.0019252077858504522,-0.001403303696017199,0.0030290296062373515,0.005156634581849254,0.0012256779887856784,0.0031020135847809657,-0.0001587143196497074,-0.0007880608588056948,0.003210305297475622,0.0021752416430293096,-0.006075919542206793,0.006864261916607535,-0.001426039370088775,-0.001418130694085409,0.0014911089542440118,0.002092306729168555,-0.0013894681460581962,-0.00226755983466167,-0.0005218391763230339,0.002400499485839869,0.003285340003586584,0.008555318763380918
L11H6,0.01891450038897566,0.012101657424916123,0.014392313679910675,-0.012576806782484535,0.04089439073714273,0.001270402297435047,0.003045054156110917,0.015896748985087236,0.020950046434889857,0.02189145323606141,0.02980559698091292,0.055754104278650164,0.01040747933148168,0.026511379008638817,0.018159505358541148,0.014516865470802266,0.006747157823723442,0.007944705021099957,0.003196458735515532,0.00621897855537434,0.009038486566016218,-0.003514765524966432,0.007436174213750583,-0.0058420765077694435,-0.004669256786737865,0.018112997594739656,0.0117471847188542,-0.002108294625644355,0.00991922006432575,0.0033641232882574454,-0.014802679846247745
L0H2,0.003414613227132109,0.0030767820349348524,0.010049326853547256,0.006822997539385614,0.0014275143636812368,0.012010983171776457,-0.002024389152773632,0.00976923137044073,0.002632910268039094,0.0015702746261166893,0.0014658472553044479,-0.000810023549792466,0.002786983690204326,0.002086978054477833,0.0007607729739420757,-0.0007929871106621262,0.005692148830667883,0.0006165049656662352,0.0028027679678891554,-0.0005359227551852568,0.00435867664900763,0.0007311356500576567,-0.001151375543335628,0.0011064618082097404,0.002692461256392965,0.0014018272945177605,0.002200673498360846,-0.0004062003840935503,0.0014870194106117911,0.0019082303025907276,0.0030452741549588697
L9H3,0.009696724107366798,-0.0027006396532861447,0.007443702681903289,0.00017672204962348228,0.0017991958623473625,-0.0031207744357332826,-0.0008563003628894118,-0.005587468241865177,-0.0024003296614331314,-0.0005030198612214114,0.002702118940484398,-0.0019002259241191475,0.0017507304930765941,0.005013450628885081,-0.00040281071198795864,-0.0005159766003138545,0.0026460263462230096,-0.0023291509470776805,-0.005113469112082055,0.006433887777836265,-0.0012943766699466158,-0.00012929847796871904,-0.0019333877713540112,0.0009873470704896495,-0.0016429481467852827,0.002217254824817952,0.0035761273612542237,-0.001264175242337733,0.0009128432010604021,0.007767754053132573,0.0012181057508035033
L10H6,0.03190951459612047,0.045352815523333555,0.045760583950408724,0.04560302772355094,0.016636646990873902,-0.019114865299211196,0.013511455394436643,0.061474880041536145,0.002364849168852469,0.010188646963589848,-0.0044868057229645,0.0012609584393078724,0.03122633834577107,-0.013175070444423611,0.014626743202241393,0.014044767927017131,0.06355770732934653,0.01585884140447246,0.017584241969567246,0.004500878550813828,0.03820388748226205,0.01244925913548684,0.005902728694868835,0.013504727124913254,0.01504710832816734,0.005292306671898255,0.008189152905859873,0.002936201261246969,0.011794463549291716,0.0018297455021781801,0.015760093022406226
L10H8,0.011717931015412112,0.008081953753226718,0.0123537936349259,0.005856029800924301,0.006599054885280931,0.0006572456666609076,0.002176467119743384,0.013307475178214831,0.0035139843878546104,0.003009311587752292,-0.0016478952280089274,0.0025099804116196214,0.004236750573779167,-0.0026793163032451535,0.0020111404687316063,0.002637642486624967,0.015810648452907958,0.0008608962186048801,0.004670392097212486,0.0016462868250482167,1.3382092706855513e-05,0.0025388759447211307,0.0009819475663153865,0.0013716125631931084,0.0008098033422065892,-9.992047551671598e-06,-7.924916403995795e-05,-0.001138231483252506,0.002062547885631317,0.00148818319642004,0.009545198218831564
L10H4,0.026690324465461098,0.015743491948992258,0.004363839553854912,0.007638961126661799,0.01203082663957807,-0.0032384409394020284,0.0033845353404655305,0.008786714877972933,-0.0009513265457546959,0.0005077592234404472,0.0011117760927045208,0.0018424585137263158,0.005808238267181721,0.0002414135510685345,-0.0007701060229656196,-0.002199462158962633,0.008505867506955048,0.0001765474521225666,0.002591374918861123,0.003700514425652231,-0.003029439471658936,0.0022192980299309594,0.005249710846652338,0.001554458871571179,0.0008296159150619199,-0.0003928049306645192,0.0017327112067257067,-0.0008959185725862383,0.008723169847330122,0.002559589869914534,-0.0008052282473652449
L10H7,-2.4433197060079658e-05,0.007297630818106371,0.0041271620149829396,0.001322328766607153,0.013996976625672543,0.0046133851905254975,-0.00029970182076077096,0.0066986957705353805,0.0007737243373202798,0.001507320370068301,-0.002321291731136026,-0.004676225011124009,0.00431778747169837,-0.0028566874806931057,-0.0016657049144716528,-0.002024661960810369,-0.005202665580904629,-0.0010160113064847072,-0.0013324463048634883,0.002245423634721592,3.114956723332275e-05,0.0007889898868420048,-0.0006352316330440328,-0.0006093493203574542,0.0008031428775536534,-8.294872385056608e-05,0.0016865170597512157,-0.0004661307639701799,-6.041022937430871e-05,-0.0013965419388212552,0.007415468148314568
