attack_name,n_instances,n_successful,n_relevant,n_boundary_shift,max_fresh_score_diff,seconds
relevant_start_1,4022,771,1760,0,3.147125244140625e-05,21.044301986694336
relevant_start_2,4022,1459,1760,0,4.00543212890625e-05,18.34353542327881
relevant_start_3,4022,2269,1760,0,2.0623207092285156e-05,17.94547724723816
relevant_start_4,4022,2607,1760,0,2.002716064453125e-05,18.631173133850098
relevant_start_5,4022,2747,1760,0,1.52587890625e-05,19.02741575241089
relevant_end_1,4022,1161,1760,0,2.384185791015625e-05,18.49332356452942
relevant_end_2,4022,1302,1760,0,1.9073486328125e-05,18.453510522842407
relevant_end_3,4022,1855,1760,0,1.71661376953125e-05,18.087932348251343
relevant_end_4,4022,2200,1760,0,3.24249267578125e-05,18.26728320121765
relevant_end_5,4022,2349,1760,0,2.09808349609375e-05,19.08412790298462
relevant_random_1,4022,1117,1760,0,2.1219253540039062e-05,18.44142198562622
relevant_random_2,4022,1242,1760,129,1.52587890625e-05,18.949119567871094
relevant_random_3,4022,1239,1760,179,3.0517578125e-05,18.40126395225525
relevant_random_4,4018,1190,1757,176,1.9073486328125e-05,19.324787855148315
relevant_random_5,4013,1224,1755,174,2.7179718017578125e-05,18.94405460357666
true_start_1,4022,848,1760,0,1.621246337890625e-05,18.02765464782715
true_start_2,4022,838,1760,0,3.147125244140625e-05,18.32823133468628
true_start_3,4022,967,1760,0,2.47955322265625e-05,18.2021267414093
true_start_4,4022,1182,1760,0,4.00543212890625e-05,17.432458877563477
true_start_5,4022,1353,1760,0,2.193450927734375e-05,17.771606922149658
true_end_1,4022,604,1760,0,2.7179718018022214e-05,17.973501920700073
true_end_2,4022,637,1760,0,2.384185791015625e-05,17.563000440597534
true_end_3,4022,619,1760,0,2.09808349609375e-05,18.30690097808838
true_end_4,4022,672,1760,0,2.47955322265625e-05,18.41870951652527
true_end_5,4022,708,1760,0,2.5808811187855163e-05,18.445971488952637
true_random_1,4022,1463,1760,0,3.0517578125e-05,17.217636823654175
true_random_2,4022,1220,1760,0,2.384185791060034e-05,18.664366722106934
true_random_3,4019,968,1759,0,3.528594970703125e-05,18.278449535369873
true_random_4,4018,830,1759,0,2.002716064453125e-05,18.900182485580444
true_random_5,4010,720,1757,0,3.24249267578125e-05,19.197320222854614
false_start_1,4022,1032,1760,0,1.71661376953125e-05,18.118875980377197
false_start_2,4022,1006,1760,0,3.147125244140625e-05,17.9956316947937
false_start_3,4022,1162,1760,0,2.47955322265625e-05,17.59686040878296
false_start_4,4022,1418,1760,0,4.00543212890625e-05,18.251346349716187
false_start_5,4022,1605,1760,0,2.1934509279120107e-05,18.45936417579651
false_end_1,4022,908,1760,0,1.9073486328125e-05,18.01130771636963
false_end_2,4022,1011,1760,0,2.384185791015625e-05,18.18698000907898
false_end_3,4022,967,1760,0,3.24249267578125e-05,17.57061743736267
false_end_4,4022,994,1760,0,1.621246337890625e-05,18.282097578048706
false_end_5,4022,1052,1760,0,3.528594970703125e-05,18.34397292137146
false_random_1,4022,1404,1760,0,2.574920654296875e-05,17.36131715774536
false_random_2,4022,1120,1760,0,2.86102294921875e-05,18.01228666305542
false_random_3,4022,898,1760,0,3.24249267578125e-05,18.237478017807007
false_random_4,4019,815,1760,0,2.1696090698242188e-05,18.852745532989502
false_random_5,4008,766,1751,0,2.288818359375e-05,18.467669010162354
information_start_1,4022,687,1760,0,3.147125244140625e-05,17.53456687927246
information_start_2,4022,1250,1760,0,4.00543212890625e-05,17.76086115837097
information_start_3,4022,2216,1760,0,2.47955322265625e-05,18.61896061897278
information_start_4,4022,2726,1760,0,2.002716064453125e-05,18.668205738067627
information_start_5,4022,3029,1760,0,1.811981201171875e-05,18.336363315582275
information_end_1,4022,1962,1760,0,3.242492675603614e-05,17.485969305038452
information_end_2,4022,1721,1760,0,1.811981201171875e-05,17.75143313407898
information_end_3,4022,1958,1760,0,1.71661376953125e-05,18.448554754257202
information_end_4,4022,2542,1760,0,2.09808349609375e-05,18.142497062683105
information_end_5,4022,3063,1760,0,2.09808349609375e-05,19.009793996810913
information_random_1,4022,1231,1760,0,4.482269287109375e-05,18.255892276763916
information_random_2,4022,1253,1760,100,2.002716064453125e-05,18.78454279899597
information_random_3,4022,1225,1760,151,3.24249267578125e-05,18.568382501602173
information_random_4,4017,1276,1759,184,2.193450927734375e-05,19.28794002532959
information_random_5,4013,1233,1755,177,1.71661376953125e-05,19.91796326637268
bar_start_1,4022,700,1760,0,2.193450927734375e-05,17.475090980529785
bar_start_2,4022,777,1760,0,3.147125244140625e-05,17.621154069900513
bar_start_3,4022,984,1760,0,2.47955322265625e-05,18.050700187683105
bar_start_4,4022,1138,1760,0,4.00543212890625e-05,17.666983604431152
bar_start_5,4022,1315,1760,0,2.765655517578125e-05,17.82292890548706
bar_end_1,4022,840,1760,0,2.86102294921875e-05,18.22792911529541
bar_end_2,4022,1084,1760,0,2.384185791015625e-05,17.47817039489746
bar_end_3,4022,1092,1760,0,2.09808349609375e-05,17.688497304916382
bar_end_4,4022,1198,1760,0,1.621246337890625e-05,18.196685552597046
bar_end_5,4022,1361,1760,0,2.5808811187855163e-05,18.372499465942383
bar_random_1,4022,1026,1760,0,1.71661376953125e-05,18.071659326553345
bar_random_2,4022,902,1760,0,1.52587890625e-05,18.69476819038391
bar_random_3,4022,813,1760,0,1.811981201171875e-05,18.26171374320984
bar_random_4,4017,796,1757,0,2.765655517578125e-05,20.30371332168579
bar_random_5,4012,819,1755,0,1.621246337890625e-05,20.25646686553955
important_start_1,4022,621,1760,0,2.09808349609375e-05,17.928122758865356
important_start_2,4022,621,1760,0,3.147125244140625e-05,17.60379648208618
important_start_3,4022,698,1760,0,2.47955322265625e-05,17.726975440979004
important_start_4,4022,1039,1760,0,4.00543212890625e-05,18.356765031814575
important_start_5,4022,1294,1760,0,2.1696090698686277e-05,18.66138482093811
important_end_1,4022,1515,1760,0,1.9073486328125e-05,18.552006006240845
important_end_2,4022,1453,1760,0,2.47955322265625e-05,17.74089765548706
important_end_3,4022,1299,1760,0,2.193450927734375e-05,18.609607696533203
important_end_4,4022,1319,1760,0,1.907348632856909e-05,18.573105812072754
important_end_5,4022,1373,1760,0,3.814697265625e-05,18.143689393997192
important_random_1,4022,1320,1760,0,2.47955322265625e-05,17.81549072265625
important_random_2,4022,1175,1760,0,2.288818359375e-05,19.191306352615356
important_random_3,4022,1129,1760,0,1.71661376953125e-05,19.148525953292847
important_random_4,4017,1073,1758,0,3.719329833984375e-05,19.086115837097168
important_random_5,4013,1052,1755,0,3.62396240234375e-05,18.824371337890625
relevance_start_1,4022,609,1760,0,1.621246337890625e-05,17.700257062911987
relevance_start_2,4022,875,1760,0,3.147125244140625e-05,18.115315198898315
relevance_start_3,4022,1089,1760,0,2.47955322265625e-05,17.444026708602905
relevance_start_4,4022,1294,1760,0,4.00543212890625e-05,18.054121017456055
relevance_start_5,4022,1459,1760,0,2.574920654208057e-05,18.113933086395264
relevance_end_1,4022,1823,1760,0,1.9073486328125e-05,17.07179546356201
relevance_end_2,4022,1327,1760,0,2.384185791015625e-05,17.900272130966187
relevance_end_3,4022,1188,1760,0,2.09808349609375e-05,18.18744397163391
relevance_end_4,4022,1176,1760,0,1.6689300537109375e-05,18.204909086227417
relevance_end_5,4022,1233,1760,0,2.5808811187855163e-05,18.65152406692505
relevance_random_1,4022,1165,1760,0,2.0027160642754893e-05,18.115942001342773
relevance_random_2,4022,1171,1760,0,2.384185791015625e-05,18.45569610595703
relevance_random_3,4022,1098,1760,0,2.5272369384765625e-05,18.619811058044434
relevance_random_4,4018,1045,1757,0,1.621246337890625e-05,18.287891387939453
relevance_random_5,4014,1045,1757,0,2.2649765014426393e-05,19.024260997772217
