region,layer,condition,n,fwd_effect_mean,rev_effect_mean,combined_effect_mean,fwd_effect_std,rev_effect_std,combined_effect_std
decoder_cross_attn,0,both,1050,0.008204531889226624,0.01111417271781767,0.00448405509028487,0.02475747705951746,0.03222498025142019,0.025048592576436723
decoder_cross_attn,0,doc_only,1050,0.008199514710209925,0.011061645561732628,0.004468510545439562,0.02470305197350913,0.03214159087847727,0.025002590354495854
decoder_cross_attn,0,query_only,1050,-8.362314513279897e-06,5.673347830245152e-05,-9.305794636895109e-05,0.0013729884899413946,0.0014091284599365235,0.0013994684361586217
decoder_cross_attn,1,both,1050,0.013737502574457376,-0.00849446006453756,-0.011787959874085995,0.024960294953590582,0.06686679010958244,0.06454598173911387
decoder_cross_attn,1,doc_only,1050,0.009250673015086947,-0.012894423646611098,-0.016121005093852617,0.02525368932666762,0.06811518026446663,0.06597103961423015
decoder_cross_attn,1,query_only,1050,0.004466965257039604,0.004485150059044112,0.003862676053232339,0.008253418850360827,0.0081481364454215,0.007985508234093554
decoder_cross_attn,2,both,1050,0.008488650785143851,0.009360366496233214,0.005422486922912317,0.015422088640744725,0.02098574378482517,0.016770852165576524
decoder_cross_attn,2,doc_only,1050,0.0007734010111172228,0.001973985228097817,-0.00203180681125542,0.013477448955171658,0.019557289661751288,0.015009651813674599
decoder_cross_attn,2,query_only,1050,0.007737563234946603,0.007374184733651589,0.00693153610920385,0.007812061689119009,0.007931712013562905,0.007801990175615523
decoder_cross_attn,3,both,1050,0.009025683197616562,0.00848043839395856,0.006477178042191878,0.016140129882512403,0.017828619384824967,0.0168827482015868
decoder_cross_attn,3,doc_only,1050,0.0001058846906767789,-0.000570692282563942,-0.002124951830147989,0.009647765240927668,0.011816543326107112,0.010323591854397358
decoder_cross_attn,3,query_only,1050,0.00896198199712378,0.00897886725251792,0.008083930651144813,0.012658648945229818,0.012891822140626067,0.012692521937910102
decoder_cross_attn,4,both,1050,0.025038644377460614,0.024821341023359082,0.022069989877940187,0.017618163593044325,0.020308426626675737,0.019947112027942908
decoder_cross_attn,4,doc_only,1050,0.00027931266617658973,-0.0006436361823091319,-0.0018241376161781107,0.0044948293933982355,0.01187383207840606,0.010601716065993373
decoder_cross_attn,4,query_only,1050,0.024882144983957764,0.025425371798358555,0.023515013653930945,0.017240306748789964,0.01735062957027987,0.016960826856473866
decoder_cross_attn,5,both,1050,0.03237938561251576,0.03196957775675478,0.028155051353455408,0.028691709270790396,0.030379876355059593,0.02843148671541821
decoder_cross_attn,5,doc_only,1050,0.0004521186184587163,-0.001098563302612859,-0.002807632220180359,0.012550943927845712,0.01838151280056649,0.013823632701398346
decoder_cross_attn,5,query_only,1050,0.0320762608977637,0.03291626992014749,0.030133507737389917,0.025113773061375924,0.024759869306161832,0.024418009003829916
decoder_cross_attn,6,both,1050,0.06323934725772992,0.06326529470277152,0.057841492107294605,0.03622131372694831,0.0406234597943932,0.040188259040486556
decoder_cross_attn,6,doc_only,1050,0.002361126564236937,1.4533927622773169e-05,-0.002179608956277883,0.014477243208560494,0.02440656855469964,0.023415562781706718
decoder_cross_attn,6,query_only,1050,0.06123467344509122,0.06304909516456711,0.05903019085779985,0.034834287016011774,0.035328131796589855,0.0343430126696599
decoder_cross_attn,7,both,1050,0.05888424387489712,0.06538499938176345,0.05738331543123227,0.034591414739692315,0.034854802392158706,0.034299183028225176
decoder_cross_attn,7,doc_only,1050,0.0018318806973293626,0.00424264801696104,0.0010715009282718112,0.0093411748236883,0.014142608960824688,0.009586603854856416
decoder_cross_attn,7,query_only,1050,0.057321439397470274,0.06094375433388814,0.05559699355363712,0.034165141640174264,0.034040512484249524,0.03374349788900844
decoder_cross_attn,8,both,1050,0.12712336714205147,0.13460412866496277,0.123522630073595,0.05770578061810051,0.05783541628825449,0.05693565933096118
decoder_cross_attn,8,doc_only,1050,0.011780925444393396,0.016281070551419054,0.010642377001214297,0.027311672161029955,0.030459425324910656,0.026655942208981737
decoder_cross_attn,8,query_only,1050,0.11533158372559774,0.1183171178255707,0.11147698887494435,0.06267815603659116,0.0642256343141137,0.06202073119800472
decoder_cross_attn,9,both,1050,0.11141328635541042,0.136220693146501,0.10397052200448209,0.11395776138172904,0.12032869294261794,0.11238263482212162
decoder_cross_attn,9,doc_only,1050,0.04451634363436927,0.05962485316838128,0.03792822637801286,0.11560580979063707,0.12598890804150298,0.11541536342330626
decoder_cross_attn,9,query_only,1050,0.0664172648757448,0.07773693853658174,0.0625616158611423,0.05973680541684572,0.06385181453331555,0.057738995636429945
decoder_cross_attn,10,both,1050,0.03527439358598393,0.04893178175373033,0.033915910471937594,0.040127167484697905,0.043131247761056375,0.039937262874058126
decoder_cross_attn,10,doc_only,1050,0.0036028093540420997,0.0034871903702051238,0.00225970275176726,0.012226436645490142,0.01451964793554632,0.012130019236489108
decoder_cross_attn,10,query_only,1050,0.031713246208648675,0.04550966632851609,0.030997507301449987,0.03938575990060558,0.0423802575821622,0.039349147614497454
decoder_cross_attn,11,both,1050,0.2882064842935341,0.2956283295588629,0.2805648515686037,0.15068205711281787,0.15354441835123483,0.15148178792141645
decoder_cross_attn,11,doc_only,1050,0.0422641284372522,0.045950718153344186,0.03679950217977813,0.0987788739347234,0.09958187752748969,0.09536632388786215
decoder_cross_attn,11,query_only,1050,0.24552034398961237,0.25025269117315074,0.24146433496716535,0.150716328856649,0.1564384135608844,0.1517484399220215
encoder_self_attn,0,both,1050,0.21184355084546763,0.07650331429685457,-0.11475005693886019,0.44119482379760494,0.8055775575215139,0.6472968688146533
encoder_self_attn,0,doc_only,1050,0.08506600091901001,-0.05704145121228971,-0.24065189616956476,0.2362354599624704,0.8076580248402678,0.630937715827953
encoder_self_attn,0,query_only,1050,0.11440923915979402,0.14862007616199982,0.10612066849621016,0.31891456133996915,0.3103108911831315,0.3032561272026458
encoder_self_attn,1,both,1050,0.07934977441837804,0.05491351709421934,-0.05253827036204505,0.22825111951004462,0.3967440980306955,0.3099600456395287
encoder_self_attn,1,doc_only,1050,0.046999087106168014,0.028956896469957173,-0.07680174293095407,0.15915018417675802,0.3485650877714084,0.2498001421264323
encoder_self_attn,1,query_only,1050,0.02731372194131061,0.03229143105078538,0.012848043389905585,0.1245904627055261,0.1559224869589435,0.13879523001207095
encoder_self_attn,2,both,1050,0.099925780758402,0.13536065781154458,0.028181546890254004,0.20013323559653529,0.30694512488239845,0.2343970651546648
encoder_self_attn,2,doc_only,1050,0.051627311075814225,0.08237043419017662,-0.021876701907946702,0.1436116392570244,0.2832307896297883,0.1955485553671169
encoder_self_attn,2,query_only,1050,0.04634513134625183,0.05593966010863782,0.03826465652850211,0.12160002797616269,0.12555199431168232,0.11621113649446045
encoder_self_attn,3,both,1050,0.06469444464323036,0.09174965971593771,-0.04054440466898212,0.2058800593505057,0.34678043302337636,0.26343251844938015
encoder_self_attn,3,doc_only,1050,0.02563617968384574,0.04346950839826159,-0.08214019243373359,0.140256984473702,0.33208862449778026,0.2289572573184321
encoder_self_attn,3,query_only,1050,0.036736895123709784,0.04976808384028948,0.029144086971618844,0.1495927966483068,0.15401630045732287,0.14821505910969093
encoder_self_attn,4,both,1050,0.05618804935590781,0.020011504617443117,-0.07349087614816435,0.230199871436561,0.35503625316182313,0.2940001777327864
encoder_self_attn,4,doc_only,1050,0.047171594744353965,0.014930832419876965,-0.07902990331550197,0.18146380093962788,0.3255900275147335,0.2558092313815748
encoder_self_attn,4,query_only,1050,0.007328885538751261,0.0069601764492345855,-0.006586527465578646,0.1437972746764361,0.154220017070607,0.14834035888915506
encoder_self_attn,5,both,1050,0.12961773964561724,0.11546915902097936,0.020618914909304946,0.2575865216037465,0.36233347875819405,0.30356271664219925
encoder_self_attn,5,doc_only,1050,0.06967264457298504,0.0524810854340548,-0.03958044905073871,0.2046936015989929,0.3213103315012724,0.2602554319324916
encoder_self_attn,5,query_only,1050,0.05682804149983486,0.06807316218681367,0.047822544458628144,0.13459590271946986,0.14288597000017145,0.13627154583821355
encoder_self_attn,6,both,1050,0.0989222118115715,0.128170472349315,0.027098450894178793,0.2401583005014539,0.3185054027023701,0.2713779613326627
encoder_self_attn,6,doc_only,1050,0.06953885093798887,0.10193751532677735,-0.0009270020858330925,0.22824385609025644,0.307876929797352,0.25827732983581464
encoder_self_attn,6,query_only,1050,0.026326889388678158,0.02971044598663903,0.015352511431060683,0.11159575842861659,0.12041889619932025,0.1161715995963136
encoder_self_attn,7,both,1050,0.13685401950935736,0.18426969357057282,0.04525723121178918,0.2822929848722802,0.38456974281970213,0.31409130830159976
encoder_self_attn,7,doc_only,1050,0.11009224125915315,0.1611388278214818,0.022994598151810593,0.2560291101251072,0.3658296825154774,0.2888672017061956
encoder_self_attn,7,query_only,1050,0.02226743392209045,0.03008410969083437,0.010756616659345018,0.13639041337241464,0.14784774971198078,0.14117722653920386
encoder_self_attn,8,both,1050,0.24295931745067686,0.1350543192905507,0.06949491333254795,0.3819377124189817,0.4758298702065409,0.4495120298846236
encoder_self_attn,8,doc_only,1050,0.14135223119818802,0.030407252042516902,-0.03524883684730031,0.3234371174142747,0.43157570431600406,0.39874160924801233
encoder_self_attn,8,query_only,1050,0.09574420091030142,0.1124364642388871,0.08302002917145902,0.20983251522870705,0.2268900562002478,0.21324375409893317
encoder_self_attn,9,both,1050,0.5534383649696007,0.4100148637330343,0.3636491015503429,0.4033273750010685,0.44578630329910396,0.4351233825266836
encoder_self_attn,9,doc_only,1050,0.20179950609006098,0.04688344745710351,0.005135159042295256,0.31621465156579176,0.4060605222695908,0.37890580961302067
encoder_self_attn,9,query_only,1050,0.34030719125465697,0.3708905285893355,0.328511180775311,0.32010240709586885,0.34091778345140306,0.3273484252357856
encoder_self_attn,10,both,1050,0.6033501298226144,0.6133740942127177,0.5464087405090129,0.32720186288786024,0.3555958727702771,0.3434849783424158
encoder_self_attn,10,doc_only,1050,0.18047971745520255,0.17787263300422065,0.12133361408331012,0.2656741192645891,0.314227789506335,0.2969837766898338
encoder_self_attn,10,query_only,1050,0.41792517469249346,0.4423336589942952,0.4089528970458765,0.28256242773502627,0.29178315569136104,0.2822312631543305
encoder_self_attn,11,both,1050,0.5397227941577193,0.5756216735036032,0.5209435184674587,0.2034872098608746,0.19923028438551466,0.20718236688272765
encoder_self_attn,11,doc_only,1050,0.06798554688580134,0.10207876010016022,0.05275133525791864,0.14899546567440491,0.17518753465219636,0.1533648256390654
encoder_self_attn,11,query_only,1050,0.470753976983275,0.47549121294712476,0.4590900493612893,0.22684920206052317,0.2275447847788301,0.22504771373303553
