layer,what (w0),is (w1),physical (w2),description (w3),of (w4),spruce (w5)
0,0.0032991959708563,-0.0009361419517543,-0.1261850081801377,-0.0053244061313728,0.0026308112182036,0.0342737934807743
1,-0.0021228736860181,-0.0035267323653708,-0.0024054003133625,0.0024119402815881,-0.0001833916089918,0.018008456505914
2,-0.0007852321849494,0.0011479824225274,0.0186118775741928,-0.0069843045667562,-0.0039706872084161,0.0201625585402093
3,0.00305198517193,0.0035084749540744,0.0216721467058752,0.0182264554467662,-0.0004661907350123,0.0073151724592346
4,-0.0018604029612322,0.0064392527148906,-0.0016894917916041,0.003638838320704,-0.0092492590624748,-0.0035167589138268
5,-0.0008602783203377,-0.0012200855722142,-0.0163366771282541,0.0049411639933547,0.0050196436120615,0.0316857100549776
6,0.006505088395028,0.0014361770223339,0.0050145206369514,0.010804463506514,0.0224246790496968,0.0059169272526089
7,-0.0095758214758713,-0.0033715716192192,-0.011677331265686,-0.0293182415573233,-0.0087339095663003,0.0167540906002508
8,-0.0081868957239671,-0.0003174064578807,-0.0581485469852844,-0.0076874601504748,0.0158646004218388,0.0215260874155042
9,0.0160878858370066,0.0108380353434052,-0.1335165033100686,0.0202913414145177,0.0057311921550029,0.0104037814532278
10,0.0846559646989955,0.023593589370546,0.0846352547996145,0.2445291939549111,0.0193574339519071,-0.0025632315465395
11,0.0668624551487616,0.0077965141206361,0.1524290014236966,0.1537574869692495,0.007343948319427,-0.0068979224864436
