layer,rsa (w0),definition (w1),key (w2)
0,-0.0255849797765109,-0.0037286675175802,0.0031529534133546
1,0.0074779837477133,0.0045388670016424,0.0036518473073203
2,0.0027660525366243,-0.0231515814988935,0.0080638472191258
3,-0.0028159244271119,0.007064659518479,0.0015553030268562
4,-0.0219802045342472,-0.005526155444208,0.0215117587418424
5,0.0001641397658855,-0.0008390726838181,0.0102253124517686
6,-0.0207759296207881,0.0231388072953651,0.0074879581258108
7,0.0369450964732348,0.0017397415271157,0.0050011881759172
8,0.0219247329928978,0.0103418551853291,0.0063734526152294
9,0.05594051210907,0.1471987221596733,-0.02576031884412
10,0.0650416946503385,-0.0052684840100219,0.0700134846592315
11,0.122439165918005,0.0536726535100536,0.1109639064004359
