layer,component,direction,mean_effect,std_effect,n
0,decoder_cross_attn,forward,0.06776901847473085,0.0842265571764893,
0,decoder_cross_attn,reverse,0.0650278929288446,0.08241475993618855,
0,decoder_mlp,forward,0.0071976593036018445,0.013918145305284239,
0,decoder_mlp,reverse,0.006865863498109442,0.014296127501878269,
0,decoder_self_attn,forward,0.0,0.0,
0,decoder_self_attn,reverse,0.0,0.0,
0,encoder_mlp,forward,0.21288237787565423,0.39191483331983,
0,encoder_mlp,reverse,0.13872473928441933,0.9742874906410764,
0,encoder_self_attn,forward,0.44728287102134295,0.6691218951240525,
0,encoder_self_attn,reverse,0.137688474953592,0.8832539734106181,
1,decoder_cross_attn,forward,-0.0001727663663521744,0.045520429220794655,
1,decoder_cross_attn,reverse,-0.002692621486110995,0.04547150003164251,
1,decoder_mlp,forward,0.005185858247233725,0.0076591102857518426,
1,decoder_mlp,reverse,0.0051963338488768,0.007851996030364513,
1,decoder_self_attn,forward,0.0049910328612594625,0.011276300931880262,
1,decoder_self_attn,reverse,0.004408429042428661,0.011200126419244857,
1,encoder_mlp,forward,0.055748945646282445,0.3160162107771133,
1,encoder_mlp,reverse,-0.20621438020177157,0.7296983558732194,
1,encoder_self_attn,forward,0.12142491647321285,0.3106194675910191,
1,encoder_self_attn,reverse,0.013095461336128692,0.502145711556812,
2,decoder_cross_attn,forward,0.07949918933862475,0.07801759272957261,
2,decoder_cross_attn,reverse,0.07551865474362059,0.07345640295345728,
2,decoder_mlp,forward,0.000528485285660557,0.0054272231913232525,
2,decoder_mlp,reverse,6.257316723252225e-05,0.005895961649044014,
2,decoder_self_attn,forward,0.003303215497774271,0.007738854570483658,
2,decoder_self_attn,reverse,0.002621816707888365,0.007675911820704896,
2,encoder_mlp,forward,0.07586142431290392,0.2562804765656015,
2,encoder_mlp,reverse,-0.0576091303414117,0.5603002108168698,
2,encoder_self_attn,forward,0.1109393947363778,0.30660738461490367,
2,encoder_self_attn,reverse,0.13429379741187528,0.3351075116867816,
3,decoder_cross_attn,forward,0.01015561706171748,0.03436764606892074,
3,decoder_cross_attn,reverse,0.008372522877479135,0.03502839947446711,
3,decoder_mlp,forward,0.002172853821646142,0.0070289829303072735,
3,decoder_mlp,reverse,0.0012823439758232788,0.00706233564252931,
3,decoder_self_attn,forward,0.007801105196316258,0.007548127278478528,
3,decoder_self_attn,reverse,0.0072675438498048936,0.00748361834641669,
3,encoder_mlp,forward,-0.06339301163790113,0.2480890985611674,
3,encoder_mlp,reverse,-0.14402088047731434,0.6918851450132203,
3,encoder_self_attn,forward,0.023593539575387693,0.2829490095716099,
3,encoder_self_attn,reverse,-0.01226863226000773,0.539883283885705,
4,decoder_cross_attn,forward,0.04309039520981226,0.037230751560579645,
4,decoder_cross_attn,reverse,0.04104085298861699,0.035917357196701256,
4,decoder_mlp,forward,0.010814464048815392,0.01548069916940207,
4,decoder_mlp,reverse,0.010933348550348145,0.015676323075409164,
4,decoder_self_attn,forward,0.01729449937372668,0.015491016625534636,
4,decoder_self_attn,reverse,0.016504128139025062,0.015017442069601098,
4,encoder_mlp,forward,0.08786009551371057,0.22402936132249274,
4,encoder_mlp,reverse,-0.05003106975857446,0.49337944244681814,
4,encoder_self_attn,forward,-0.07231727501005782,0.47606647368970234,
4,encoder_self_attn,reverse,-0.19555736624105272,0.9138596953168497,
5,decoder_cross_attn,forward,0.030734634578868762,0.061295409973584576,
5,decoder_cross_attn,reverse,0.0259035724624403,0.06363970931202803,
5,decoder_mlp,forward,-0.0018170439411096834,0.01407350372353541,
5,decoder_mlp,reverse,-0.002294646259731242,0.01385044432969786,
5,decoder_self_attn,forward,0.021495333288616313,0.016771620943991705,
5,decoder_self_attn,reverse,0.021100250231281807,0.016717316251040826,
5,encoder_mlp,forward,0.1455501688937265,0.3783422223334188,
5,encoder_mlp,reverse,0.06277060357356938,0.7835616220779492,
5,encoder_self_attn,forward,0.10502666075487826,0.3487301432245591,
5,encoder_self_attn,reverse,0.06390252624830507,0.5399755765769024,
6,decoder_cross_attn,forward,0.05971543009891109,0.06923392090118453,
6,decoder_cross_attn,reverse,0.05741827107296307,0.07064873975817756,
6,decoder_mlp,forward,0.003513952256066118,0.015290098901692818,
6,decoder_mlp,reverse,0.0023094847635681853,0.015582920030762878,
6,decoder_self_attn,forward,0.024027140862013723,0.029895648407730766,
6,decoder_self_attn,reverse,0.023636461612780532,0.02954795921454618,
6,encoder_mlp,forward,0.10571939612699355,0.32363053023786553,
6,encoder_mlp,reverse,0.1577168191488441,0.49356419214226815,
6,encoder_self_attn,forward,0.13205368779820797,0.40213730009091425,
6,encoder_self_attn,reverse,0.2053809097408636,0.4828738298657965,
7,decoder_cross_attn,forward,0.07746397088875849,0.04676002208989564,
7,decoder_cross_attn,reverse,0.07705547375037995,0.04551174940428631,
7,decoder_mlp,forward,0.025875778244635893,0.0231876288996577,
7,decoder_mlp,reverse,0.023460215869081976,0.022829885660671987,
7,decoder_self_attn,forward,0.040962054434688,0.03726501768571717,
7,decoder_self_attn,reverse,0.03860133191135206,0.037322579712653764,
7,encoder_mlp,forward,0.14645873918411093,0.5413599121960062,
7,encoder_mlp,reverse,0.19889344933872868,0.6412427911860263,
7,encoder_self_attn,forward,0.20273865798159074,0.6738714533869372,
7,encoder_self_attn,reverse,0.31932425560520333,0.7056191424785327,
8,decoder_cross_attn,forward,0.0753959722489028,0.08188747651360725,
8,decoder_cross_attn,reverse,0.07569755898593979,0.08258523674616378,
8,decoder_mlp,forward,0.009077935264968192,0.04328942497913708,
8,decoder_mlp,reverse,0.007504233468925167,0.04642195488438697,
8,decoder_self_attn,forward,0.03579625815353979,0.03724026002495062,
8,decoder_self_attn,reverse,0.03450537425015115,0.038269025969872625,
8,encoder_mlp,forward,0.12479446221626264,0.4235768372711554,
8,encoder_mlp,reverse,0.12067829417595609,0.5825015270163035,
8,encoder_self_attn,forward,0.2729178163954015,0.4196596301000112,
8,encoder_self_attn,reverse,0.2392685171226549,0.4013820566037777,
9,decoder_cross_attn,forward,0.1131483039681792,0.22533084787583044,
9,decoder_cross_attn,reverse,0.11588077633321094,0.20764404833463782,
9,decoder_mlp,forward,0.02203405174217755,0.06105318822325958,
9,decoder_mlp,reverse,0.018319459453261834,0.05874388224924242,
9,decoder_self_attn,forward,0.05056422353998735,0.0432304943621173,
9,decoder_self_attn,reverse,0.049613142096130186,0.043698865067675015,
9,encoder_mlp,forward,0.16866665499737346,0.31411844908483755,
9,encoder_mlp,reverse,0.17582433675592968,0.40332836273574096,
9,encoder_self_attn,forward,0.7635676732259286,0.6429243760786585,
9,encoder_self_attn,reverse,0.32078841038824296,0.8513480677742385,
10,decoder_cross_attn,forward,0.04405288778334652,0.16601892887702568,
10,decoder_cross_attn,reverse,0.04677318566561364,0.1653490072777338,
10,decoder_mlp,forward,-0.035233612379113426,0.11405236724090694,
10,decoder_mlp,reverse,-0.030638294255052913,0.10998079249628942,
10,decoder_self_attn,forward,0.05575290234129484,0.04025125900476945,
10,decoder_self_attn,reverse,0.0544166450037424,0.039308342183551455,
10,encoder_mlp,forward,0.07824982194812741,0.23321510834164275,
10,encoder_mlp,reverse,-0.0014019631028110214,0.23243667817038838,
10,encoder_self_attn,forward,0.8699733609435149,0.48046077905549706,
10,encoder_self_attn,reverse,0.9223740563136611,0.5661623271466615,
11,decoder_cross_attn,forward,0.2915253101355985,0.18879634552314054,
11,decoder_cross_attn,reverse,0.29275214115316234,0.19168176751351845,
11,decoder_mlp,forward,0.05954787041569487,0.07263659503432525,
11,decoder_mlp,reverse,0.058414243682690506,0.07075162738258826,
11,decoder_self_attn,forward,0.036981107967726,0.0723485097483916,
11,decoder_self_attn,reverse,0.0362994345604046,0.07013121742246597,
11,encoder_mlp,forward,0.21378128601399235,0.2197176736573597,
11,encoder_mlp,reverse,0.24977965329142957,0.1903787218836474,
11,encoder_self_attn,forward,0.7913509799669306,0.2690022801458697,
11,encoder_self_attn,reverse,0.7908272924785968,0.24056158944893935,
