relevance_group,head_label,rate_normal_to_normal,rate_normal_to_abnormal,rate_abnormal_to_normal,rate_abnormal_to_abnormal
relevant,L9H0,0.9282441915427408,0.0018725229974911,0.0015816456386576,0.0683016398211104
relevant,L9H1,0.9420426862524088,0.0048540159255353,0.0129804021379485,0.0401228956841071
relevant,L9H2,0.949769116096426,0.0024360978802312,0.0064356615641929,0.0413591244591499
relevant,L9H3,0.9255899356433844,0.0071992146311311,0.0061811438752136,0.0610297058502708
relevant,L9H4,0.9220630476675272,0.0052903319637857,0.006817438097662,0.0658291822710249
relevant,L9H5,0.893357088317638,0.004417699887285,0.0187434098098389,0.0834818019852379
relevant,L9H6,0.9571864887466822,0.0042177217030869,0.0048176562556811,0.0337781332945496
relevant,L9H7,0.9327527906046612,0.0019816020070537,0.0061447842053594,0.0591208231829255
relevant,L9H8,0.9390975529942188,0.0080718467076318,0.0120895902265207,0.0407410100716285
relevant,L9H9,0.934170817728975,0.0141075519034287,0.0118532523724684,0.0398683779951278
relevant,L9H10,0.9258444533323638,0.0151256226593462,0.0080900265425589,0.050939897465731
relevant,L9H11,0.9192451732538268,0.0047631167508999,0.0117623531978329,0.0642293567974402
relevant,L10H0,0.9434788932116496,0.0026360760644293,0.0072719339708395,0.0466130967530814
relevant,L10H1,0.9506053885030724,0.0039995636839617,0.0072355743009853,0.0381594735119805
relevant,L10H2,0.9191724539141184,0.0010726102606988,0.0116350943533432,0.0681198414718394
relevant,L10H3,0.8976475293604335,0.0082718248918299,0.0186706904701305,0.075409955277606
relevant,L10H4,0.9239173908300912,0.0015998254735847,0.0077446096789441,0.0667381740173799
relevant,L10H5,0.938388539432062,0.0071264952914227,0.0111260589753845,0.0433589063011307
relevant,L10H6,0.9246627640621023,0.008471803076028,0.0133621786714176,0.0535032541904519
relevant,L10H7,0.924390066538196,0.004799476420754,0.0069083372722975,0.0639021197687525
relevant,L10H8,0.925880813002218,0.0063629422244846,0.004054103188743,0.0637021415845544
relevant,L10H9,0.9170090535577936,0.0101625277242482,0.0135257971857615,0.0593026215321964
relevant,L10H10,0.9475148165654655,0.0050903537795876,0.0069446969421517,0.0404501327127949
relevant,L10H11,0.9499509144456968,0.0067810784278078,0.0041086426935243,0.0391593644329709
relevant,L11H0,0.9081372941133694,0.0075628113296731,0.0086899610951532,0.0756099334618041
relevant,L11H1,0.903846853070574,0.0065447405737555,0.0115078355088535,0.0781005708468167
relevant,L11H2,0.9876558920845,0.0032723702868777,0.0007817329018652,0.008290004726757
relevant,L11H3,0.997982038323092,0.0010180707559175,0.0003090571937606,0.0006908337272297
relevant,L11H4,0.9036650547213032,0.0017634439879285,0.0051085336145147,0.0894629676762535
relevant,L11H5,0.9450605388503072,0.005344871468567,0.0083627240664654,0.0412318656146602
relevant,L11H6,0.9357342835327056,0.0053085117987128,0.00883539977457,0.0501218048940115
relevant,L11H7,0.950696287677708,0.0081809257171944,0.0091262771334036,0.0319965094716939
relevant,L11H8,0.93326182598262,0.0133439988364905,0.0135621568556157,0.0398320183252736
relevant,L11H9,0.9343889757481002,0.0069446969421517,0.0065811002436097,0.0520852270661382
relevant,L11H10,0.863742137221394,0.0062356833799949,0.0177616987237755,0.1122604806748354
relevant,L11H11,0.8533614514780206,0.0012362287750427,0.0093444351525288,0.1360578845944078
nonrelevant,L9H0,0.9835534937359124,0.0017167269486816,0.0028437385333123,0.0118860407820936
nonrelevant,L9H1,0.9012423337002672,0.0086491586727472,0.0214525344655868,0.0686559731613985
nonrelevant,L9H2,0.9026707553598574,0.0064868690045604,0.0163940871206164,0.0744482885149656
nonrelevant,L9H3,0.9417099124600304,0.0058840488546417,0.00690622215233,0.0454998165329978
nonrelevant,L9H4,0.8264926351103423,0.0090685118205168,0.0167741259107826,0.1476647271583582
nonrelevant,L9H5,0.9263117890653668,0.0043901032657126,0.0109556009854798,0.0583425066834407
nonrelevant,L9H6,0.9400718142265556,0.0092257692509304,0.0089374639618388,0.0417649525606751
nonrelevant,L9H7,0.9353278817424124,0.0036169208995125,0.0055695339938145,0.0554856633642606
nonrelevant,L9H8,0.9195628243434504,0.0095009697541542,0.0192902447974,0.0516459611049955
nonrelevant,L9H9,0.9239136132515596,0.0106017717670493,0.0149263511034229,0.0505582638779682
nonrelevant,L9H10,0.8918724118047912,0.01589610525764,0.0127509566493683,0.0794805262882004
nonrelevant,L9H11,0.8760287256906222,0.0039838549038108,0.0184646432877286,0.1015227761178382
nonrelevant,L10H0,0.8404754416312837,0.010942496199612,0.0165251349792944,0.1320569271898097
nonrelevant,L10H1,0.8896708077790009,0.012121926927714,0.0154505425381349,0.0827567227551501
nonrelevant,L10H2,0.810478586779892,0.0025292236724851,0.026393038737747,0.1605991508098757
nonrelevant,L10H3,0.8940478062588457,0.0077449284478691,0.0274152120354353,0.0707920532578497
nonrelevant,L10H4,0.9098390732295434,0.0045080463385228,0.014009016092677,0.0716438643392567
nonrelevant,L10H5,0.983697646380458,0.0042721601929024,0.0031189390365361,0.0089112543901032
nonrelevant,L10H6,0.8777847669969072,0.0136945012318498,0.0243355873565025,0.0841851444147402
nonrelevant,L10H7,0.903221156366305,0.0061592493578654,0.0128426901504429,0.0777769041253866
nonrelevant,L10H8,0.9565183204906432,0.0051894952036483,0.0047046181265398,0.0335875661791686
nonrelevant,L10H9,0.895266551344551,0.0105624574094459,0.0140352256644126,0.0801357655815904
nonrelevant,L10H10,0.9288148031661164,0.0056481627090213,0.0096189128269644,0.0559181212978979
nonrelevant,L10H11,0.9114378571054148,0.0100775803323373,0.0103789904072967,0.0681055721549509
nonrelevant,L11H0,0.7875058971536405,0.0146249410284635,0.0177045657073963,0.1801645961104995
nonrelevant,L11H1,0.8425328930125282,0.0055433244220789,0.0227892226241023,0.1291345599412905
nonrelevant,L11H2,0.9870393667767468,0.0031975677517429,0.0011139067987629,0.0086491586727472
nonrelevant,L11H3,0.9982832730513184,0.0003538292184305,0.0009959637259527,0.0003669340042983
nonrelevant,L11H4,0.8160743303454422,0.0071945274414216,0.0213608009645122,0.155370341248624
nonrelevant,L11H5,0.8780861770718666,0.0149525606751585,0.0150311893903653,0.0919300728626094
nonrelevant,L11H6,0.866986423441841,0.0114928972060596,0.0130654715101955,0.1084552078419038
nonrelevant,L11H7,0.9588509723751114,0.0057005818524925,0.009251978822666,0.02619646694973
nonrelevant,L11H8,0.8958038475651308,0.0179535566388845,0.0224222886198039,0.0638203071761807
nonrelevant,L11H9,0.8509068511820517,0.0080725480945641,0.0276248886093201,0.113395712114064
nonrelevant,L11H10,0.793992766158201,0.0073648896577029,0.0271662211039471,0.1714761230801488
nonrelevant,L11H11,0.685550663102165,0.0036169208995125,0.0250694553650993,0.2857629606332232
