relevance_group,head_label,rank,paired_rate_difference,reference_mu_fold_mean,reference_sigma_fold_mean,frac_attack_above_control,mean_control_similarity,mean_attack_similarity
relevant,L9H5,1,-0.0143257099225539,0.4411116393988862,0.17594179052894493,0.3400719921463113,0.43632377692222124,0.4273320491056617
relevant,L11H10,2,-0.0115260153437806,0.19845062417237788,0.1831347248011637,0.6517470821364942,0.19433986040470091,0.205792446697458
relevant,L10H2,3,-0.0105624840926444,0.5698274197569265,0.23582915032527704,0.657582809148093,0.565424918966741,0.5783202464849925
relevant,L10H3,4,-0.0103988655783005,0.36590039037104016,0.1574413559532127,0.44940551939788387,0.3616209922096369,0.36139338380676167
relevant,L9H1,5,-0.0081263862124131,0.4823506293725785,0.11346104638540118,0.532560084354434,0.4811986532211032,0.4801184101747936
relevant,L11H11,6,-0.0081082063774861,0.7674459273878382,0.25006672738260743,0.606824710031633,0.7608543738501764,0.7715746483720898
nonrelevant,L10H2,1,-0.0238638150652618,0.5698274197569265,0.23582915032527704,0.7461734025266027,0.3821493591553782,0.40403567722448
nonrelevant,L11H11,2,-0.0214525344655868,0.7674459273878382,0.25006672738260743,0.6891020600723384,0.4995970305786937,0.527300445637778
nonrelevant,L11H10,3,-0.0198013314462441,0.19845062417237788,0.1831347248011637,0.7005687477066624,0.07079361904381279,0.0900021642709517
nonrelevant,L10H3,4,-0.0196702835875661,0.36590039037104016,0.1574413559532127,0.48373696073806155,0.348564790500476,0.3492271105067506
nonrelevant,L11H9,5,-0.0195523405147559,0.21180830009643242,0.21912523882418164,0.700529433349059,0.02775047260988771,0.046394902547679286
nonrelevant,L11H1,6,-0.0172458982020233,0.375255490251129,0.17236309830623112,0.710305603606437,0.2851359530266991,0.2996948983989179
