qid,docid,rank,bm25_score,original_score,control_score,attack_score,control_delta_vs_original,attack_delta_vs_control,attack_delta_vs_original
1103812,3202701,900,12.541065,-12.88609504699707,-12.990596771240234,-12.950631141662598,-0.10450172424316406,0.03996562957763672,-0.06453609466552734
527433,199249,296,20.958233,-13.010591506958008,-13.032569885253906,-13.11611270904541,-0.021978378295898438,-0.0835428237915039,-0.10552120208740234
148538,963821,639,16.673933,-10.899344444274902,-10.975976943969727,-10.95872974395752,-0.07663249969482422,0.01724720001220703,-0.05938529968261719
264014,5328095,19,23.129852,4.954717636108398,4.882872581481934,4.861391067504883,-0.07184505462646484,-0.02148151397705078,-0.09332656860351562
131843,8073461,44,6.3777733,-13.685620307922363,-13.677931785583496,-13.566625595092773,0.0076885223388671875,0.11130619049072266,0.11899471282958984
451602,8294680,628,12.772134,-11.517167091369629,-11.406044006347656,-11.767244338989258,0.11112308502197266,-0.36120033264160156,-0.2500772476196289
168216,3908778,144,24.050869,0.782355546951294,0.8540294170379639,0.48517388105392456,0.07167387008666992,-0.3688555359840393,-0.2971816658973694
130510,8614562,717,10.578865,-12.98244857788086,-13.013988494873047,-13.05610466003418,-0.0315399169921875,-0.04211616516113281,-0.07365608215332031
1112341,4560142,736,11.507101,-14.439285278320312,-14.411346435546875,-14.335278511047363,0.0279388427734375,0.07606792449951172,0.10400676727294922
1133167,2750180,697,10.607595,-11.038500785827637,-10.96908950805664,-11.33076286315918,0.0694112777709961,-0.36167335510253906,-0.29226207733154297
1129237,2913079,693,13.030432,-5.938738822937012,-6.008721351623535,-6.844790458679199,-0.06998252868652344,-0.8360691070556641,-0.9060516357421875
87452,6073899,646,11.124613,-12.017468452453613,-12.192546844482422,-12.313447952270508,-0.1750783920288086,-0.12090110778808594,-0.29597949981689453
156493,911794,82,15.650091,-5.877462387084961,-5.7475128173828125,-6.287315368652344,0.12994956970214844,-0.5398025512695312,-0.4098529815673828
148538,5427174,952,15.420052,-8.756421089172363,-8.840087890625,-9.26990032196045,-0.08366680145263672,-0.4298124313354492,-0.5134792327880859
130510,984907,140,12.764076,-13.279563903808594,-13.239265441894531,-13.46696662902832,0.0402984619140625,-0.22770118713378906,-0.18740272521972656
451602,7265404,328,14.074535,-10.894426345825195,-10.778253555297852,-11.066267013549805,0.11617279052734375,-0.2880134582519531,-0.17184066772460938
183378,2710646,247,12.411176,-12.091257095336914,-12.025798797607422,-11.921631813049316,0.06545829772949219,0.10416698455810547,0.16962528228759766
1114819,8024890,113,19.147913,2.313046455383301,2.3820295333862305,2.378354549407959,0.06898307800292969,-0.0036749839782714844,0.0653080940246582
182539,4321079,448,10.296672,-13.416654586791992,-13.447092056274414,-13.584380149841309,-0.030437469482421875,-0.13728809356689453,-0.1677255630493164
148538,8233886,739,16.271252,-11.868668556213379,-11.923786163330078,-12.053017616271973,-0.05511760711669922,-0.12923145294189453,-0.18434906005859375
1113437,3422862,776,10.440643,-7.403278350830078,-7.199016571044922,-6.184810638427734,0.20426177978515625,1.0142059326171875,1.2184677124023438
1106007,2677529,31,12.954882,-10.445399284362793,-10.222832679748535,-9.97843074798584,0.2225666046142578,0.2444019317626953,0.4669685363769531
1112341,5101872,708,11.577221,-11.661656379699707,-11.71284294128418,-11.753606796264648,-0.051186561584472656,-0.04076385498046875,-0.0919504165649414
87452,5105199,488,11.571701,-10.456750869750977,-10.575284957885742,-10.804424285888672,-0.11853408813476562,-0.2291393280029297,-0.3476734161376953
451602,1530197,446,13.279856,-12.889481544494629,-12.849925994873047,-12.552692413330078,0.03955554962158203,0.29723358154296875,0.3367891311645508
833860,7503777,434,11.057965,-13.48897933959961,-13.581159591674805,-13.626852035522461,-0.09218025207519531,-0.04569244384765625,-0.13787269592285156
1129237,4373435,613,13.17106,-11.293925285339355,-11.274415016174316,-11.521661758422852,0.019510269165039062,-0.24724674224853516,-0.2277364730834961
264014,4664190,226,15.311792,-5.688996315002441,-5.7279462814331055,-7.219305038452148,-0.03894996643066406,-1.491358757019043,-1.530308723449707
1110199,6697302,425,11.980958,-12.327913284301758,-12.392608642578125,-12.257162094116211,-0.06469535827636719,0.13544654846191406,0.07075119018554688
962179,2466207,463,12.762965,-14.284775733947754,-14.31313705444336,-14.276957511901855,-0.02836132049560547,0.036179542541503906,0.007818222045898438
87452,1395628,691,11.026999,-11.542174339294434,-11.726465225219727,-11.794377326965332,-0.18429088592529297,-0.06791210174560547,-0.25220298767089844
1124210,5890091,293,5.1831274,-13.489723205566406,-13.54236125946045,-13.707906723022461,-0.05263805389404297,-0.16554546356201172,-0.2181835174560547
264014,1944238,205,15.554399,-12.824013710021973,-12.940954208374023,-13.014775276184082,-0.11694049835205078,-0.0738210678100586,-0.19076156616210938
962179,6385544,189,15.641305,-11.927485466003418,-11.952784538269043,-11.998713493347168,-0.025299072265625,-0.045928955078125,-0.07122802734375
451602,7510025,110,16.682806,-12.12002182006836,-11.917834281921387,-12.354146003723145,0.20218753814697266,-0.4363117218017578,-0.23412418365478516
1124210,4535489,54,12.477813,-7.775970458984375,-7.498278617858887,-7.677453994750977,0.2776918411254883,-0.17917537689208984,0.09851646423339844
130510,4237523,698,10.592752,-10.601937294006348,-10.631834983825684,-10.921822547912598,-0.029897689819335938,-0.28998756408691406,-0.31988525390625
130510,2346969,78,14.301141,-12.759841918945312,-12.80510425567627,-13.013097763061523,-0.04526233673095703,-0.2079935073852539,-0.25325584411621094
573724,2620791,893,10.831446,-10.9296293258667,-11.035884857177734,-11.749963760375977,-0.10625553131103516,-0.7140789031982422,-0.8203344345092773
130510,4237516,338,11.155177,-11.127198219299316,-10.931394577026367,-11.745943069458008,0.19580364227294922,-0.8145484924316406,-0.6187448501586914
1114646,517148,521,8.090152,-12.660665512084961,-12.690316200256348,-12.556285858154297,-0.02965068817138672,0.13403034210205078,0.10437965393066406
1124210,6428870,536,5.074358,-14.345673561096191,-14.315276145935059,-14.417253494262695,0.030397415161132812,-0.10197734832763672,-0.0715799331665039
182539,3389569,560,10.124404,-12.387606620788574,-12.382915496826172,-12.400994300842285,0.004691123962402344,-0.01807880401611328,-0.013387680053710938
1121402,752294,330,12.606409,-12.219437599182129,-12.150518417358398,-12.155130386352539,0.06891918182373047,-0.004611968994140625,0.06430721282958984
156493,3553290,847,9.346702,-12.017507553100586,-12.094408988952637,-12.068697929382324,-0.07690143585205078,0.0257110595703125,-0.05119037628173828
47923,1496426,103,26.474058,-1.2015044689178467,-1.2188453674316406,-1.3390828371047974,-0.017340898513793945,-0.12023746967315674,-0.13757836818695068
1112341,7880070,137,13.435623,-11.71304702758789,-11.655739784240723,-11.75754451751709,0.05730724334716797,-0.10180473327636719,-0.04449748992919922
1117099,4131487,180,10.714578,-12.904204368591309,-12.88919448852539,-12.93499755859375,0.015009880065917969,-0.045803070068359375,-0.030793190002441406
573724,1600621,802,10.933676,-13.169294357299805,-13.155735969543457,-13.528511047363281,0.013558387756347656,-0.3727750778198242,-0.35921669006347656
1133167,3023125,164,13.65869,1.6930779218673706,1.678368330001831,1.4578460454940796,-0.01470959186553955,-0.22052228450775146,-0.23523187637329102
1113437,5591642,173,12.442821,-10.350876808166504,-10.1712646484375,-9.20439338684082,0.1796121597290039,0.9668712615966797,1.1464834213256836
104861,2916631,208,19.007568,0.30693691968917847,0.3065893054008484,0.09421119093894958,-0.0003476142883300781,-0.2123781144618988,-0.21272572875022888
1103812,1900485,193,15.647653,-12.207409858703613,-12.26389217376709,-12.42772102355957,-0.05648231506347656,-0.16382884979248047,-0.22031116485595703
915593,3191294,530,13.924497,-14.303535461425781,-14.259971618652344,-14.323001861572266,0.0435638427734375,-0.06303024291992188,-0.019466400146484375
1114646,8233327,695,8.017348,-9.918867111206055,-9.722990036010742,-9.79157829284668,0.1958770751953125,-0.0685882568359375,0.127288818359375
19335,6902387,832,10.450421,-9.739553451538086,-9.411613464355469,-9.098586082458496,0.3279399871826172,0.31302738189697266,0.6409673690795898
1037798,6816049,601,10.680016,-13.397073745727539,-13.41348934173584,-13.476682662963867,-0.01641559600830078,-0.06319332122802734,-0.07960891723632812
1063750,2047790,558,7.104919,-13.885109901428223,-13.90201187133789,-13.827417373657227,-0.01690196990966797,0.07459449768066406,0.057692527770996094
1115776,8106321,3,23.334087,5.882790565490723,5.847393035888672,5.898797035217285,-0.03539752960205078,0.05140399932861328,0.0160064697265625
451602,7205049,935,11.468267,-13.069307327270508,-13.092508316040039,-13.096923828125,-0.02320098876953125,-0.0044155120849609375,-0.027616500854492188
264014,3338820,960,12.362787,-9.141283988952637,-9.560474395751953,-9.874406814575195,-0.4191904067993164,-0.3139324188232422,-0.7331228256225586
1133167,1883273,229,12.570255,4.390753746032715,4.396087646484375,4.3062334060668945,0.005333900451660156,-0.08985424041748047,-0.08452033996582031
183378,1726139,256,12.278717,-12.829028129577637,-12.940317153930664,-12.975301742553711,-0.11128902435302734,-0.034984588623046875,-0.14627361297607422
130510,657854,619,10.729883,-13.058401107788086,-13.153091430664062,-13.155834197998047,-0.09469032287597656,-0.002742767333984375,-0.09743309020996094
573724,4214949,906,10.812185,-13.184929847717285,-13.269327163696289,-13.407150268554688,-0.0843973159790039,-0.13782310485839844,-0.22222042083740234
264014,8743598,212,15.447804,-14.400494575500488,-14.474881172180176,-14.548820495605469,-0.0743865966796875,-0.07393932342529297,-0.14832592010498047
833860,3899039,709,10.313726,-11.732362747192383,-11.90479850769043,-11.749425888061523,-0.17243576049804688,0.15537261962890625,-0.017063140869140625
1103812,3263389,655,13.189533,-13.002883911132812,-12.99932861328125,-13.184244155883789,0.0035552978515625,-0.18491554260253906,-0.18136024475097656
1114646,694735,904,7.9281664,-12.480547904968262,-12.385608673095703,-12.570900917053223,0.0949392318725586,-0.18529224395751953,-0.09035301208496094
962179,6453576,659,11.396079,-13.11130142211914,-13.127728462219238,-13.32142448425293,-0.016427040100097656,-0.1936960220336914,-0.21012306213378906
573724,855581,255,12.489098,-7.341453552246094,-7.152627944946289,-8.086587905883789,0.1888256072998047,-0.9339599609375,-0.7451343536376953
1114646,7860673,278,8.537256,-13.528697967529297,-13.497699737548828,-13.536543846130371,0.03099822998046875,-0.03884410858154297,-0.007845878601074219
1106007,701605,730,9.70794,1.9255863428115845,1.92311692237854,1.8127490282058716,-0.0024694204330444336,-0.11036789417266846,-0.11283731460571289
1121402,5662145,491,11.925969,-12.805551528930664,-12.769493103027344,-12.770040512084961,0.03605842590332031,-0.0005474090576171875,0.035511016845703125
1063750,7167862,679,6.9669185,-14.12630558013916,-14.124588966369629,-14.126808166503906,0.00171661376953125,-0.0022192001342773438,-0.0005025863647460938
182539,6456269,915,9.73769,-13.548086166381836,-13.539957046508789,-13.392044067382812,0.008129119873046875,0.14791297912597656,0.15604209899902344
1103812,8061351,608,13.336379,-12.687145233154297,-12.696489334106445,-12.695150375366211,-0.009344100952148438,0.001338958740234375,-0.008005142211914062
359349,943237,215,13.779505,-7.861448287963867,-7.7725324630737305,-7.993896484375,0.08891582489013672,-0.22136402130126953,-0.1324481964111328
1112341,8139256,0,19.933193,6.284564018249512,6.13975715637207,5.769248962402344,-0.1448068618774414,-0.37050819396972656,-0.515315055847168
131843,8117361,38,6.395875,-12.509151458740234,-12.514847755432129,-12.712471008300781,-0.005696296691894531,-0.19762325286865234,-0.20331954956054688
962179,1977581,708,11.026705,-13.082783699035645,-13.073299407958984,-13.321399688720703,0.009484291076660156,-0.24810028076171875,-0.2386159896850586
47923,4321228,289,20.3017,-3.108569383621216,-3.114936590194702,-2.989293336868286,-0.006367206573486328,0.12564325332641602,0.11927604675292969
573724,2411753,862,10.861078,-13.443438529968262,-13.500175476074219,-13.486330032348633,-0.05673694610595703,0.013845443725585938,-0.042891502380371094
1121402,713545,686,11.1232,-11.828500747680664,-11.912514686584473,-12.024238586425781,-0.0840139389038086,-0.1117238998413086,-0.1957378387451172
1103812,7236952,938,12.427976,-10.650601387023926,-10.658514022827148,-10.838940620422363,-0.007912635803222656,-0.18042659759521484,-0.1883392333984375
1113437,394232,495,11.213125,-13.279036521911621,-13.228859901428223,-13.241344451904297,0.05017662048339844,-0.012484550476074219,0.03769207000732422
451602,5179247,392,13.543926,-1.6871229410171509,-1.025683879852295,-1.9384236335754395,0.661439061164856,-0.9127397537231445,-0.2513006925582886
490595,4763067,247,12.892493,-7.738870620727539,-7.8849334716796875,-4.368452548980713,-0.14606285095214844,3.5164809226989746,3.370418071746826
1115776,1731598,665,10.783049,-14.4042387008667,-14.413508415222168,-14.543153762817383,-0.00926971435546875,-0.12964534759521484,-0.1389150619506836
183378,2089154,10,16.145292,-10.180929183959961,-10.039924621582031,-10.061967849731445,0.1410045623779297,-0.022043228149414062,0.11896133422851562
156493,662453,103,14.747868,-9.848250389099121,-9.726730346679688,-10.203734397888184,0.1215200424194336,-0.4770040512084961,-0.3554840087890625
207786,4797717,668,11.504531,-13.329049110412598,-13.446929931640625,-13.475030899047852,-0.11788082122802734,-0.028100967407226562,-0.1459817886352539
405717,5423486,285,13.811706,-11.894330024719238,-11.908517837524414,-12.162899017333984,-0.014187812805175781,-0.2543811798095703,-0.2685689926147461
1121402,4494916,541,11.734371,-11.213769912719727,-11.226517677307129,-11.386987686157227,-0.012747764587402344,-0.16047000885009766,-0.1732177734375
1063750,1544288,337,9.48503,-13.176243782043457,-13.179428100585938,-13.193445205688477,-0.0031843185424804688,-0.014017105102539062,-0.01720142364501953
1106007,5434099,826,9.081608,-8.385608673095703,-7.840906143188477,-7.840457916259766,0.5447025299072266,0.0004482269287109375,0.5451507568359375
19335,920919,165,13.087749,-11.349761009216309,-11.317647933959961,-11.425455093383789,0.032113075256347656,-0.10780715942382812,-0.07569408416748047
207786,4695810,617,11.575983,-12.715545654296875,-12.7015380859375,-12.801334381103516,0.014007568359375,-0.09979629516601562,-0.08578872680664062
1106007,3427765,934,8.822919,-10.354832649230957,-10.03892707824707,-9.27267837524414,0.3159055709838867,0.7662487030029297,1.0821542739868164
489204,5672789,712,15.791247,-12.556899070739746,-12.63239574432373,-12.809321403503418,-0.07549667358398438,-0.1769256591796875,-0.2524223327636719
1121709,1615539,923,7.0736384,-13.081988334655762,-12.966346740722656,-13.15848445892334,0.11564159393310547,-0.1921377182006836,-0.07649612426757812
47923,2699736,66,28.26968,0.668495237827301,0.5931279063224792,0.6844531297683716,-0.07536733150482178,0.09132522344589233,0.015957891941070557
168216,4721487,363,15.408016,1.0193852186203003,1.0543016195297241,1.1209924221038818,0.03491640090942383,0.06669080257415771,0.10160720348358154
1121402,1679029,354,12.493964,-12.960789680480957,-13.061295509338379,-13.190298080444336,-0.10050582885742188,-0.12900257110595703,-0.2295083999633789
168216,6012597,150,22.81174,-5.410223007202148,-5.51947021484375,-5.699220657348633,-0.10924720764160156,-0.1797504425048828,-0.2889976501464844
131843,2010398,157,6.2190614,-13.269683837890625,-13.235130310058594,-13.146011352539062,0.03455352783203125,0.08911895751953125,0.1236724853515625
1113437,1077734,784,10.413839,-13.657608985900879,-13.634157180786133,-13.651403427124023,0.023451805114746094,-0.017246246337890625,0.006205558776855469
1112341,3500308,317,12.435386,-13.38144588470459,-13.436197280883789,-13.386783599853516,-0.05475139617919922,0.04941368103027344,-0.005337715148925781
1121402,4305985,214,13.222351,-12.902853012084961,-12.882396697998047,-12.953194618225098,0.020456314086914062,-0.07079792022705078,-0.05034160614013672
1129237,5705770,306,14.20909,-13.270512580871582,-13.304710388183594,-13.487273216247559,-0.03419780731201172,-0.18256282806396484,-0.21676063537597656
87181,8683185,72,25.505121,2.8610177040100098,2.8286170959472656,2.8417396545410156,-0.03240060806274414,0.01312255859375,-0.01927804946899414
1129237,7318640,237,15.013868,-11.967876434326172,-12.28036880493164,-12.565393447875977,-0.31249237060546875,-0.28502464294433594,-0.5975170135498047
405717,2763781,170,16.787706,-12.030393600463867,-12.120305061340332,-12.247735977172852,-0.08991146087646484,-0.12743091583251953,-0.21734237670898438
1114646,1140119,718,7.999352,-12.516290664672852,-12.540848731994629,-12.578327178955078,-0.024558067321777344,-0.03747844696044922,-0.06203651428222656
451602,2193547,373,13.61821,-11.749421119689941,-11.742573738098145,-12.13327407836914,0.006847381591796875,-0.3907003402709961,-0.3838529586791992
168216,7337513,65,34.490395,3.0825140476226807,3.0673828125,2.818105697631836,-0.015131235122680664,-0.24927711486816406,-0.2644083499908447
1114819,7070941,387,16.191067,-8.704730033874512,-9.340230941772461,-8.81795883178711,-0.6355009078979492,0.5222721099853516,-0.11322879791259766
489204,376300,338,17.16542,-11.065855026245117,-10.996383666992188,-11.367770195007324,0.06947135925292969,-0.3713865280151367,-0.30191516876220703
1133167,8666998,957,10.282276,-13.05795955657959,-13.0565767288208,-13.107064247131348,0.0013828277587890625,-0.050487518310546875,-0.04910469055175781
1115776,7338709,87,13.925838,-12.1640625,-12.196608543395996,-12.32956314086914,-0.032546043395996094,-0.13295459747314453,-0.16550064086914062
527433,6851470,185,22.813656,-8.098737716674805,-8.02757453918457,-8.449031829833984,0.07116317749023438,-0.42145729064941406,-0.3502941131591797
962179,1006866,16,21.425583,-12.785378456115723,-12.879155158996582,-12.915576934814453,-0.09377670288085938,-0.036421775817871094,-0.13019847869873047
1103812,1241994,115,16.463041,-12.459680557250977,-12.494178771972656,-12.553342819213867,-0.03449821472167969,-0.05916404724121094,-0.09366226196289062
962179,2329701,484,12.621487,-0.13078105449676514,-0.3163280487060547,-2.1513757705688477,-0.18554699420928955,-1.835047721862793,-2.0205947160720825
87452,7588885,661,11.099526,-12.923681259155273,-12.991537094116211,-12.953645706176758,-0.0678558349609375,0.037891387939453125,-0.029964447021484375
182539,6135907,81,13.402989,-6.10951042175293,-5.0693464279174805,-4.461382865905762,1.0401639938354492,0.6079635620117188,1.648127555847168
1063750,3215156,163,10.546848,-12.540364265441895,-12.517061233520508,-12.571283340454102,0.02330303192138672,-0.05422210693359375,-0.03091907501220703
1121709,4563680,211,7.281375,-12.840296745300293,-12.794463157653809,-13.112195014953613,0.045833587646484375,-0.3177318572998047,-0.2718982696533203
1121709,3928432,4,7.563415,-13.061090469360352,-13.075397491455078,-13.048377990722656,-0.014307022094726562,0.027019500732421875,0.012712478637695312
182539,2909961,47,15.25037,1.6886886358261108,1.7372405529022217,1.6703386306762695,0.04855191707611084,-0.06690192222595215,-0.01835000514984131
47923,4101628,669,15.926794,-10.731600761413574,-10.754941940307617,-10.680595397949219,-0.02334117889404297,0.07434654235839844,0.05100536346435547
146187,914590,671,8.475226,-13.11408805847168,-13.15526008605957,-13.123865127563477,-0.041172027587890625,0.03139495849609375,-0.009777069091796875
131843,2156287,471,5.950825,-13.119562149047852,-13.193775177001953,-13.140893936157227,-0.07421302795410156,0.05288124084472656,-0.021331787109375
1113437,3687620,251,12.007283,-2.754739761352539,-2.866879463195801,-1.928939938545227,-0.11213970184326172,0.9379395246505737,0.825799822807312
1110199,8204555,752,11.638423,-13.551385879516602,-13.603412628173828,-13.522747039794922,-0.05202674865722656,0.08066558837890625,0.028638839721679688
527433,4351174,507,19.066593,-8.18037223815918,-8.092422485351562,-8.508722305297852,0.08794975280761719,-0.41629981994628906,-0.3283500671386719
1112341,5497168,185,13.008745,-13.459630966186523,-13.505112648010254,-13.53812026977539,-0.04548168182373047,-0.03300762176513672,-0.07848930358886719
1121402,7533263,481,11.954673,-11.96977424621582,-11.913436889648438,-12.314031600952148,0.05633735656738281,-0.40059471130371094,-0.3442573547363281
1124210,7198254,288,5.1853485,-14.366067886352539,-14.362076759338379,-14.512192726135254,0.003991127014160156,-0.150115966796875,-0.14612483978271484
527433,5555556,310,20.864143,-12.865278244018555,-12.899767875671387,-13.118278503417969,-0.03448963165283203,-0.21851062774658203,-0.25300025939941406
104861,6653675,229,18.782513,1.508549690246582,1.6046457290649414,1.3433576822280884,0.09609603881835938,-0.261288046836853,-0.16519200801849365
87181,6877675,487,15.231361,-12.555875778198242,-12.563021659851074,-12.753315925598145,-0.007145881652832031,-0.1902942657470703,-0.19744014739990234
962179,7733807,365,14.437526,1.8960490226745605,2.053847074508667,1.581998586654663,0.15779805183410645,-0.4718484878540039,-0.31405043601989746
833860,8784403,730,10.267051,-11.961020469665527,-11.984414100646973,-11.967964172363281,-0.023393630981445312,0.016449928283691406,-0.006943702697753906
1110199,6811355,212,12.505322,-12.677445411682129,-12.796634674072266,-12.310367584228516,-0.11918926239013672,0.48626708984375,0.3670778274536133
1121402,1270545,256,12.963505,-12.469367027282715,-12.448189735412598,-12.66421890258789,0.021177291870117188,-0.21602916717529297,-0.19485187530517578
489204,2627263,801,15.577747,-6.61491584777832,-6.587641716003418,-6.409360885620117,0.027274131774902344,0.17828083038330078,0.20555496215820312
359349,8588957,708,8.808411,-10.183314323425293,-10.099475860595703,-10.151662826538086,0.08383846282958984,-0.05218696594238281,0.03165149688720703
1114819,1753931,266,17.018803,-8.643903732299805,-8.524954795837402,-8.55092716217041,0.11894893646240234,-0.025972366333007812,0.09297657012939453
130510,7501229,973,10.308576,-13.111625671386719,-13.095850944519043,-13.19818115234375,0.01577472686767578,-0.10233020782470703,-0.08655548095703125
915593,3909995,974,12.888727,-14.737665176391602,-14.749841690063477,-14.798511505126953,-0.012176513671875,-0.04866981506347656,-0.06084632873535156
104861,6431456,553,16.446999,-14.461901664733887,-14.494573593139648,-14.521507263183594,-0.03267192840576172,-0.026933670043945312,-0.05960559844970703
1103812,4065636,869,12.642566,-12.451187133789062,-12.49327278137207,-12.673135757446289,-0.04208564758300781,-0.17986297607421875,-0.22194862365722656
1114819,8125457,265,17.036001,-11.117536544799805,-11.214010238647461,-11.229597091674805,-0.09647369384765625,-0.01558685302734375,-0.112060546875
182539,6027620,904,9.752242,-12.568512916564941,-12.518756866455078,-12.6043701171875,0.04975605010986328,-0.08561325073242188,-0.035857200622558594
1106007,920778,35,12.8676,-10.025567054748535,-10.143993377685547,-9.847609519958496,-0.11842632293701172,0.2963838577270508,0.17795753479003906
573724,5733026,499,11.4357605,-13.597697257995605,-13.576934814453125,-13.716904640197754,0.02076244354248047,-0.1399698257446289,-0.11920738220214844
962179,385798,587,11.702361,-13.258676528930664,-13.34759521484375,-13.357999801635742,-0.08891868591308594,-0.010404586791992188,-0.09932327270507812
1112341,1298425,343,12.361183,-13.433674812316895,-13.457073211669922,-13.527999877929688,-0.023398399353027344,-0.07092666625976562,-0.09432506561279297
146187,1712717,752,8.260353,-14.105510711669922,-14.088106155395508,-13.979555130004883,0.017404556274414062,0.108551025390625,0.12595558166503906
1110199,5716613,37,17.628834,-11.599433898925781,-11.544301986694336,-11.319622039794922,0.05513191223144531,0.22467994689941406,0.2798118591308594
182539,5660639,247,10.659423,-13.261500358581543,-13.267095565795898,-13.3021821975708,-0.005595207214355469,-0.035086631774902344,-0.04068183898925781
490595,8817806,238,12.972154,-9.427611351013184,-9.405402183532715,-9.496011734008789,0.02220916748046875,-0.09060955047607422,-0.06840038299560547
489204,8737053,16,21.768944,-2.0225119590759277,-2.5951099395751953,-3.1264238357543945,-0.5725979804992676,-0.5313138961791992,-1.1039118766784668
148538,1380689,276,19.867783,-10.910112380981445,-10.918854713439941,-11.123163223266602,-0.008742332458496094,-0.20430850982666016,-0.21305084228515625
527433,6667277,331,20.678474,-8.305022239685059,-8.33635425567627,-8.70390510559082,-0.03133201599121094,-0.3675508499145508,-0.3988828659057617
1114646,4262064,783,7.981436,-12.459392547607422,-12.40620231628418,-12.457441329956055,0.05319023132324219,-0.051239013671875,0.0019512176513671875
207786,5170147,148,14.608176,-9.043804168701172,-9.262107849121094,-9.979544639587402,-0.21830368041992188,-0.7174367904663086,-0.9357404708862305
183378,3419080,692,10.377014,-13.299628257751465,-13.34802532196045,-13.343095779418945,-0.048397064208984375,0.004929542541503906,-0.04346752166748047
1115776,6934017,796,10.656535,-14.235848426818848,-14.265708923339844,-14.31045913696289,-0.029860496520996094,-0.044750213623046875,-0.07461071014404297
183378,1144949,785,10.2413435,-13.247787475585938,-13.243188858032227,-13.2037353515625,0.0045986175537109375,0.03945350646972656,0.0440521240234375
19335,3639687,177,13.014817,-12.415265083312988,-12.487765312194824,-12.572249412536621,-0.07250022888183594,-0.08448410034179688,-0.1569843292236328
1133167,7007417,161,13.814375,2.5672919750213623,2.444263458251953,2.347123622894287,-0.12302851676940918,-0.09713983535766602,-0.2201683521270752
1133167,3283705,613,10.827826,-13.24686050415039,-13.307792663574219,-13.295329093933105,-0.060932159423828125,0.012463569641113281,-0.048468589782714844
443396,7320336,844,10.060294,-13.079733848571777,-13.038901329040527,-13.121843338012695,0.04083251953125,-0.08294200897216797,-0.04210948944091797
1063750,4968670,535,7.134154,-13.832356452941895,-13.84440803527832,-13.767568588256836,-0.012051582336425781,0.07683944702148438,0.0647878646850586
146187,6460100,906,8.038353,-12.822891235351562,-12.872621536254883,-12.922279357910156,-0.04973030090332031,-0.04965782165527344,-0.09938812255859375
1117099,6502652,241,10.560183,-11.444528579711914,-11.359893798828125,-11.506795883178711,0.08463478088378906,-0.14690208435058594,-0.062267303466796875
1117099,6575982,414,10.222051,-12.439199447631836,-12.531366348266602,-12.552957534790039,-0.09216690063476562,-0.0215911865234375,-0.11375808715820312
443396,1659640,143,11.608892,-12.679612159729004,-12.562886238098145,-12.756500244140625,0.11672592163085938,-0.19361400604248047,-0.0768880844116211
1113437,657405,26,14.136788,-11.978199005126953,-11.868597030639648,-11.388391494750977,0.10960197448730469,0.4802055358886719,0.5898075103759766
962179,4226480,821,10.52386,-14.155449867248535,-14.186202049255371,-14.146772384643555,-0.030752182006835938,0.039429664611816406,0.008677482604980469
1121402,934389,365,12.457192,-13.54537582397461,-13.587379455566406,-13.754681587219238,-0.042003631591796875,-0.16730213165283203,-0.2093057632446289
146187,6799860,576,9.119707,-11.543410301208496,-11.562653541564941,-11.626989364624023,-0.019243240356445312,-0.06433582305908203,-0.08357906341552734
182539,57452,748,9.892684,-5.456199645996094,-5.064397811889648,-6.030845642089844,0.3918018341064453,-0.9664478302001953,-0.57464599609375
87452,4880166,725,10.973833,-13.876608848571777,-13.867073059082031,-13.925970077514648,0.009535789489746094,-0.05889701843261719,-0.049361228942871094
1106007,1376784,880,8.918182,-10.44421672821045,-10.463142395019531,-10.624985694885254,-0.01892566680908203,-0.16184329986572266,-0.1807689666748047
1112341,7341994,338,12.374594,-12.952574729919434,-12.922992706298828,-12.90959358215332,0.02958202362060547,0.013399124145507812,0.04298114776611328
1106007,1334334,182,11.612773,3.3452200889587402,3.2694735527038574,3.044102430343628,-0.07574653625488281,-0.2253711223602295,-0.3011176586151123
207786,2621350,423,11.925146,-12.040603637695312,-12.24619197845459,-12.6321382522583,-0.20558834075927734,-0.38594627380371094,-0.5915346145629883
405717,2125644,143,17.504095,-11.291960716247559,-11.31163215637207,-11.491302490234375,-0.01967144012451172,-0.1796703338623047,-0.1993417739868164
573724,7083553,467,11.491463,-14.14464282989502,-14.152266502380371,-14.145771026611328,-0.0076236724853515625,0.006495475769042969,-0.0011281967163085938
87181,8179310,706,13.983838,-12.713846206665039,-12.786027908325195,-12.956619262695312,-0.07218170166015625,-0.1705913543701172,-0.24277305603027344
1114819,940155,914,12.049194,-13.483495712280273,-13.627264022827148,-13.43421745300293,-0.143768310546875,0.19304656982421875,0.04927825927734375
833860,7588213,583,10.682292,-13.799793243408203,-13.892667770385742,-13.839739799499512,-0.09287452697753906,0.05292797088623047,-0.039946556091308594
527433,5797469,930,16.03386,-11.32663631439209,-11.343509674072266,-11.741140365600586,-0.01687335968017578,-0.3976306915283203,-0.4145040512084961
131843,2790713,241,6.10097,-12.870462417602539,-12.926248550415039,-12.918339729309082,-0.0557861328125,0.007908821105957031,-0.04787731170654297
451602,2076793,725,12.2479105,-9.879598617553711,-9.907859802246094,-10.247322082519531,-0.028261184692382812,-0.3394622802734375,-0.3677234649658203
1063750,1936916,196,10.365538,-5.287432670593262,-5.123878479003906,-6.034679412841797,0.16355419158935547,-0.9108009338378906,-0.7472467422485352
1124210,3156846,151,5.3512144,-14.203010559082031,-14.133161544799805,-14.093265533447266,0.06984901428222656,0.03989601135253906,0.10974502563476562
148538,2029716,378,18.808731,-9.946868896484375,-9.920228958129883,-10.370283126831055,0.026639938354492188,-0.4500541687011719,-0.4234142303466797
1129237,6106530,550,13.315198,-8.37270736694336,-8.528162002563477,-8.905132293701172,-0.1554546356201172,-0.3769702911376953,-0.5324249267578125
1113437,1454809,296,11.767187,-0.7522191405296326,-0.5321778655052185,0.28871065378189087,0.22004127502441406,0.8208885192871094,1.0409297943115234
183378,1765863,80,14.329483,-13.030267715454102,-13.001401901245117,-13.082764625549316,0.028865814208984375,-0.08136272430419922,-0.052496910095214844
1129237,6693888,559,13.304333,-10.952804565429688,-11.138282775878906,-11.544703483581543,-0.18547821044921875,-0.4064207077026367,-0.5918989181518555
451602,843382,432,13.343732,-11.273727416992188,-11.20762825012207,-11.412734985351562,0.06609916687011719,-0.2051067352294922,-0.139007568359375
1110199,2548201,471,11.922593,-13.09539794921875,-13.057975769042969,-13.097994804382324,0.03742218017578125,-0.04001903533935547,-0.0025968551635742188
1063750,4203610,652,6.9911704,-14.031946182250977,-14.050195693969727,-14.002374649047852,-0.01824951171875,0.047821044921875,0.029571533203125
1103812,3769049,354,14.330881,-9.754231452941895,-9.826981544494629,-10.082574844360352,-0.07275009155273438,-0.25559329986572266,-0.32834339141845703
1115776,8318619,858,10.584757,-14.306534767150879,-14.322458267211914,-14.412503242492676,-0.015923500061035156,-0.09004497528076172,-0.10596847534179688
183378,8577215,3,17.099276,0.7717490196228027,0.6955676078796387,0.045679330825805664,-0.07618141174316406,-0.649888277053833,-0.7260696887969971
1063750,2992037,417,8.448417,-10.5582857131958,-10.433191299438477,-10.495256423950195,0.12509441375732422,-0.06206512451171875,0.06302928924560547
156493,2259180,58,16.880983,-1.5359392166137695,-1.2517274618148804,-1.5700745582580566,0.28421175479888916,-0.31834709644317627,-0.03413534164428711
490595,6246501,649,9.958481,2.009005546569824,1.8818094730377197,1.8005871772766113,-0.1271960735321045,-0.0812222957611084,-0.2084183692932129
1063750,1867458,643,6.9956994,-13.962557792663574,-13.955608367919922,-13.986473083496094,0.006949424743652344,-0.030864715576171875,-0.02391529083251953
1114819,3666596,690,13.083695,-12.575698852539062,-12.579263687133789,-12.720388412475586,-0.0035648345947265625,-0.14112472534179688,-0.14468955993652344
183378,6717352,597,10.6608715,-13.653633117675781,-13.639245986938477,-13.683053970336914,0.014387130737304688,-0.0438079833984375,-0.029420852661132812
264014,3202590,245,15.178528,-13.724664688110352,-13.734167098999023,-13.853433609008789,-0.009502410888671875,-0.11926651000976562,-0.1287689208984375
443396,2025125,807,10.094055,-7.128731727600098,-6.713306427001953,-6.172491073608398,0.41542530059814453,0.5408153533935547,0.9562406539916992
451602,5538940,40,18.07765,-10.805912971496582,-10.676525115966797,-11.070108413696289,0.12938785552978516,-0.3935832977294922,-0.26419544219970703
1112341,3642923,334,12.379393,-13.189004898071289,-13.156954765319824,-13.279029846191406,0.032050132751464844,-0.12207508087158203,-0.09002494812011719
1117099,8072932,671,9.931794,-6.152724266052246,-5.788443565368652,-5.7545976638793945,0.36428070068359375,0.03384590148925781,0.39812660217285156
19335,5932273,418,11.604417,-11.928349494934082,-11.861066818237305,-11.952289581298828,0.06728267669677734,-0.09122276306152344,-0.023940086364746094
19335,5288627,757,10.6162815,-12.718177795410156,-12.669559478759766,-12.716796875,0.048618316650390625,-0.047237396240234375,0.00138092041015625
47923,7774319,971,13.497707,-11.913933753967285,-11.953681945800781,-11.92691421508789,-0.039748191833496094,0.026767730712890625,-0.012980461120605469
183378,2158733,925,10.044477,-13.377381324768066,-13.410212516784668,-13.500831604003906,-0.03283119201660156,-0.09061908721923828,-0.12345027923583984
47923,7946829,991,13.384429,-6.219430923461914,-6.243600845336914,-6.345945358276367,-0.024169921875,-0.10234451293945312,-0.12651443481445312
405717,5102019,672,10.048135,-12.855237007141113,-12.88988208770752,-12.988882064819336,-0.03464508056640625,-0.0989999771118164,-0.13364505767822266
1037798,4342918,478,10.863179,-13.77815055847168,-13.732171058654785,-13.78145980834961,0.04597949981689453,-0.04928874969482422,-0.0033092498779296875
130510,8094068,181,12.224499,-6.5482988357543945,-6.440732955932617,-8.1380033493042,0.10756587982177734,-1.697270393371582,-1.5897045135498047
130510,1469462,352,11.115739,-13.771642684936523,-13.691096305847168,-13.793437957763672,0.08054637908935547,-0.1023416519165039,-0.021795272827148438
87181,1201298,244,17.696463,-10.382164001464844,-10.493668556213379,-10.747325897216797,-0.11150455474853516,-0.25365734100341797,-0.3651618957519531
1114646,5809543,214,8.689921,-12.941664695739746,-12.920846939086914,-13.019758224487305,0.02081775665283203,-0.09891128540039062,-0.0780935287475586
87452,3068687,754,10.90054,-12.188004493713379,-12.266707420349121,-12.324501037597656,-0.07870292663574219,-0.057793617248535156,-0.13649654388427734
405717,129439,936,9.577663,-12.306374549865723,-12.310542106628418,-12.379547119140625,-0.0041675567626953125,-0.06900501251220703,-0.07317256927490234
47923,3388872,601,16.477951,-8.244118690490723,-8.43918228149414,-7.954227447509766,-0.19506359100341797,0.484954833984375,0.28989124298095703
1115776,1412767,550,10.922691,-12.42487621307373,-12.40195369720459,-12.450723648071289,0.022922515869140625,-0.04876995086669922,-0.025847434997558594
130510,2191826,449,10.953721,-13.458797454833984,-13.479236602783203,-13.503762245178223,-0.02043914794921875,-0.02452564239501953,-0.04496479034423828
1115776,8126953,972,10.450499,-13.957386016845703,-14.036383628845215,-14.013117790222168,-0.07899761199951172,0.023265838623046875,-0.055731773376464844
405717,5079488,381,12.000305,-12.145180702209473,-12.283432006835938,-12.414350509643555,-0.13825130462646484,-0.1309185028076172,-0.26916980743408203
1124210,4517654,231,5.227795,-13.678055763244629,-13.657831192016602,-13.784575462341309,0.020224571228027344,-0.12674427032470703,-0.10651969909667969
527433,4903733,161,23.18552,-7.464809417724609,-7.464481353759766,-8.174359321594238,0.00032806396484375,-0.7098779678344727,-0.7095499038696289
131843,8746281,290,6.0550694,-13.364851951599121,-13.387296676635742,-13.254030227661133,-0.022444725036621094,0.13326644897460938,0.11082172393798828
1037798,3926208,556,10.754068,-12.731679916381836,-12.659921646118164,-12.573934555053711,0.07175827026367188,0.08598709106445312,0.157745361328125
1037798,6510547,465,10.89082,-13.09261417388916,-13.086834907531738,-13.176621437072754,0.005779266357421875,-0.08978652954101562,-0.08400726318359375
1112341,5497172,141,13.411808,-13.627547264099121,-13.681243896484375,-13.700981140136719,-0.053696632385253906,-0.01973724365234375,-0.07343387603759766
833860,3473841,395,11.237654,-13.590598106384277,-13.756153106689453,-13.788335800170898,-0.16555500030517578,-0.03218269348144531,-0.1977376937866211
168216,4600609,186,20.671146,2.044748067855835,2.0809450149536133,2.0744211673736572,0.03619694709777832,-0.006523847579956055,0.029673099517822266
87452,7304543,643,11.127405,-13.481715202331543,-13.458932876586914,-13.578353881835938,0.022782325744628906,-0.11942100524902344,-0.09663867950439453
1037798,6912814,25,14.423851,-11.510558128356934,-11.881013870239258,-11.954083442687988,-0.3704557418823242,-0.07306957244873047,-0.4435253143310547
264014,528373,249,15.143942,-0.5532867908477783,-0.6028361320495605,-0.8433201313018799,-0.04954934120178223,-0.24048399925231934,-0.29003334045410156
47923,4669069,313,19.894142,-7.861410140991211,-7.828519821166992,-8.176228523254395,0.03289031982421875,-0.34770870208740234,-0.3148183822631836
131843,8074911,366,6.003451,-13.648189544677734,-13.601973533630371,-13.860281944274902,0.04621601104736328,-0.25830841064453125,-0.21209239959716797
1063750,7475232,940,6.824264,-13.837627410888672,-13.954028129577637,-13.941654205322266,-0.11640071868896484,0.012373924255371094,-0.10402679443359375
833860,7548089,36,14.546431,-10.874797821044922,-11.101083755493164,-11.119511604309082,-0.2262859344482422,-0.01842784881591797,-0.24471378326416016
1113437,6597538,61,13.572659,-2.6429038047790527,-2.5280680656433105,-1.1625609397888184,0.11483573913574219,1.3655071258544922,1.4803428649902344
130510,910990,416,10.999079,-9.153566360473633,-9.140957832336426,-9.353068351745605,0.012608528137207031,-0.2121105194091797,-0.19950199127197266
1115776,6919096,315,11.862338,-14.160757064819336,-14.218781471252441,-14.291584968566895,-0.05802440643310547,-0.07280349731445312,-0.1308279037475586
1112341,8700906,422,12.116584,-12.16700553894043,-12.377828598022461,-12.552309036254883,-0.21082305908203125,-0.17448043823242188,-0.3853034973144531
1110199,8335880,967,11.344005,-13.943882942199707,-13.961197853088379,-14.045503616333008,-0.017314910888671875,-0.0843057632446289,-0.10162067413330078
130510,5930009,112,13.499197,-12.415267944335938,-12.553563117980957,-12.701730728149414,-0.13829517364501953,-0.14816761016845703,-0.28646278381347656
183378,7992516,491,11.132107,-12.604889869689941,-12.662729263305664,-12.710390090942383,-0.057839393615722656,-0.04766082763671875,-0.1055002212524414
962179,6219014,899,10.019355,-13.286905288696289,-13.407487869262695,-13.497209548950195,-0.12058258056640625,-0.0897216796875,-0.21030426025390625
405717,7703663,629,10.125849,-13.629120826721191,-13.591289520263672,-13.658947944641113,0.03783130645751953,-0.0676584243774414,-0.029827117919921875
443396,6813278,821,10.092333,-13.427014350891113,-13.444070816040039,-13.465950965881348,-0.01705646514892578,-0.021880149841308594,-0.038936614990234375
443396,1850996,541,10.374592,-11.902247428894043,-11.881227493286133,-11.632725715637207,0.021019935607910156,0.24850177764892578,0.26952171325683594
451602,3090663,8,19.607655,-2.1867451667785645,-2.2309107780456543,-2.31378173828125,-0.044165611267089844,-0.0828709602355957,-0.12703657150268555
405717,6486802,277,13.930151,-13.152827262878418,-13.15693473815918,-13.23107624053955,-0.004107475280761719,-0.0741415023803711,-0.07824897766113281
1115776,6202141,842,10.600709,-14.143238067626953,-14.173933029174805,-14.220677375793457,-0.030694961547851562,-0.046744346618652344,-0.0774393081665039
962179,6740295,789,10.67903,-12.63012981414795,-12.620889663696289,-12.871084213256836,0.009240150451660156,-0.2501945495605469,-0.24095439910888672
573724,8172600,831,10.89749,-13.501202583312988,-13.565260887145996,-13.824073791503906,-0.06405830383300781,-0.25881290435791016,-0.32287120819091797
1110199,4139391,141,13.813837,-13.41366958618164,-13.400899887084961,-13.219354629516602,0.012769699096679688,0.18154525756835938,0.19431495666503906
1121709,5281661,581,7.144444,-13.31008529663086,-13.308553695678711,-13.583069801330566,0.0015316009521484375,-0.27451610565185547,-0.27298450469970703
1121402,6717343,375,12.400867,-12.33601188659668,-12.45901107788086,-12.567424774169922,-0.12299919128417969,-0.1084136962890625,-0.2314128875732422
833860,8731802,814,10.10825,-13.224862098693848,-13.289339065551758,-13.484659194946289,-0.06447696685791016,-0.19532012939453125,-0.2597970962524414
264014,5098723,689,12.944395,-11.95514965057373,-11.987486839294434,-12.069039344787598,-0.032337188720703125,-0.08155250549316406,-0.11388969421386719
87452,804628,717,10.989782,-11.134322166442871,-10.955266952514648,-11.320329666137695,0.17905521392822266,-0.3650627136230469,-0.18600749969482422
1113437,8251065,417,11.399672,-12.628454208374023,-12.513671875,-12.712183952331543,0.11478233337402344,-0.19851207733154297,-0.08372974395751953
443396,6414670,889,10.01328,-12.280524253845215,-12.240123748779297,-12.501880645751953,0.04040050506591797,-0.26175689697265625,-0.22135639190673828
962179,6186348,144,17.452866,-1.408420205116272,-1.1119790077209473,-1.080062985420227,0.2964411973953247,0.031916022300720215,0.3283572196960449
1037798,5720690,445,10.918606,-12.534280776977539,-12.42013168334961,-12.602625846862793,0.11414909362792969,-0.1824941635131836,-0.0683450698852539
104861,7474729,440,17.120972,-14.00667667388916,-13.966907501220703,-14.065755844116211,0.03976917266845703,-0.09884834289550781,-0.05907917022705078
451602,4721945,267,14.955909,-10.350957870483398,-10.261637687683105,-10.595504760742188,0.08932018280029297,-0.33386707305908203,-0.24454689025878906
1115776,5721701,832,10.606799,-13.506836891174316,-13.403038024902344,-13.335683822631836,0.10379886627197266,0.06735420227050781,0.17115306854248047
19335,5888059,952,10.145536,-13.83791446685791,-13.806585311889648,-13.939250946044922,0.03132915496826172,-0.13266563415527344,-0.10133647918701172
1112341,8725060,528,11.922741,-13.286852836608887,-13.332002639770508,-13.38022232055664,-0.045149803161621094,-0.04821968078613281,-0.0933694839477539
1115776,7296160,994,10.411666,-12.075157165527344,-12.050004959106445,-12.49362850189209,0.025152206420898438,-0.44362354278564453,-0.4184713363647461
207786,3345362,547,11.698027,-13.607831001281738,-13.688409805297852,-13.672574043273926,-0.08057880401611328,0.01583576202392578,-0.0647430419921875
1115776,1266209,746,10.703429,-13.604774475097656,-13.552854537963867,-13.609298706054688,0.05191993713378906,-0.05644416809082031,-0.00452423095703125
1115776,5555291,286,12.059304,-12.067354202270508,-12.12044906616211,-12.359872817993164,-0.05309486389160156,-0.2394237518310547,-0.29251861572265625
1129237,7525214,279,14.565102,-13.297945022583008,-13.381011962890625,-13.478340148925781,-0.08306694030761719,-0.09732818603515625,-0.18039512634277344
443396,1242552,241,10.9524765,-11.360748291015625,-11.21615982055664,-11.465002059936523,0.14458847045898438,-0.2488422393798828,-0.10425376892089844
489204,838215,949,15.198248,-11.460079193115234,-11.639659881591797,-11.811800956726074,-0.1795806884765625,-0.17214107513427734,-0.35172176361083984
146187,6564312,802,8.164951,-13.79492473602295,-13.754347801208496,-13.80856990814209,0.040576934814453125,-0.05422210693359375,-0.013645172119140625
962179,984797,317,14.633387,-13.613797187805176,-13.601475715637207,-13.508373260498047,0.01232147216796875,0.09310245513916016,0.1054239273071289
1115776,3803054,727,10.729689,-13.828879356384277,-13.893564224243164,-14.009167671203613,-0.06468486785888672,-0.11560344696044922,-0.18028831481933594
1114819,768360,276,16.932192,-10.056320190429688,-10.087282180786133,-9.934830665588379,-0.030961990356445312,0.1524515151977539,0.1214895248413086
1133167,7621417,250,12.454015,-12.666397094726562,-12.65587043762207,-12.813681602478027,0.010526657104492188,-0.15781116485595703,-0.14728450775146484
1037798,4676546,178,11.754213,-13.446921348571777,-13.498754501342773,-13.517770767211914,-0.051833152770996094,-0.019016265869140625,-0.07084941864013672
1063750,4792733,490,7.211143,-13.922186851501465,-13.914207458496094,-13.90524673461914,0.007979393005371094,0.008960723876953125,0.01694011688232422
1129237,6179560,991,12.55722,-11.646317481994629,-11.707237243652344,-11.90046501159668,-0.060919761657714844,-0.19322776794433594,-0.2541475296020508
1063750,196730,453,7.342625,-13.710996627807617,-13.73108959197998,-13.678255081176758,-0.02009296417236328,0.052834510803222656,0.032741546630859375
183378,6738484,414,11.454835,-11.213756561279297,-11.247055053710938,-11.468475341796875,-0.033298492431640625,-0.2214202880859375,-0.2547187805175781
405717,5300531,456,10.884978,-11.899856567382812,-11.907520294189453,-11.991604804992676,-0.007663726806640625,-0.08408451080322266,-0.09174823760986328
527433,7897968,856,16.201548,-12.464333534240723,-12.497512817382812,-12.727461814880371,-0.033179283142089844,-0.2299489974975586,-0.26312828063964844
19335,8734159,329,12.091252,-6.076798439025879,-6.284607887268066,-6.734733581542969,-0.2078094482421875,-0.45012569427490234,-0.6579351425170898
131843,6248852,130,6.2610083,-13.5753755569458,-13.582502365112305,-13.547952651977539,-0.007126808166503906,0.034549713134765625,0.02742290496826172
19335,4578716,935,10.192894,-13.058749198913574,-13.082144737243652,-13.28765869140625,-0.023395538330078125,-0.20551395416259766,-0.22890949249267578
1129237,3067684,957,12.597546,-9.879569053649902,-9.801432609558105,-10.267830848693848,0.07813644409179688,-0.4663982391357422,-0.3882617950439453
156493,5426278,604,11.547779,-11.35107421875,-11.540892601013184,-11.552549362182617,-0.1898183822631836,-0.011656761169433594,-0.2014751434326172
915593,8239854,586,13.737125,-13.200772285461426,-13.181661605834961,-13.339951515197754,0.019110679626464844,-0.15828990936279297,-0.13917922973632812
1133167,2690863,372,11.73181,-12.958011627197266,-12.899478912353516,-13.023859977722168,0.05853271484375,-0.12438106536865234,-0.06584835052490234
87452,6271639,469,11.643391,-12.657382011413574,-12.683935165405273,-12.797226905822754,-0.02655315399169922,-0.11329174041748047,-0.1398448944091797
1129237,7019600,246,14.89278,-13.503864288330078,-13.524599075317383,-13.553797721862793,-0.020734786987304688,-0.029198646545410156,-0.049933433532714844
19335,6214701,37,14.763362,-12.275671005249023,-12.254437446594238,-12.325712203979492,0.021233558654785156,-0.0712747573852539,-0.05004119873046875
146187,5836455,256,11.250062,-9.833514213562012,-9.98965072631836,-10.153779029846191,-0.15613651275634766,-0.16412830352783203,-0.3202648162841797
207786,2621349,728,11.42753,-13.561614990234375,-13.578193664550781,-13.664430618286133,-0.01657867431640625,-0.08623695373535156,-0.10281562805175781
1121402,177811,84,14.507752,-12.597169876098633,-12.611092567443848,-12.638923645019531,-0.013922691345214844,-0.027831077575683594,-0.04175376892089844
1106007,7685382,386,10.856321,5.750491142272949,5.722753524780273,5.51075553894043,-0.02773761749267578,-0.21199798583984375,-0.23973560333251953
207786,871705,585,11.622993,-13.162524223327637,-13.225269317626953,-13.266218185424805,-0.0627450942993164,-0.04094886779785156,-0.10369396209716797
183378,5088210,642,10.497893,-12.80643367767334,-12.838706970214844,-12.553831100463867,-0.032273292541503906,0.28487586975097656,0.25260257720947266
1121402,752291,402,12.212772,-13.297179222106934,-13.282405853271484,-13.344202041625977,0.014773368835449219,-0.06179618835449219,-0.04702281951904297
1121709,4094993,933,7.0736384,-13.928911209106445,-13.904863357543945,-14.104049682617188,0.0240478515625,-0.1991863250732422,-0.1751384735107422
1117099,6162584,577,9.999314,-12.780813217163086,-12.822662353515625,-12.850552558898926,-0.04184913635253906,-0.02789020538330078,-0.06973934173583984
104861,270266,655,16.034967,-13.724226951599121,-13.701627731323242,-13.754781723022461,0.022599220275878906,-0.05315399169921875,-0.030554771423339844
833860,7690925,959,9.9199295,-13.972606658935547,-13.997598648071289,-14.11737060546875,-0.024991989135742188,-0.11977195739746094,-0.14476394653320312
207786,5702385,715,11.44366,-10.601784706115723,-10.562252044677734,-10.840839385986328,0.03953266143798828,-0.27858734130859375,-0.23905467987060547
1063750,6643504,754,6.912344,-14.263415336608887,-14.293109893798828,-14.248952865600586,-0.029694557189941406,0.04415702819824219,0.014462471008300781
1110199,1996219,610,11.784936,-12.856759071350098,-12.827216148376465,-12.778754234313965,0.029542922973632812,0.0484619140625,0.07800483703613281
47923,525511,29,30.387962,1.4110033512115479,1.4823399782180786,1.3975955247879028,0.07133662700653076,-0.08474445343017578,-0.01340782642364502
915593,8417774,703,13.370298,-13.631372451782227,-13.727884292602539,-13.798036575317383,-0.0965118408203125,-0.07015228271484375,-0.16666412353515625
1113437,6901807,891,10.268114,-13.453753471374512,-13.459871292114258,-13.40593147277832,-0.006117820739746094,0.0539398193359375,0.047821998596191406
130510,7422419,552,10.809995,-13.931674003601074,-13.939775466918945,-13.873025894165039,-0.008101463317871094,0.06674957275390625,0.058648109436035156
1063750,1023994,801,6.885682,-14.211215019226074,-14.182172775268555,-14.220586776733398,0.02904224395751953,-0.03841400146484375,-0.009371757507324219
1112341,7194369,229,12.775999,-11.97396183013916,-12.010804176330566,-12.158551216125488,-0.03684234619140625,-0.14774703979492188,-0.18458938598632812
1106007,5336578,969,8.7916155,-9.898648262023926,-9.64322280883789,-9.58557415008545,0.25542545318603516,0.057648658752441406,0.31307411193847656
1114819,2839945,148,18.392803,-9.471083641052246,-9.292533874511719,-9.470268249511719,0.17854976654052734,-0.177734375,0.0008153915405273438
1117099,2256805,680,9.918992,-13.488198280334473,-13.485395431518555,-13.485960006713867,0.0028028488159179688,-0.0005645751953125,0.0022382736206054688
1124210,177333,867,4.99533,-13.817962646484375,-13.772642135620117,-13.816217422485352,0.04532051086425781,-0.043575286865234375,0.0017452239990234375
1063750,943682,508,7.1773195,-13.37575912475586,-13.339790344238281,-13.38681697845459,0.035968780517578125,-0.047026634216308594,-0.011057853698730469
131843,8305158,4,17.855494,3.8210549354553223,3.5578622817993164,3.8483715057373047,-0.26319265365600586,0.2905092239379883,0.027316570281982422
573724,5517697,212,12.907843,-13.163559913635254,-13.307592391967773,-13.449967384338379,-0.14403247833251953,-0.14237499237060547,-0.286407470703125
264014,5905368,671,12.962996,-11.411242485046387,-11.34812068939209,-11.620067596435547,0.06312179565429688,-0.27194690704345703,-0.20882511138916016
962179,2131895,338,14.534796,-6.249118804931641,-6.4840240478515625,-7.289941787719727,-0.23490524291992188,-0.8059177398681641,-1.040822982788086
87181,2259137,711,13.953009,-11.233656883239746,-11.304807662963867,-11.565666198730469,-0.0711507797241211,-0.26085853576660156,-0.33200931549072266
1112341,5095131,595,11.789235,-12.907262802124023,-13.008258819580078,-12.881584167480469,-0.10099601745605469,0.12667465209960938,0.025678634643554688
104861,379545,820,15.477783,-14.037030220031738,-14.012636184692383,-14.006509780883789,0.02439403533935547,0.00612640380859375,0.03052043914794922
915593,1033076,81,29.928284,-12.062652587890625,-12.023077011108398,-12.086202621459961,0.03957557678222656,-0.0631256103515625,-0.023550033569335938
146187,2227904,659,8.508469,-12.22493839263916,-12.289559364318848,-12.44910717010498,-0.0646209716796875,-0.1595478057861328,-0.2241687774658203
1110199,862772,512,11.870631,-13.61047649383545,-13.650810241699219,-13.802210807800293,-0.04033374786376953,-0.15140056610107422,-0.19173431396484375
1113437,4961024,341,11.631156,-8.262778282165527,-7.942203521728516,-6.261990547180176,0.3205747604370117,1.6802129745483398,2.0007877349853516
104861,8008557,615,16.189426,-14.34509563446045,-14.348451614379883,-14.365943908691406,-0.0033559799194335938,-0.017492294311523438,-0.02084827423095703
130510,6311869,788,10.470005,-13.264965057373047,-13.243032455444336,-13.226527214050293,0.021932601928710938,0.01650524139404297,0.038437843322753906
1117099,1135564,800,9.817749,-13.119473457336426,-13.070684432983398,-13.065425872802734,0.048789024353027344,0.0052585601806640625,0.054047584533691406
1121402,6683287,327,12.622638,-12.302127838134766,-12.23048210144043,-12.416407585144043,0.07164573669433594,-0.18592548370361328,-0.11427974700927734
527433,2115115,564,18.559616,-8.991021156311035,-8.999075889587402,-9.667984008789062,-0.008054733276367188,-0.6689081192016602,-0.6769628524780273
527433,269430,14,28.686178,-0.8117782473564148,-0.8201135993003845,-1.0585588216781616,-0.008335351943969727,-0.2384452223777771,-0.24678057432174683
962179,2131896,187,15.641305,-10.239411354064941,-10.2671537399292,-10.435951232910156,-0.027742385864257812,-0.16879749298095703,-0.19653987884521484
1121402,8072604,843,10.71601,-12.880459785461426,-12.771066665649414,-12.787628173828125,0.10939311981201172,-0.016561508178710938,0.09283161163330078
264014,1679655,460,13.587406,-13.820199012756348,-13.838247299194336,-13.97524642944336,-0.01804828643798828,-0.13699913024902344,-0.15504741668701172
182539,4667355,633,10.023778,-9.11729907989502,-9.491507530212402,-8.965375900268555,-0.3742084503173828,0.5261316299438477,0.15192317962646484
1106007,7540014,803,9.254717,-12.138049125671387,-12.164401054382324,-11.951508522033691,-0.0263519287109375,0.2128925323486328,0.1865406036376953
1124210,1989851,466,5.09587,-14.497373580932617,-14.46493148803711,-14.460752487182617,0.03244209289550781,0.0041790008544921875,0.03662109375
1106007,3542931,342,10.952291,1.5049471855163574,1.477039098739624,1.1881030797958374,-0.0279080867767334,-0.2889360189437866,-0.31684410572052
1103812,4898347,560,13.517242,-13.803936958312988,-13.865897178649902,-13.852839469909668,-0.06196022033691406,0.013057708740234375,-0.04890251159667969
1121402,8487137,295,12.787256,-12.797104835510254,-12.767383575439453,-12.625831604003906,0.02972126007080078,0.14155197143554688,0.17127323150634766
1114819,8115700,117,19.066214,0.8558034896850586,0.6172516942024231,0.6489700675010681,-0.2385517954826355,0.03171837329864502,-0.20683342218399048
489204,973923,11,22.194275,2.2303106784820557,2.0817580223083496,2.059521436691284,-0.14855265617370605,-0.02223658561706543,-0.17078924179077148
131843,8489446,452,5.963404,-13.141898155212402,-13.330001831054688,-13.219882011413574,-0.18810367584228516,0.11011981964111328,-0.07798385620117188
1115776,6370865,329,11.810534,-14.072197914123535,-14.08713150024414,-14.102373123168945,-0.014933586120605469,-0.015241622924804688,-0.030175209045410156
130510,6881820,48,16.356169,-12.643672943115234,-12.677606582641602,-12.747396469116211,-0.03393363952636719,-0.06978988647460938,-0.10372352600097656
1103812,4635220,563,13.509612,-13.135465621948242,-13.19784927368164,-13.285743713378906,-0.06238365173339844,-0.08789443969726562,-0.15027809143066406
264014,684616,127,18.380487,4.583984375,4.535914421081543,4.553560256958008,-0.04806995391845703,0.017645835876464844,-0.030424118041992188
156493,5942211,889,9.216818,-12.252187728881836,-12.359329223632812,-12.383280754089355,-0.10714149475097656,-0.02395153045654297,-0.13109302520751953
1110199,7676274,232,12.444951,-13.784078598022461,-13.797508239746094,-13.75139045715332,-0.013429641723632812,0.04611778259277344,0.032688140869140625
490595,8133246,854,9.609361,-12.300981521606445,-12.260869979858398,-12.181716918945312,0.040111541748046875,0.07915306091308594,0.11926460266113281
1117099,5795851,573,10.004642,-11.038968086242676,-11.33780574798584,-11.161153793334961,-0.29883766174316406,0.1766519546508789,-0.12218570709228516
1103812,2313231,748,12.964342,-12.681808471679688,-12.55942153930664,-12.913827896118164,0.12238693237304688,-0.35440635681152344,-0.23201942443847656
1121402,4305979,162,13.599863,-12.014411926269531,-12.065839767456055,-12.097618103027344,-0.05142784118652344,-0.03177833557128906,-0.0832061767578125
962179,5444888,589,11.697132,-13.693840980529785,-13.71785831451416,-13.842911720275879,-0.024017333984375,-0.12505340576171875,-0.14907073974609375
87181,1411470,951,13.081281,-13.183265686035156,-13.1395263671875,-13.324064254760742,0.04373931884765625,-0.1845378875732422,-0.14079856872558594
1113437,4783289,149,12.57987,-6.792940139770508,-7.062137603759766,-6.336887359619141,-0.2691974639892578,0.725250244140625,0.4560527801513672
87181,4632251,23,29.699581,-6.707293510437012,-6.755348205566406,-7.343749046325684,-0.04805469512939453,-0.5884008407592773,-0.6364555358886719
1113437,2862145,754,10.46206,-7.815378189086914,-8.059295654296875,-7.162076950073242,-0.24391746520996094,0.8972187042236328,0.6533012390136719
1110199,2000201,633,11.763659,-9.325632095336914,-9.246602058410645,-9.335588455200195,0.07903003692626953,-0.08898639678955078,-0.00995635986328125
1063750,475739,931,6.824264,-14.240321159362793,-14.232160568237305,-14.21485710144043,0.008160591125488281,0.017303466796875,0.02546405792236328
168216,1961813,768,13.886663,-10.059467315673828,-10.079286575317383,-10.135448455810547,-0.019819259643554688,-0.05616188049316406,-0.07598114013671875
1112341,620213,750,11.491501,-13.479928970336914,-13.563100814819336,-13.528436660766602,-0.08317184448242188,0.034664154052734375,-0.0485076904296875
156493,8811146,361,12.772792,-10.61905288696289,-10.756848335266113,-10.850346565246582,-0.13779544830322266,-0.09349822998046875,-0.2312936782836914
573724,1852621,191,13.234083,-13.179252624511719,-13.31062126159668,-13.420260429382324,-0.13136863708496094,-0.10963916778564453,-0.24100780487060547
1129237,5513583,170,15.765064,-8.836104393005371,-8.055177688598633,-8.340614318847656,0.7809267044067383,-0.28543663024902344,0.49549007415771484
1113437,6394290,205,12.293966,-13.594971656799316,-13.563728332519531,-13.502486228942871,0.031243324279785156,0.061242103576660156,0.09248542785644531
168216,746506,705,14.041842,-8.676358222961426,-8.715864181518555,-9.06417179107666,-0.039505958557128906,-0.34830760955810547,-0.3878135681152344
87181,6884495,161,21.539276,-11.37019157409668,-11.502120018005371,-11.496332168579102,-0.1319284439086914,0.005787849426269531,-0.12614059448242188
1117099,4886519,352,10.319764,-9.698665618896484,-9.858274459838867,-9.875158309936523,-0.1596088409423828,-0.01688385009765625,-0.17649269104003906
156493,5346657,741,10.517736,-10.108936309814453,-10.271934509277344,-10.808046340942383,-0.16299819946289062,-0.5361118316650391,-0.6991100311279297
207786,2763923,197,13.352865,-4.329819679260254,-4.143340110778809,-5.33231258392334,0.1864795684814453,-1.1889724731445312,-1.002492904663086
1114646,7871393,892,7.945844,-12.406305313110352,-12.341114044189453,-12.299003601074219,0.06519126892089844,0.042110443115234375,0.10730171203613281
156493,4588180,614,11.522702,-4.984469413757324,-5.007091522216797,-6.046718597412109,-0.022622108459472656,-1.0396270751953125,-1.0622491836547852
1114646,3141798,444,8.145628,-11.881933212280273,-11.948820114135742,-12.113597869873047,-0.06688690185546875,-0.1647777557373047,-0.23166465759277344
1106007,372090,767,9.521426,-10.474860191345215,-10.604827880859375,-10.579571723937988,-0.12996768951416016,0.02525615692138672,-0.10471153259277344
131843,650278,348,6.0143538,-13.413522720336914,-13.422883033752441,-13.328638076782227,-0.009360313415527344,0.09424495697021484,0.0848846435546875
130510,2236891,736,10.551201,-13.276224136352539,-13.330896377563477,-13.456218719482422,-0.0546722412109375,-0.1253223419189453,-0.1799945831298828
1114646,6520951,173,8.775517,-13.161735534667969,-13.135624885559082,-13.279274940490723,0.02611064910888672,-0.14365005493164062,-0.1175394058227539
1113437,4523656,687,10.636612,-11.017250061035156,-11.048925399780273,-10.38836669921875,-0.03167533874511719,0.6605587005615234,0.6288833618164062
405717,5905792,627,10.125849,-12.807693481445312,-12.828985214233398,-12.936570167541504,-0.021291732788085938,-0.10758495330810547,-0.1288766860961914
915593,1083897,670,13.497117,-14.27845573425293,-14.311230659484863,-14.342777252197266,-0.032774925231933594,-0.031546592712402344,-0.06432151794433594
962179,6675260,128,18.148134,-3.739607095718384,-3.928426742553711,-4.896766185760498,-0.18881964683532715,-0.9683394432067871,-1.1571590900421143
183378,3027990,514,11.017664,-12.389266014099121,-12.434259414672852,-12.611963272094727,-0.04499340057373047,-0.177703857421875,-0.22269725799560547
962179,2854161,649,11.446008,-13.78984546661377,-13.776394844055176,-13.75379753112793,0.01345062255859375,0.022597312927246094,0.036047935485839844
359349,4955913,603,9.5799055,-12.865442276000977,-12.91344165802002,-13.026429176330566,-0.04799938201904297,-0.11298751831054688,-0.16098690032958984
87452,8436576,15,16.457481,0.6441063284873962,0.23022687435150146,0.21683251857757568,-0.4138794541358948,-0.013394355773925781,-0.42727380990982056
148538,4539661,624,16.768217,-7.780235290527344,-7.4837446212768555,-8.019908905029297,0.2964906692504883,-0.5361642837524414,-0.23967361450195312
359349,8815264,754,8.014078,-13.283839225769043,-13.326844215393066,-13.396074295043945,-0.04300498962402344,-0.0692300796508789,-0.11223506927490234
490595,1043239,765,9.739722,-11.261950492858887,-11.504375457763672,-11.36338996887207,-0.24242496490478516,0.14098548889160156,-0.1014394760131836
405717,4510631,977,9.546624,-12.643511772155762,-12.654335021972656,-12.639290809631348,-0.010823249816894531,0.015044212341308594,0.0042209625244140625
131843,8464182,258,6.0812135,-13.372673988342285,-13.274578094482422,-13.312644958496094,0.09809589385986328,-0.038066864013671875,0.060029029846191406
1121402,6900255,480,11.954673,-12.131158828735352,-12.256219863891602,-12.264816284179688,-0.12506103515625,-0.008596420288085938,-0.13365745544433594
962179,2329700,433,13.281992,-2.0733673572540283,-2.249645709991455,-2.5973715782165527,-0.17627835273742676,-0.34772586822509766,-0.5240042209625244
527433,1251478,84,24.784786,-4.232523441314697,-4.247914791107178,-5.038995742797852,-0.015391349792480469,-0.7910809516906738,-0.8064723014831543
1121709,5053028,65,7.4180336,-13.16553020477295,-13.208135604858398,-13.418412208557129,-0.04260540008544922,-0.21027660369873047,-0.2528820037841797
156493,1444826,537,11.700563,-11.626749992370605,-11.516483306884766,-11.95615005493164,0.11026668548583984,-0.439666748046875,-0.32940006256103516
47923,7142747,842,14.319114,-6.566387176513672,-6.694948196411133,-7.008661270141602,-0.12856101989746094,-0.31371307373046875,-0.4422740936279297
451602,7565489,577,12.917082,-11.930092811584473,-12.05652141571045,-12.236007690429688,-0.12642860412597656,-0.17948627471923828,-0.30591487884521484
1106007,7148689,79,12.316017,-7.703588485717773,-7.63969612121582,-7.4798479080200195,0.06389236450195312,0.15984821319580078,0.2237405776977539
47923,7902936,161,24.289562,1.1315313577651978,1.0813181400299072,1.1096229553222656,-0.05021321773529053,0.0283048152923584,-0.02190840244293213
1124210,5065717,910,4.990018,-12.791804313659668,-12.846019744873047,-12.90165901184082,-0.054215431213378906,-0.05563926696777344,-0.10985469818115234
104861,4813946,995,15.050764,-14.342512130737305,-14.328594207763672,-14.332267761230469,0.013917922973632812,-0.003673553466796875,0.010244369506835938
451602,3403507,915,11.532608,-13.491491317749023,-13.550329208374023,-13.650763511657715,-0.058837890625,-0.1004343032836914,-0.1592721939086914
451602,4373255,609,12.829462,-10.657206535339355,-10.715274810791016,-11.158672332763672,-0.058068275451660156,-0.44339752197265625,-0.5014657974243164
148538,2338309,550,17.43005,-11.222100257873535,-11.209659576416016,-11.458171844482422,0.012440681457519531,-0.24851226806640625,-0.23607158660888672
1037798,7854017,656,10.6162405,-12.524359703063965,-12.706787109375,-12.953606605529785,-0.18242740631103516,-0.24681949615478516,-0.4292469024658203
405717,6019053,108,19.603962,-7.347607612609863,-7.3370256423950195,-7.304543495178223,0.01058197021484375,0.032482147216796875,0.043064117431640625
490595,7042991,507,10.257768,-14.032109260559082,-14.023824691772461,-14.093679428100586,0.008284568786621094,-0.069854736328125,-0.061570167541503906
264014,7326936,253,15.095454,4.111894130706787,4.059392929077148,3.9929862022399902,-0.05250120162963867,-0.0664067268371582,-0.11890792846679688
1063750,4307950,549,7.1150103,-14.371931076049805,-14.355363845825195,-14.245960235595703,0.016567230224609375,0.10940361022949219,0.12597084045410156
264014,5781965,287,14.749802,-3.077063798904419,-2.6577303409576416,-3.2676610946655273,0.41933345794677734,-0.6099307537078857,-0.1905972957611084
1114646,5417952,7,15.55631,-7.702353477478027,-7.822666168212891,-7.652727127075195,-0.12031269073486328,0.1699390411376953,0.04962635040283203
1114819,5196819,379,16.247513,-13.85909366607666,-13.846809387207031,-13.91537094116211,0.012284278869628906,-0.06856155395507812,-0.05627727508544922
405717,5081535,188,16.085415,-13.994617462158203,-13.958066940307617,-14.014059066772461,0.03655052185058594,-0.05599212646484375,-0.019441604614257812
1112341,6076857,136,13.443455,-13.509427070617676,-13.44200325012207,-13.386549949645996,0.06742382049560547,0.05545330047607422,0.12287712097167969
490595,3597680,697,9.88001,-13.375964164733887,-13.44001579284668,-13.478042602539062,-0.06405162811279297,-0.03802680969238281,-0.10207843780517578
148538,5305307,808,16.04976,-7.294892311096191,-7.567724227905273,-8.01428508758545,-0.27283191680908203,-0.4465608596801758,-0.7193927764892578
527433,5707725,559,18.629684,-7.913570404052734,-8.151338577270508,-8.78852653503418,-0.23776817321777344,-0.6371879577636719,-0.8749561309814453
1121402,7165342,113,14.096573,-9.799101829528809,-9.817614555358887,-9.907612800598145,-0.018512725830078125,-0.08999824523925781,-0.10851097106933594
359349,709715,702,8.891027,-11.014533042907715,-10.96475887298584,-11.203716278076172,0.049774169921875,-0.23895740509033203,-0.18918323516845703
1129237,461835,44,18.154041,-0.21809834241867065,-0.07193917036056519,-0.19498175382614136,0.14615917205810547,-0.12304258346557617,0.023116588592529297
1121402,1009552,392,12.278466,-13.010343551635742,-13.014877319335938,-12.968412399291992,-0.0045337677001953125,0.04646492004394531,0.04193115234375
156493,5437921,507,11.804686,-11.31075382232666,-11.759241104125977,-11.884248733520508,-0.4484872817993164,-0.12500762939453125,-0.5734949111938477
527433,1753603,104,24.26712,-11.859715461730957,-11.887487411499023,-12.095514297485352,-0.027771949768066406,-0.20802688598632812,-0.23579883575439453
182539,7883763,91,13.084193,-12.618571281433105,-12.80846881866455,-12.916213989257812,-0.1898975372314453,-0.10774517059326172,-0.29764270782470703
87181,283783,474,15.342148,-12.794499397277832,-12.862675666809082,-12.982950210571289,-0.06817626953125,-0.12027454376220703,-0.18845081329345703
1124210,1589448,649,5.0436497,-14.725019454956055,-14.691081047058105,-14.723522186279297,0.03393840789794922,-0.032441139221191406,0.0014972686767578125
207786,4393132,552,11.685609,-9.409652709960938,-9.145502090454102,-9.157297134399414,0.26415061950683594,-0.0117950439453125,0.25235557556152344
87181,6038074,594,14.66572,-10.030729293823242,-10.121850967407227,-10.411662101745605,-0.09112167358398438,-0.2898111343383789,-0.3809328079223633
182539,1313527,723,9.918128,-12.948344230651855,-13.066600799560547,-12.985404968261719,-0.1182565689086914,0.08119583129882812,-0.03706073760986328
1114819,5738917,511,15.43217,-11.39473819732666,-11.517127990722656,-11.564215660095215,-0.1223897933959961,-0.047087669372558594,-0.1694774627685547
527433,6708089,578,18.366497,-10.46291446685791,-10.354398727416992,-10.98651123046875,0.10851573944091797,-0.6321125030517578,-0.5235967636108398
1121709,3802263,239,7.2599635,-12.190367698669434,-12.145528793334961,-12.318163871765137,0.044838905334472656,-0.17263507843017578,-0.12779617309570312
19335,39115,782,10.561464,-3.8839516639709473,-3.2932558059692383,-4.198493957519531,0.590695858001709,-0.905238151550293,-0.314542293548584
1037798,3004417,457,10.89082,-12.865699768066406,-12.869544982910156,-12.948383331298828,-0.00384521484375,-0.07883834838867188,-0.08268356323242188
131843,7235990,688,5.8625636,-12.286458969116211,-12.184674263000488,-12.365896224975586,0.10178470611572266,-0.18122196197509766,-0.079437255859375
156493,8725855,908,9.184909,-7.253408432006836,-6.530033111572266,-7.159296035766602,0.7233753204345703,-0.6292629241943359,0.09411239624023438
87181,1456917,572,14.764703,-11.24235725402832,-11.2196626663208,-11.43280029296875,0.02269458770751953,-0.21313762664794922,-0.1904430389404297
1110199,2777133,110,15.186753,-12.590556144714355,-12.50997543334961,-11.95904541015625,0.0805807113647461,0.5509300231933594,0.6315107345581055
146187,4216901,68,16.171997,-9.846637725830078,-9.706787109375,-9.991392135620117,0.13985061645507812,-0.2846050262451172,-0.14475440979003906
1112341,4226571,282,12.586587,-14.210283279418945,-14.22524642944336,-14.300600051879883,-0.014963150024414062,-0.07535362243652344,-0.0903167724609375
1037798,304381,912,10.10599,-13.615750312805176,-13.61403751373291,-13.698060989379883,0.001712799072265625,-0.08402347564697266,-0.08231067657470703
1114646,616617,864,7.945844,-11.04794979095459,-11.132590293884277,-11.24048137664795,-0.0846405029296875,-0.10789108276367188,-0.19253158569335938
87181,1666450,260,17.317795,-12.119121551513672,-12.172550201416016,-12.41948127746582,-0.05342864990234375,-0.2469310760498047,-0.30035972595214844
1063750,7303375,585,7.0711703,-12.914190292358398,-12.848457336425781,-12.944648742675781,0.06573295593261719,-0.09619140625,-0.030458450317382812
490595,4513647,634,9.986916,-13.45691204071045,-13.408023834228516,-13.450782775878906,0.048888206481933594,-0.042758941650390625,0.006129264831542969
915593,8144437,834,13.100548,-14.072052955627441,-14.058670997619629,-14.109752655029297,0.0133819580078125,-0.05108165740966797,-0.03769969940185547
207786,5879048,567,11.669166,-12.49336051940918,-12.585823059082031,-12.743555068969727,-0.09246253967285156,-0.1577320098876953,-0.2501945495605469
1117099,4631857,167,10.7553215,-11.118570327758789,-10.996135711669922,-11.57017707824707,0.12243461608886719,-0.5740413665771484,-0.45160675048828125
104861,2908924,676,15.940512,-13.629944801330566,-13.749116897583008,-13.74951171875,-0.1191720962524414,-0.0003948211669921875,-0.1195669174194336
1114819,6815188,229,17.373863,-10.632920265197754,-10.620200157165527,-10.79308032989502,0.012720108032226562,-0.1728801727294922,-0.16016006469726562
207786,5388267,264,12.541049,-12.661945343017578,-12.699752807617188,-12.861783027648926,-0.037807464599609375,-0.16203022003173828,-0.19983768463134766
405717,2559101,759,9.833435,-12.945272445678711,-12.962252616882324,-12.899003982543945,-0.01698017120361328,0.0632486343383789,0.046268463134765625
490595,6623577,371,11.048841,-13.146960258483887,-13.172506332397461,-13.155672073364258,-0.02554607391357422,0.016834259033203125,-0.008711814880371094
405717,2747487,366,12.203802,-10.670540809631348,-10.578093528747559,-11.02181625366211,0.09244728088378906,-0.4437227249145508,-0.3512754440307617
104861,1567108,371,17.59269,-13.857281684875488,-13.885847091674805,-13.855117797851562,-0.028565406799316406,0.030729293823242188,0.0021638870239257812
1113437,5188747,328,11.659584,1.3084454536437988,1.2543656826019287,1.3222968578338623,-0.05407977104187012,0.0679311752319336,0.013851404190063477
1117099,5912484,341,10.337049,-12.24909496307373,-12.272764205932617,-12.189108848571777,-0.02366924285888672,0.08365535736083984,0.059986114501953125
1037798,3265449,572,10.727148,-11.986190795898438,-12.149682998657227,-12.24301815032959,-0.16349220275878906,-0.09333515167236328,-0.25682735443115234
87452,5105203,549,11.3750305,-12.776627540588379,-12.83431625366211,-12.888018608093262,-0.05768871307373047,-0.053702354431152344,-0.11139106750488281
573724,1183176,842,10.88867,-13.729555130004883,-13.768867492675781,-13.857426643371582,-0.03931236267089844,-0.08855915069580078,-0.12787151336669922
359349,6873868,405,10.864696,-9.08949089050293,-8.938974380493164,-9.095466613769531,0.15051651000976562,-0.1564922332763672,-0.0059757232666015625
915593,316344,333,15.649107,-12.200074195861816,-12.095425605773926,-12.462580680847168,0.10464859008789062,-0.3671550750732422,-0.26250648498535156
19335,4275620,291,12.455645,-12.538521766662598,-12.513177871704102,-12.609029769897461,0.025343894958496094,-0.09585189819335938,-0.07050800323486328
104861,4192812,718,15.820875,-14.399377822875977,-14.417976379394531,-14.401768684387207,-0.018598556518554688,0.01620769500732422,-0.0023908615112304688
405717,4475757,607,10.165158,-12.881932258605957,-12.849821090698242,-12.902198791503906,0.032111167907714844,-0.05237770080566406,-0.02026653289794922
1112341,8099172,904,11.2380085,-13.871501922607422,-13.982913970947266,-13.811492919921875,-0.11141204833984375,0.17142105102539062,0.060009002685546875
1110199,3722531,26,17.92448,-12.503175735473633,-12.483588218688965,-12.26431655883789,0.01958751678466797,0.21927165985107422,0.2388591766357422
104861,1358097,909,15.274315,-14.146544456481934,-14.161642074584961,-14.22517204284668,-0.015097618103027344,-0.06352996826171875,-0.0786275863647461
264014,3645389,798,12.642131,-11.256333351135254,-11.363061904907227,-11.55792236328125,-0.10672855377197266,-0.19486045837402344,-0.3015890121459961
1106007,2355828,774,9.463115,-11.870969772338867,-11.862837791442871,-11.759109497070312,0.008131980895996094,0.1037282943725586,0.11186027526855469
87181,5869684,168,21.299555,-11.765795707702637,-11.781265258789062,-11.892642974853516,-0.015469551086425781,-0.11137771606445312,-0.1268472671508789
1129237,1325030,4,20.216015,-8.037263870239258,-8.065237045288086,-8.40997314453125,-0.027973175048828125,-0.34473609924316406,-0.3727092742919922
182539,2175832,753,9.889198,-12.456008911132812,-12.468817710876465,-12.48292064666748,-0.012808799743652344,-0.014102935791015625,-0.02691173553466797
