attack_name,layer,n_positions,variance_explained_top1,variance_explained_top3,variance_explained_top10,effective_rank
information_start_5,9,11947,0.8908456563949585,0.9624127745628357,0.9804467558860779,1.255047565029811
information_start_5,10,11947,0.9454467296600342,0.9790686368942261,0.990513801574707,1.1179391586125742
information_start_5,11,11947,0.9621624946594238,0.9856619834899902,0.9930533766746521,1.0798475478347827
relevant_start_5,9,12284,0.8994084596633911,0.9651044011116028,0.9827755689620972,1.231934907033501
relevant_start_5,10,12284,0.9504175186157227,0.9816820025444031,0.9916337132453918,1.1064049487285406
relevant_start_5,11,12284,0.9671339392662048,0.9881386160850525,0.9942245483398438,1.0688503419208506
relevant_start_4,9,12051,0.9055478572845459,0.9662037491798401,0.9831369519233704,1.2159999338299474
relevant_start_4,10,12051,0.9517574906349182,0.9814019799232483,0.9914993047714233,1.1033588829764949
relevant_start_4,11,12051,0.9661032557487488,0.987623393535614,0.9939908981323242,1.0711143203576856
information_start_4,9,11632,0.8895958065986633,0.9611442685127258,0.9795580506324768,1.2586517138539808
information_start_4,10,11632,0.943436324596405,0.9771829843521118,0.9896881580352783,1.1226879423966187
information_start_4,11,11632,0.9608861804008484,0.984780490398407,0.9925077557563782,1.082703682558465
information_end_5,9,12119,0.8776959776878357,0.9637582898139954,0.9854682683944702,1.2905438524253827
information_end_5,10,12119,0.9404634833335876,0.9779613018035889,0.9922928214073181,1.129529522465967
information_end_5,11,12119,0.9593912363052368,0.9852452874183655,0.9942507147789001,1.0860157303095734
relevant_start_3,9,11822,0.8927770256996155,0.9597825407981873,0.9791210889816284,1.250205105471036
relevant_start_3,10,11822,0.944823145866394,0.9772229194641113,0.9892715215682983,1.119483625630331
relevant_start_3,11,11822,0.9611083269119263,0.9844557642936707,0.992306649684906,1.0822172736926006
information_end_4,9,12174,0.8642297387123108,0.9602153301239014,0.9831932187080383,1.3292449506129365
information_end_4,10,12174,0.9395259618759155,0.9764237403869629,0.9918144941329956,1.131809763319222
information_end_4,11,12174,0.9600287675857544,0.9849084615707397,0.9940063953399658,1.084600376183904
information_start_3,9,11868,0.875367283821106,0.9552522897720337,0.975579559803009,1.2986461426051137
information_start_3,10,11868,0.940168023109436,0.9735346436500549,0.9879966974258423,1.13048065491145
information_start_3,11,11868,0.9607508182525635,0.9830614924430847,0.9915940165519714,1.083051393598331
relevant_end_5,9,13215,0.9221886992454529,0.9744002223014832,0.9908358454704285,1.1734200316373506
relevant_end_5,10,13215,0.9528489708900452,0.9854880571365356,0.9947659373283386,1.1007289684393424
relevant_end_5,11,13215,0.9669271111488342,0.9902980923652649,0.9962155222892761,1.0692262049759416
relevant_end_4,9,12897,0.9104623198509216,0.9705563187599182,0.9889928698539734,1.2030233705141335
relevant_end_4,10,12897,0.949236273765564,0.9828189015388489,0.9937969446182251,1.1090627126804842
relevant_end_4,11,12897,0.9659683704376221,0.9891928434371948,0.9957190752029419,1.0713539314308742
information_end_3,9,12098,0.8427568674087524,0.9544527530670166,0.9796095490455627,1.3942896015034412
information_end_3,10,12098,0.9343977570533752,0.9715446829795837,0.9902763962745667,1.1441658081356323
information_end_3,11,12098,0.9595015048980713,0.983199954032898,0.9932849407196045,1.0858153166073794
information_end_1,9,11468,0.7413651347160339,0.9343072175979614,0.9682826399803162,1.757425699711754
information_end_1,10,11468,0.890728235244751,0.9567368626594543,0.9826865196228027,1.2564725755560433
information_end_1,11,11468,0.9537959098815918,0.9762393832206726,0.9909446835517883,1.0988126023379174
relevance_end_1,9,12214,0.8630467057228088,0.9568871855735779,0.9800488352775574,1.3296472735321638
relevance_end_1,10,12214,0.9361989498138428,0.9797922968864441,0.9903360605239868,1.1396166514062762
relevance_end_1,11,12214,0.9670209884643555,0.9885462522506714,0.9949194192886353,1.0690850373498577
relevant_end_3,9,12612,0.9049661755561829,0.9690820574760437,0.9873810410499573,1.2173218414714106
relevant_end_3,10,12612,0.9479345083236694,0.9809550642967224,0.9930397868156433,1.1121220009531843
relevant_end_3,11,12612,0.9645393490791321,0.9877303242683411,0.9950311779975891,1.0745226301387723
information_end_2,9,12077,0.8169506788253784,0.948144257068634,0.975947916507721,1.4782215248892938
information_end_2,10,12077,0.9148346185684204,0.9630720615386963,0.9865403771400452,1.1928197115460202
information_end_2,11,12077,0.9528236985206604,0.9773372411727905,0.9911918044090271,1.10101720841091
important_end_1,9,10997,0.6993354558944702,0.9318682551383972,0.9673865437507629,1.861171261261256
important_end_1,10,10997,0.9192909002304077,0.9790611267089844,0.9893937706947327,1.1797112500611253
important_end_1,11,10997,0.9604520797729492,0.988169252872467,0.9939603805541992,1.0835419240253212
important_end_2,9,11690,0.6724846363067627,0.9292834997177124,0.9643477201461792,1.9667346006786817
important_end_2,10,11690,0.900122880935669,0.9727237224578857,0.9871097803115845,1.2282237777230238
important_end_2,11,11690,0.964876115322113,0.9889968037605286,0.9945483803749084,1.0737188318665198
important_end_5,9,11030,0.7058793306350708,0.9475108981132507,0.9744830131530762,1.818122188472917
important_end_5,10,11030,0.912514865398407,0.9809338450431824,0.9908854961395264,1.1957061428953133
important_end_5,11,11030,0.9610394835472107,0.9894973635673523,0.9949087500572205,1.0821075601106196
important_end_4,9,11368,0.7148462533950806,0.9444888234138489,0.9726571440696716,1.794376450417121
important_end_4,10,11368,0.913333535194397,0.9797958731651306,0.9903783798217773,1.1940565694495515
important_end_4,11,11368,0.9660751223564148,0.9901323914527893,0.9951690435409546,1.0710361844937493
important_end_3,9,11791,0.7304213643074036,0.9429175853729248,0.9716974496841431,1.7454004821579059
important_end_3,10,11791,0.8985932469367981,0.9749037623405457,0.9877861738204956,1.2319480353476533
important_end_3,11,11791,0.9601484537124634,0.9883012771606445,0.994076132774353,1.0841720615898085
bar_end_5,9,12917,0.6547091007232666,0.9365849494934082,0.9711421728134155,1.9960046039737502
bar_end_5,10,12917,0.862738311290741,0.9704558253288269,0.9859688878059387,1.3273309442288868
bar_end_5,11,12917,0.9286528825759888,0.9803112745285034,0.9904378652572632,1.1571237967026162
relevant_end_1,9,11549,0.7972296476364136,0.9404951930046082,0.9721217155456543,1.546821613640933
relevant_end_1,10,11549,0.9397386312484741,0.9731447100639343,0.9905217289924622,1.1314643454696205
relevant_end_1,11,11549,0.964687705039978,0.9835406541824341,0.9937351942062378,1.0742981165451126
relevance_end_2,9,12751,0.8683817386627197,0.9590296149253845,0.9814808964729309,1.3141147426766426
relevance_end_2,10,12751,0.944895327091217,0.9825406074523926,0.9916940927505493,1.119012490204532
relevance_end_2,11,12751,0.9723120331764221,0.9908740520477295,0.9956321120262146,1.0575638207914106
bar_end_2,9,11863,0.7176589369773865,0.927514910697937,0.964838981628418,1.8096040076788307
bar_end_2,10,11863,0.8689582347869873,0.9584838151931763,0.9797031283378601,1.3143399272994534
bar_end_2,11,11863,0.9356889128684998,0.977027952671051,0.9887469410896301,1.1408922882603125
bar_end_4,9,12449,0.6688815355300903,0.9347314834594727,0.9694981575012207,1.9560604991888342
bar_end_4,10,12449,0.8730985522270203,0.969186544418335,0.9857202172279358,1.2996795204056042
bar_end_4,11,12449,0.9377490282058716,0.9811699390411377,0.9909703731536865,1.1355668743098688
bar_end_3,9,12497,0.6862713098526001,0.9314672350883484,0.9672571420669556,1.906134094515251
bar_end_3,10,12497,0.8780929446220398,0.9671002626419067,0.9842365384101868,1.2872440876290014
bar_end_3,11,12497,0.9483128190040588,0.9836739897727966,0.9919415712356567,1.1110020767706
false_start_5,9,11446,0.6627801656723022,0.9087271094322205,0.9435052275657654,2.03032688962974
false_start_5,10,11446,0.8726882338523865,0.9639613628387451,0.9782817363739014,1.3027110284767327
false_start_5,11,11446,0.9294997453689575,0.976519763469696,0.9855890274047852,1.155540843140078
true_random_1,9,11189,0.9061881899833679,0.9567130208015442,0.9687650799751282,1.2149353766350819
true_random_1,10,11189,0.9552433490753174,0.9815119504928589,0.9866325855255127,1.0954795038011893
true_random_1,11,11189,0.973073422908783,0.9886589050292969,0.9921601414680481,1.055959879623582
important_random_1,9,10599,0.9436143040657043,0.97159743309021,0.9788733720779419,1.1223334416018498
important_random_1,10,10599,0.9640091061592102,0.9859190583229065,0.9896330833435059,1.0757697280294585
important_random_1,11,10599,0.9705542922019958,0.9897639751434326,0.9932513236999512,1.061321652228509
relevance_start_5,9,11397,0.8933942317962646,0.9642530679702759,0.9781234264373779,1.2467684839858033
relevance_start_5,10,11397,0.9494478702545166,0.9847964644432068,0.9905592203140259,1.1085286753231134
relevance_start_5,11,11397,0.9693636894226074,0.990068256855011,0.9940489530563354,1.0639516278491203
relevant_end_2,9,12103,0.8637310862541199,0.9549933671951294,0.9801576733589172,1.3318847125108844
relevant_end_2,10,12103,0.9425871968269348,0.9751825332641602,0.9910425543785095,1.1247199721614787
relevant_end_2,11,12103,0.9664644598960876,0.9864478707313538,0.9943768382072449,1.0703356341638253
bar_end_1,9,11164,0.7936813831329346,0.9384168386459351,0.967252790927887,1.545583604070966
bar_end_1,10,11164,0.8908200860023499,0.9620300531387329,0.9798386096954346,1.2550518727228075
bar_end_1,11,11164,0.9259911775588989,0.9714451432228088,0.9850577712059021,1.1647566666500166
false_end_1,9,11120,0.7430904507637024,0.9371153116226196,0.9654005765914917,1.7097248867695625
false_end_1,10,11120,0.8571221828460693,0.9594166874885559,0.9774234294891357,1.3482745567789487
false_end_1,11,11120,0.9177253842353821,0.9725797176361084,0.9843096137046814,1.1849435335475522
false_end_2,9,11260,0.6902688145637512,0.9379172325134277,0.9675089120864868,1.89125987040329
false_end_2,10,11260,0.8716893792152405,0.9682986736297607,0.9844512343406677,1.3038826361868043
false_end_2,11,11260,0.924380362033844,0.9791898131370544,0.9892992973327637,1.1676268298633254
relevant_start_2,9,11435,0.8642807602882385,0.9450576305389404,0.9708501100540161,1.3315772032651418
relevant_start_2,10,11435,0.9453203082084656,0.9750106334686279,0.9879394173622131,1.1184062524501361
relevant_start_2,11,11435,0.9675688147544861,0.9857213497161865,0.9927307367324829,1.067942601195265
information_random_1,9,11155,0.9108496308326721,0.9423456192016602,0.9618403315544128,1.2043880844336194
information_random_1,10,11155,0.9463391900062561,0.972168505191803,0.9814289808273315,1.116107053556963
information_random_1,11,11155,0.9631915092468262,0.982471764087677,0.9885979890823364,1.0775841585937114
relevance_end_3,9,12123,0.8575383424758911,0.9601772427558899,0.9813693761825562,1.3434039320178106
relevance_end_3,10,12123,0.9364556074142456,0.9817380309104919,0.9912679195404053,1.1386630810009608
relevance_end_3,11,12123,0.9682187438011169,0.9902545213699341,0.9951023459434509,1.0664357318966382
false_random_1,9,11181,0.8396148681640625,0.9176734089851379,0.9402703642845154,1.408772058913857
false_random_1,10,11181,0.9177336692810059,0.9615245461463928,0.9719257354736328,1.1859233842886936
false_random_1,11,11181,0.9575156569480896,0.9808470010757446,0.9862786531448364,1.0903472040408702
relevance_end_5,9,11945,0.8194025158882141,0.958882212638855,0.9807946085929871,1.4518640367308564
relevance_end_5,10,11945,0.9230681657791138,0.9815435409545898,0.991190493106842,1.1703356886703737
relevance_end_5,11,11945,0.9563369154930115,0.9884864687919617,0.9942150712013245,1.0927079872583878
relevance_end_4,9,11952,0.8490963578224182,0.9617535471916199,0.9817966818809509,1.366005473597016
relevance_end_4,10,11952,0.9385372400283813,0.9837571978569031,0.992149829864502,1.1335114155637065
relevance_end_4,11,11952,0.9679747819900513,0.9909060597419739,0.995432436466217,1.0669397339790643
true_end_1,9,12082,0.5577312707901001,0.9077087640762329,0.9473278522491455,2.3608649143364016
true_end_1,10,12082,0.8646105527877808,0.966393768787384,0.9802466034889221,1.324098929379514
true_end_1,11,12082,0.9447488784790039,0.9820880889892578,0.9898355603218079,1.1192619724488204
bar_random_1,9,11084,0.9322564005851746,0.9661267995834351,0.9753873944282532,1.1496217297278295
bar_random_1,10,11084,0.9658218026161194,0.9843569993972778,0.9888502955436707,1.0718246232406201
bar_random_1,11,11084,0.975957453250885,0.9891278147697449,0.992955207824707,1.0497589925689805
important_start_5,9,11542,0.801307737827301,0.9441690444946289,0.9687511324882507,1.515133489544351
important_start_5,10,11542,0.9005365371704102,0.9720325469970703,0.9832875728607178,1.2280558565067299
important_start_5,11,11542,0.9430006742477417,0.9812519550323486,0.9889250993728638,1.1235345672123256
bar_start_5,9,12051,0.5859375596046448,0.8843324184417725,0.9313397407531738,2.3635209927803094
bar_start_5,10,12051,0.840786874294281,0.949965238571167,0.9704982042312622,1.3957395341705237
bar_start_5,11,12051,0.9131097793579102,0.9680628180503845,0.9801227450370789,1.1963344628435848
false_end_5,9,11573,0.7014065384864807,0.9503023624420166,0.9743267297744751,1.825466323646327
false_end_5,10,11573,0.8429746627807617,0.9703524708747864,0.9855988025665283,1.3813291952499274
false_end_5,11,11573,0.9071696996688843,0.9809015393257141,0.990261971950531,1.2094539865919227
false_end_3,9,11510,0.7230599522590637,0.9484946131706238,0.973316490650177,1.7627480977476049
false_end_3,10,11510,0.8596384525299072,0.9688357710838318,0.985165536403656,1.3361434590670689
false_end_3,11,11510,0.9022687077522278,0.976891279220581,0.988312840461731,1.2226200706611308
important_random_2,9,10925,0.9322859048843384,0.965646505355835,0.9744959473609924,1.1495518423206916
important_random_2,10,10925,0.9678922891616821,0.9856775999069214,0.9893718361854553,1.0672611642467775
important_random_2,11,10925,0.9764510989189148,0.9901396036148071,0.9931104779243469,1.0486908395492907
false_end_4,9,11333,0.7052688598632812,0.9483203291893005,0.9733027815818787,1.8181127729793785
false_end_4,10,11333,0.8488690257072449,0.9691517949104309,0.9851590991020203,1.365673050741499
false_end_4,11,11333,0.9145246148109436,0.9816065430641174,0.9906468987464905,1.1912643839433388
true_random_2,9,11616,0.8401923179626465,0.9210734963417053,0.9409624934196472,1.4064907963595423
true_random_2,10,11616,0.9466627836227417,0.9763944745063782,0.9824508428573608,1.11529591800453
true_random_2,11,11616,0.9707401990890503,0.9870261549949646,0.9907823204994202,1.0610266494673575
relevance_start_4,9,11376,0.9038270115852356,0.9642286896705627,0.9781402945518494,1.219912445723952
relevance_start_4,10,11376,0.9512485861778259,0.9842947721481323,0.9902741312980652,1.1044469646449193
relevance_start_4,11,11376,0.9704198837280273,0.9899858236312866,0.9940922856330872,1.0616551425585676
information_random_2,9,10923,0.9348772764205933,0.9584911465644836,0.9730372428894043,1.1437113276255055
information_random_2,10,10923,0.9650718569755554,0.9837833642959595,0.9893853664398193,1.0734215461788543
information_random_2,11,10923,0.9749112725257874,0.9892753958702087,0.9931121468544006,1.0519576020618469
true_end_2,9,10885,0.5789396166801453,0.9248782992362976,0.9595624208450317,2.2861562423005073
true_end_2,10,10885,0.8656567931175232,0.9674283266067505,0.984337568283081,1.3192972188172047
true_end_2,11,10885,0.9305785298347473,0.980719268321991,0.9901452660560608,1.1523651917404547
false_start_4,9,11235,0.6889073848724365,0.9101804494857788,0.9444887042045593,1.9355016562299376
false_start_4,10,11235,0.8593924641609192,0.9571015238761902,0.9746366143226624,1.3417722657844318
false_start_4,11,11235,0.9224639534950256,0.9727423191070557,0.9835493564605713,1.1729921709319004
relevance_random_1,9,10781,0.92162024974823,0.9550886154174805,0.9669697284698486,1.176361091987737
relevance_random_1,10,10781,0.9533777832984924,0.9797980785369873,0.9855998158454895,1.0996934647136203
relevance_random_1,11,10781,0.9686635732650757,0.9873418211936951,0.9916603565216064,1.0654560046319674
information_start_2,9,11894,0.8365530967712402,0.938673198223114,0.9658424258232117,1.4168616996107843
information_start_2,10,11894,0.9350807070732117,0.9681115746498108,0.9855026602745056,1.142771932299583
information_start_2,11,11894,0.9590955972671509,0.9808502793312073,0.9904789924621582,1.0867979278180155
relevant_random_1,9,11305,0.9298518300056458,0.9569475650787354,0.972743809223175,1.1559513195190116
relevant_random_1,10,11305,0.9628674387931824,0.9816311001777649,0.9883968234062195,1.078359762932778
relevant_random_1,11,11305,0.9724590182304382,0.9880160093307495,0.9925403594970703,1.0572423806843974
true_end_3,9,10143,0.5897884368896484,0.9307894706726074,0.9615073800086975,2.2240889977459606
true_end_3,10,10143,0.8662948608398438,0.9697969555854797,0.9855229258537292,1.3163428863295104
true_end_3,11,10143,0.930711567401886,0.9821540713310242,0.9910556077957153,1.1517364292815588
true_end_5,9,12200,0.6130855083465576,0.941645085811615,0.9682146310806274,2.1193718107790356
true_end_5,10,12200,0.8382561206817627,0.967893660068512,0.9850783944129944,1.394213102341938
true_end_5,11,12200,0.9177407622337341,0.9812477827072144,0.9905869960784912,1.1829997421986347
bar_start_4,9,11968,0.6292247772216797,0.8841049075126648,0.9316023588180542,2.207606560589388
bar_start_4,10,11968,0.8358739614486694,0.9414513111114502,0.9661915302276611,1.4138295686505309
bar_start_4,11,11968,0.9031773805618286,0.9603184461593628,0.9754837155342102,1.2226190354024202
relevant_start_1,9,10675,0.8284583687782288,0.9317312836647034,0.9587455987930298,1.4439960763119148
relevant_start_1,10,10675,0.9501045942306519,0.9755611419677734,0.9877475500106812,1.1073174103733165
relevant_start_1,11,10675,0.9698541760444641,0.9854620695114136,0.9926255345344543,1.0629662455748947
true_end_4,9,11970,0.6214336156845093,0.9378498196601868,0.9663674235343933,2.106922898559442
true_end_4,10,11970,0.8488482236862183,0.9681405425071716,0.985148012638092,1.365028723941316
true_end_4,11,11970,0.9247562289237976,0.9821972250938416,0.9910508394241333,1.166059352439251
true_start_5,9,11546,0.5972990989685059,0.9013859033584595,0.9392693638801575,2.2871540406136392
true_start_5,10,11546,0.8026553988456726,0.9436759948730469,0.9673720002174377,1.5152517311144096
true_start_5,11,11546,0.9033836722373962,0.9671036601066589,0.9801900386810303,1.221093080170456
false_random_2,9,11408,0.929261326789856,0.9631111025810242,0.9731945395469666,1.1570339648255135
false_random_2,10,11408,0.9506316781044006,0.9795049428939819,0.9848535060882568,1.1060126061483662
false_random_2,11,11408,0.9588042497634888,0.984294056892395,0.9888556003570557,1.0872690556383182
information_start_1,9,10888,0.7590682506561279,0.9201979637145996,0.9483982920646667,1.6940361472969956
information_start_1,10,10888,0.9175158143043518,0.9605486392974854,0.980278730392456,1.186259024081384
information_start_1,11,10888,0.9523025751113892,0.9751834273338318,0.9874602556228638,1.1022967915639388
relevance_start_3,9,11528,0.8986680507659912,0.958440363407135,0.9752432107925415,1.234047367774898
relevance_start_3,10,11528,0.9461724758148193,0.9813218116760254,0.9886999726295471,1.1162286885944104
relevance_start_3,11,11528,0.9704220294952393,0.989098072052002,0.9936800599098206,1.0616690624754712
bar_start_3,9,11634,0.5904749631881714,0.8628118634223938,0.9154933094978333,2.428461031151641
bar_start_3,10,11634,0.8429000377655029,0.9374285340309143,0.9639251828193665,1.3945532006856933
bar_start_3,11,11634,0.9205389618873596,0.9636192321777344,0.9778127670288086,1.1783839843146902
important_start_4,9,11615,0.8511147499084473,0.9544364213943481,0.9738222360610962,1.3630517674681988
important_start_4,10,11615,0.9132121205329895,0.9749677777290344,0.9851130843162537,1.1959224969110882
important_start_4,11,11615,0.9458873271942139,0.9825484156608582,0.9896228313446045,1.1168229505408227
relevance_random_2,9,11353,0.8689267039299011,0.9263299107551575,0.9453076720237732,1.3207002077399626
relevance_random_2,10,11353,0.9419337511062622,0.9720302820205688,0.9795905351638794,1.1264721758864598
relevance_random_2,11,11353,0.9619393348693848,0.9816386699676514,0.987304151058197,1.0804114368608992
important_start_1,9,11078,0.8253664970397949,0.9261870384216309,0.951542854309082,1.4508868013322591
important_start_1,10,11078,0.9318651556968689,0.9722656011581421,0.9825363159179688,1.1504599626877976
important_start_1,11,11078,0.9661016464233398,0.9846063256263733,0.9907189607620239,1.0711900207460974
false_start_3,9,11550,0.6773796081542969,0.898901641368866,0.9374858736991882,2.0010891299761435
false_start_3,10,11550,0.8426214456558228,0.945108950138092,0.9686241149902344,1.3938521464015523
false_start_3,11,11550,0.9261440634727478,0.9715269804000854,0.9831925630569458,1.1640996279085523
information_random_3,9,12162,0.9490137696266174,0.9679927825927734,0.9793196320533752,1.1100641778711093
information_random_3,10,12162,0.966488778591156,0.9831541776657104,0.9888536930084229,1.070344959713782
information_random_3,11,12162,0.971306324005127,0.9879677295684814,0.9920362830162048,1.059721387552099
bar_start_2,9,11917,0.700162410736084,0.891426146030426,0.9314184188842773,1.9232734857835845
bar_start_2,10,11917,0.8254044651985168,0.9220010638237,0.9543091058731079,1.4536310757563997
bar_start_2,11,11917,0.9118326306343079,0.9553893804550171,0.9731547236442566,1.2010306748976032
true_start_4,9,11405,0.6049103736877441,0.8922395706176758,0.9345062971115112,2.293494320774721
true_start_4,10,11405,0.8060935735702515,0.9390502572059631,0.9655399322509766,1.5074473137888176
true_start_4,11,11405,0.9071884751319885,0.9656046628952026,0.9795310497283936,1.2115951904255364
relevant_random_2,9,11652,0.9210053086280823,0.9510869979858398,0.9688783884048462,1.1780989173898366
relevant_random_2,10,11652,0.959784984588623,0.9788196086883545,0.986412525177002,1.0852959757632041
relevant_random_2,11,11652,0.969130277633667,0.9855883717536926,0.9909325838088989,1.0645016471175865
information_random_4,9,11874,0.9469203948974609,0.9659650921821594,0.9778015613555908,1.1149609196469668
information_random_4,10,11874,0.9650055766105652,0.9830951690673828,0.988738477230072,1.0735993407096847
information_random_4,11,11874,0.9719979166984558,0.9880750179290771,0.9920064806938171,1.0582353777416462
bar_start_1,9,11877,0.7183635234832764,0.8840340375900269,0.9191932678222656,1.8611680073867056
bar_start_1,10,11877,0.8893616199493408,0.9472619891166687,0.9662899374961853,1.2611288158741858
bar_start_1,11,11877,0.9602316617965698,0.9771742820739746,0.9862931370735168,1.0843485782376452
true_random_3,9,11726,0.9259490966796875,0.9669207334518433,0.9755967259407043,1.1650075138420792
true_random_3,10,11726,0.9670255184173584,0.9881494641304016,0.9913383722305298,1.0690840041643175
true_random_3,11,11726,0.9770411849021912,0.991847038269043,0.9944994449615479,1.0473949999988559
bar_random_2,9,11453,0.9539846181869507,0.9765454530715942,0.9825406670570374,1.0984427795290315
bar_random_2,10,11453,0.9743669629096985,0.9898878931999207,0.9925044775009155,1.0531512787430168
bar_random_2,11,11453,0.9818535447120667,0.9928832054138184,0.9952148199081421,1.0372127084047356
true_start_1,9,11431,0.7470929622650146,0.8911541104316711,0.9319237470626831,1.7408671231738362
true_start_1,10,11431,0.9034028053283691,0.9529432058334351,0.970940887928009,1.2230307207604025
true_start_1,11,11431,0.9514003992080688,0.9737327098846436,0.9836719036102295,1.1044404531746081
relevance_start_2,9,11468,0.8811292052268982,0.9452447891235352,0.9679458737373352,1.2826971024165694
relevance_start_2,10,11468,0.9453884959220886,0.9782930612564087,0.9870032072067261,1.1181689324635646
relevance_start_2,11,11468,0.9691445827484131,0.9868759512901306,0.9925391674041748,1.0644841536716843
false_start_2,9,11535,0.6623106002807617,0.885789692401886,0.9282807111740112,2.090899765625467
false_start_2,10,11535,0.8103200197219849,0.9223574995994568,0.9550724625587463,1.5016388257786573
false_start_2,11,11535,0.9220003485679626,0.9653927683830261,0.9792465567588806,1.1747339079858832
important_start_2,9,8972,0.6780461668968201,0.885945737361908,0.9242580533027649,2.0218033509838413
important_start_2,10,8972,0.8955428600311279,0.9556655287742615,0.9727393984794617,1.2430925070688017
important_start_2,11,8972,0.955518901348114,0.9781163334846497,0.9866870045661926,1.094908264656783
false_start_1,9,11661,0.762921154499054,0.8933948278427124,0.9315776824951172,1.6836546905006564
false_start_1,10,11661,0.9024381637573242,0.9484326839447021,0.96915602684021,1.225959427182165
false_start_1,11,11661,0.9578096866607666,0.9765554666519165,0.9855145812034607,1.0898043041711645
important_random_3,9,11083,0.9006713628768921,0.9495136737823486,0.9626911878585815,1.2304326605362752
important_random_3,10,11083,0.9422370791435242,0.9760987162590027,0.9825713038444519,1.1255880656584922
important_random_3,11,11083,0.9633085131645203,0.9846888780593872,0.9894181489944458,1.077300291059891
information_random_5,9,11898,0.9235134720802307,0.9519229531288147,0.9689010381698608,1.1718015769816383
information_random_5,10,11898,0.9583855271339417,0.9774388074874878,0.9853130578994751,1.0884697900764748
information_random_5,11,11898,0.9681476950645447,0.9843907952308655,0.9898427128791809,1.066679809297168
true_start_3,9,11184,0.6153960824012756,0.8890337347984314,0.9306610822677612,2.270768314395445
true_start_3,10,11184,0.7963141202926636,0.9307245016098022,0.9613444805145264,1.543798934159054
true_start_3,11,11184,0.9057567119598389,0.96358722448349,0.9783957004547119,1.2156700905977034
important_start_3,9,10526,0.798911452293396,0.9329196810722351,0.9596337080001831,1.5304178199306773
important_start_3,10,10526,0.9082532525062561,0.9684321284294128,0.9810386896133423,1.2090062952260467
important_start_3,11,10526,0.9503343105316162,0.9810352325439453,0.9885240197181702,1.1066462497265692
true_start_2,9,11415,0.5988867282867432,0.8732050657272339,0.9185751676559448,2.393653613786575
true_start_2,10,11415,0.7770949006080627,0.9104644656181335,0.9483152627944946,1.6183774183483883
true_start_2,11,11415,0.9031370282173157,0.9561553001403809,0.9738835692405701,1.2231486556617273
relevance_random_3,9,11565,0.9520581364631653,0.9747273921966553,0.9822138547897339,1.1029008325546688
relevance_random_3,10,11565,0.9603936672210693,0.9851890206336975,0.9897000789642334,1.0837158864415943
relevance_random_3,11,11565,0.9675233960151672,0.9892128705978394,0.9927207827568054,1.0678449036730397
false_random_3,9,11576,0.9197630286216736,0.9604157209396362,0.9717801213264465,1.180654120352441
false_random_3,10,11576,0.9573452472686768,0.9813519716262817,0.9864550232887268,1.0907418592277678
false_random_3,11,11576,0.9675679206848145,0.9856980443000793,0.9900625348091125,1.0679395984702127
relevance_start_1,9,11536,0.846691370010376,0.9207422137260437,0.9517090320587158,1.3869468871357307
relevance_start_1,10,11536,0.9509046673774719,0.9758176803588867,0.9854066967964172,1.1055192130262745
relevance_start_1,11,11536,0.9776114225387573,0.987289309501648,0.9929879903793335,1.0462644807809915
relevant_random_3,9,11398,0.9296906590461731,0.9572464823722839,0.9732258915901184,1.1563369230265008
relevant_random_3,10,11398,0.9631048440933228,0.981806218624115,0.988296389579773,1.077832103038931
relevant_random_3,11,11398,0.9727414846420288,0.9880779981613159,0.9923050999641418,1.0566407884941802
bar_random_3,9,10865,0.9547150731086731,0.9774205684661865,0.9834681153297424,1.096778678063655
bar_random_3,10,10865,0.966870903968811,0.9887241721153259,0.9919731020927429,1.0693501369907434
bar_random_3,11,10865,0.9732486009597778,0.9918088316917419,0.9945339560508728,1.0554283860869103
important_random_4,9,11352,0.9118671417236328,0.9548826217651367,0.96751868724823,1.2009245036666518
important_random_4,10,11352,0.9471012949943542,0.977455735206604,0.9839817881584167,1.1142288306459056
important_random_4,11,11352,0.9649489521980286,0.9861323237419128,0.9906294345855713,1.0736427238714359
false_random_4,9,11602,0.8778178691864014,0.9383230805397034,0.9556913375854492,1.2932519801517663
false_random_4,10,11602,0.9335936307907104,0.970903217792511,0.979112446308136,1.1463827061168783
false_random_4,11,11602,0.9550891518592834,0.9790937304496765,0.9856343269348145,1.0958730113649657
bar_random_4,9,12038,0.9295603036880493,0.9663541316986084,0.9757367968559265,1.1563338414514326
bar_random_4,10,12038,0.9628089666366577,0.9859317541122437,0.9901677370071411,1.0783787055179268
bar_random_4,11,12038,0.9727128148078918,0.9899526238441467,0.9934719204902649,1.0566545571645156
true_random_4,9,12087,0.9261344075202942,0.9659172892570496,0.9753395318984985,1.1645533851882985
true_random_4,10,12087,0.9580746293067932,0.9840920567512512,0.9884366989135742,1.089012223864223
true_random_4,11,12087,0.9703024625778198,0.9887440800666809,0.9922341108322144,1.0619149134673693
relevance_random_4,9,11234,0.93406081199646,0.9639058113098145,0.9745522737503052,1.145448528077545
relevance_random_4,10,11234,0.967897355556488,0.9846886396408081,0.9893686175346375,1.067261329558776
relevance_random_4,11,11234,0.9761295914649963,0.9892679452896118,0.9928585290908813,1.0493809542493784
relevant_random_4,9,12396,0.9359836578369141,0.9614540934562683,0.975982129573822,1.1409309277464141
relevant_random_4,10,12396,0.9657063484191895,0.9824969172477722,0.989007830619812,1.0720906881217167
relevant_random_4,11,12396,0.9733361601829529,0.987946629524231,0.9923956394195557,1.0553743692469308
important_random_5,9,11185,0.9298219084739685,0.9638791084289551,0.974057674407959,1.1556415105632467
important_random_5,10,11185,0.9595051407814026,0.9827630519866943,0.9876644015312195,1.0858584195231766
important_random_5,11,11185,0.968590259552002,0.9875388145446777,0.9914460778236389,1.0656599565932414
bar_random_5,9,11204,0.958961009979248,0.9806826114654541,0.9864416122436523,1.0871236059502054
bar_random_5,10,11204,0.9698472023010254,0.9903019666671753,0.9932457208633423,1.0628487756070457
bar_random_5,11,11204,0.9752545356750488,0.9925445318222046,0.9951147437095642,1.0511427217492466
relevance_random_5,9,11826,0.9457391500473022,0.9716498255729675,0.9800578951835632,1.1175536909118844
relevance_random_5,10,11826,0.9672727584838867,0.9863892793655396,0.9903658032417297,1.0685759559862138
relevance_random_5,11,11826,0.9744210243225098,0.9900423288345337,0.9932087063789368,1.0530019185110842
false_random_5,9,11931,0.9263143539428711,0.9640464782714844,0.9745473861694336,1.1641545156589692
false_random_5,10,11931,0.963955283164978,0.9856013655662537,0.9896482825279236,1.0759007855282277
false_random_5,11,11931,0.974348783493042,0.9896273612976074,0.9927326440811157,1.0531926094020538
relevant_random_5,9,12216,0.9417217373847961,0.9650096297264099,0.9781786799430847,1.1271588646134731
relevant_random_5,10,12216,0.9685448408126831,0.9842093586921692,0.9901172518730164,1.065843588285029
relevant_random_5,11,12216,0.9758653044700623,0.9889305830001831,0.9930115342140198,1.0499481144950458
true_random_5,9,11182,0.8729084730148315,0.939373791217804,0.9557408094406128,1.3065871496171775
true_random_5,10,11182,0.9373971819877625,0.9723550081253052,0.980037271976471,1.1371975249783972
true_random_5,11,11182,0.9596276879310608,0.9828094840049744,0.9880676865577698,1.085564565581409
