template_position,layer,n,combined_effect_mean,combined_effect_std
:_after_document,0,1050,-0.011326601155949224,0.0367405882586586
:_after_document,1,1050,-0.0031868269402139816,0.01437592163763497
:_after_document,2,1050,-0.005503257921864708,0.014699209586156723
:_after_document,3,1050,0.00023099320187753108,0.008997374249101993
:_after_document,4,1050,-0.004854264265757438,0.01634285402677558
:_after_document,5,1050,-0.0005214667412559404,0.008194801335703317
:_after_document,6,1050,0.0016732931155699067,0.014062079680526921
:_after_document,7,1050,-0.0011459820382171682,0.021220056383692606
:_after_document,8,1050,-0.0038672040913007456,0.019062603672270566
:_after_document,9,1050,-0.006892393198785644,0.025394059811999315
:_after_document,10,1050,0.01084401631928962,0.035760108417575646
:_after_document,11,1050,0.0360038477123803,0.047253579336453376
:_after_query,0,1050,-0.001450704238114887,0.007022601096962983
:_after_query,1,1050,-0.003937480661414248,0.007515987761380002
:_after_query,2,1050,-0.0037546213547052626,0.007593220019008273
:_after_query,3,1050,-0.0011947443149681988,0.006660131478591002
:_after_query,4,1050,-0.0007339942306698545,0.008246655885364069
:_after_query,5,1050,0.001480217636975429,0.007032906822926457
:_after_query,6,1050,-0.0022936696791426067,0.009015168716070157
:_after_query,7,1050,0.0028889634202104173,0.017262969047042845
:_after_query,8,1050,-0.005385434460180268,0.015928815304151522
:_after_query,9,1050,-0.010390784831426862,0.025535366939260035
:_after_query,10,1050,0.01925240713862271,0.05201762611873615
:_after_query,11,1050,0.056815086949773275,0.05440142259232694
:_after_relevant,0,1050,-0.009926175321693919,0.03215918302833953
:_after_relevant,1,1050,-0.005832025055191178,0.018647298341503665
:_after_relevant,2,1050,-0.004991216258130089,0.0168058106379664
:_after_relevant,3,1050,-0.003410430177653664,0.010833506406888056
:_after_relevant,4,1050,-0.00548664767480774,0.022114910214320025
:_after_relevant,5,1050,-0.0007744845387893512,0.014968527198137098
:_after_relevant,6,1050,-0.0027599359799470873,0.01567350341808919
:_after_relevant,7,1050,-0.003674150004700984,0.018416521720574095
:_after_relevant,8,1050,0.0015474601921231768,0.015705883058046984
:_after_relevant,9,1050,-0.005046715070801051,0.014206635459818782
:_after_relevant,10,1050,0.0033073669703835426,0.013432006977915344
:_after_relevant,11,1050,0.0024461060724928316,0.015541779232847197
</s>,0,1050,-0.0011158777362953625,0.02960260229411454
</s>,1,1050,-0.0011150754200260377,0.013214341623151812
</s>,2,1050,-0.002587507783774879,0.009451535481454438
</s>,3,1050,-0.0011723675174318427,0.007757622442184429
</s>,4,1050,-0.00044109275917052486,0.008124959405686779
</s>,5,1050,-0.0023245373299285166,0.011474523779714717
</s>,6,1050,0.001377300574578617,0.0049254492314150956
</s>,7,1050,-5.395179765864201e-05,0.009094245521485201
</s>,8,1050,-0.0006547722101624037,0.006266061894393057
</s>,9,1050,-0.0010044327783927881,0.006923155200169528
</s>,10,1050,-0.0009077167526579831,0.004112056379243048
</s>,11,1050,-1.2992474929535691e-05,0.0053326687486748015
Document,0,1050,-0.004548304873294495,0.02034169912787145
Document,1,1050,-0.0070974905119811325,0.01774849413226185
Document,2,1050,-0.004022459526156579,0.014804539061702551
Document,3,1050,-0.006797021242131898,0.014326964474093215
Document,4,1050,-0.00034498786832224554,0.012726770724454403
Document,5,1050,-0.0005178279102896431,0.01006659735244221
Document,6,1050,0.005075079772740262,0.021490383796996648
Document,7,1050,0.0027172885389356504,0.018854607437521587
Document,8,1050,-0.0034356592315830043,0.017190722713363246
Document,9,1050,-0.002021408837477975,0.02241507169085227
Document,10,1050,0.00047176927649738036,0.03870226523724109
Document,11,1050,0.03927744845740504,0.08833873975990043
Query,0,1050,-0.003524135083970574,0.018467233176778012
Query,1,1050,-0.004729968422288273,0.011040433993150555
Query,2,1050,-0.0018358404863892909,0.007379331369083378
Query,3,1050,-0.003185456236966681,0.007832016619649749
Query,4,1050,-0.0025011542507162414,0.010214579503300136
Query,5,1050,-0.002432869514403752,0.008820942700487167
Query,6,1050,0.0004213675882341142,0.012118528720977972
Query,7,1050,-0.0032278258184640952,0.022982532125992907
Query,8,1050,0.0006683528843227574,0.022256637979083622
Query,9,1050,-0.006480827628405763,0.030783229754947704
Query,10,1050,0.02125390371637006,0.051616443117181804
Query,11,1050,0.031790955069453154,0.05544851188259779
Relevant,0,1050,-0.01265367436890138,0.043150233901065
Relevant,1,1050,-0.01494074578192548,0.044735015422760954
Relevant,2,1050,-0.019870536577691052,0.04182719858764411
Relevant,3,1050,-0.008308226247943312,0.028878958603273934
Relevant,4,1050,-0.010436687676791071,0.039009045690654304
Relevant,5,1050,-0.000324899859391734,0.020665167165418663
Relevant,6,1050,-0.002738981938559274,0.01817123916616937
Relevant,7,1050,-0.001818508496687183,0.02713228814459156
Relevant,8,1050,0.004406393637881344,0.024377249617419956
Relevant,9,1050,0.0029753874802176143,0.022198558185007152
Relevant,10,1050,-0.00476297099328171,0.025086857466637424
Relevant,11,1050,-0.0005029574416691795,0.006856655758797688
