layer,component,head_idx,n,score_drop_zero_mean,score_drop_mean_mean,score_drop_zero_std,score_drop_mean_std
0,decoder_cross_attn,0,100,0.007484163641929588,0.0004359737038612235,0.008541958619198058,0.0011424812667216585
0,decoder_cross_attn,1,100,-0.0631815785169601,0.001088092923164348,0.0436415387606953,0.003980079971196429
0,decoder_cross_attn,2,100,-0.004751835167407979,0.002520864009857142,0.028345764774167184,0.0026834966563677957
0,decoder_cross_attn,3,100,-0.01837865471839901,-0.000142849683761595,0.011070301737253695,0.0023661839395972845
0,decoder_cross_attn,4,100,0.003827092349529221,-2.755522727965496e-05,0.002106420574775837,6.893692179932221e-05
0,decoder_cross_attn,5,100,-0.04356667190790173,-0.006637064516544314,0.044377463298186356,0.008291843979952224
0,decoder_cross_attn,6,100,-0.009588252007961236,0.0005980145931243641,0.007607547378833941,0.0008979296506430966
0,decoder_cross_attn,7,100,-0.04438432127237317,-0.005707113146781894,0.059335062940626175,0.0066892815731359415
0,decoder_cross_attn,8,100,-0.005653100013732885,1.2324750423430162e-05,0.005157473421395789,0.000522010751297406
0,decoder_cross_attn,9,100,-0.0028194883465766517,4.495084285731428e-06,0.001775263164430244,0.0001034100070633445
0,decoder_cross_attn,10,100,-0.006284166276454914,0.0021052303910255076,0.02808075814777344,0.002691564332070404
0,decoder_cross_attn,11,100,-0.009961380958557099,0.000979901552200293,0.012556820069278262,0.001742556275629237
0,decoder_self_attn,0,100,0.008873982429504362,1.0260939598083496e-06,0.006831917453176821,1.0438390327700594e-05
0,decoder_self_attn,1,100,0.002533248662948584,9.557604789733887e-07,0.002864566328544327,1.019072721734531e-05
0,decoder_self_attn,2,100,0.0003341907262801928,2.2083520889282227e-07,0.0007814115757515784,1.0553979969905868e-05
0,decoder_self_attn,3,100,0.0013002589344978219,4.83095645904541e-07,0.004974169558163254,1.0419849706551288e-05
0,decoder_self_attn,4,100,0.003174229860305744,2.440810203552246e-07,0.00152487500061689,1.049798736389719e-05
0,decoder_self_attn,5,100,-0.0084872385859489,7.700920104980469e-07,0.0030854817222785986,1.0408220071404677e-05
0,decoder_self_attn,6,100,-0.0038426148891448518,3.913044929504395e-07,0.001453107403424254,1.0438843603138126e-05
0,decoder_self_attn,7,100,0.008735823333263365,7.131695747375488e-07,0.007259950895514638,1.0298206902623752e-05
0,decoder_self_attn,8,100,-0.0029535603523253916,1.0952353477478027e-06,0.0010498196352015754,9.681966454062118e-06
0,decoder_self_attn,9,100,-0.0011163720488548078,1.1917948722839356e-06,0.0018704283945124407,1.0571932724865628e-05
0,decoder_self_attn,10,100,-0.009044140875339463,1.1932849884033203e-06,0.0035325600221769375,9.755589578910038e-06
0,decoder_self_attn,11,100,-0.0011998018622398233,7.876753807067871e-07,0.002405521310229469,1.0576891512078743e-05
1,decoder_cross_attn,0,100,0.0061074352264403895,-1.3951063156124055e-05,0.0032714187280980826,0.00012033176121831673
1,decoder_cross_attn,1,100,-0.026799335777759503,0.0002302968502044592,0.013226276324445192,0.0011145516042507363
1,decoder_cross_attn,2,100,0.006420341730117796,0.005071082115173303,0.033488075952509175,0.007197936081284785
1,decoder_cross_attn,3,100,-0.009398461282253237,3.6701560020392328e-06,0.00892398257951766,0.0003834155780463722
1,decoder_cross_attn,4,100,0.008291487991809817,-0.0005238130688667152,0.010550691191370538,0.0011068889787339594
1,decoder_cross_attn,5,100,-0.0006736740469932572,3.9457380771634836e-05,0.006069318467677098,0.000356183340516812
1,decoder_cross_attn,6,100,0.0005313354730606045,-1.4620125293732662e-05,0.0031377915093147688,0.000311898810324802
1,decoder_cross_attn,7,100,-0.09760991573333737,-0.00173890471458434,0.08510432122755805,0.007598803400986756
1,decoder_cross_attn,8,100,0.002435184717178332,3.332227468490453e-05,0.008077308774810091,0.00046956164083183455
1,decoder_cross_attn,9,100,-0.05477996230125424,0.0019855248928069957,0.03207931384145209,0.005258004988476789
1,decoder_cross_attn,10,100,0.007723208963870956,-3.260552883147806e-05,0.0028786147772079966,0.0001516554510483992
1,decoder_cross_attn,11,100,0.013652794957160912,-0.001374290287494645,0.013630779621401795,0.0036798160595114733
1,decoder_self_attn,0,100,-0.018386954963207205,-0.00032777041196820956,0.009952230525209257,0.0007803689130146468
1,decoder_self_attn,1,100,-0.0008387869596481147,2.3103356361386423e-05,0.0017308334303400303,0.00015087761698349468
1,decoder_self_attn,2,100,-0.012025107443332633,-3.878384828567066e-05,0.005373111057209102,0.0002542826901945797
1,decoder_self_attn,3,100,0.008703329265117637,0.0013007190823554797,0.022127643989410122,0.0029989045847568312
1,decoder_self_attn,4,100,-0.019860324263572652,-0.00012843191623686408,0.007697589483159265,0.0005179560209617949
1,decoder_self_attn,5,100,0.00917140066623683,4.413455724716114e-05,0.0035648475481683903,0.0003028574308920557
1,decoder_self_attn,6,100,-0.0008922806382179016,-1.6061961650846865e-05,0.0020505929589457014,0.00018800436015320646
1,decoder_self_attn,7,100,-0.04342344850301738,-0.0004895299673080259,0.0200115043520352,0.0013491198670654999
1,decoder_self_attn,8,100,0.002947433292865717,9.859204292296134e-05,0.003001289437985719,0.00021939530752174502
1,decoder_self_attn,9,100,0.0012670287489890888,-2.3301243782037108e-05,0.0028451415866129013,0.0002148231665007881
1,decoder_self_attn,10,100,-0.008564812839031178,-3.497064113616174e-05,0.004498868048930725,0.00021385083123708504
1,decoder_self_attn,11,100,-0.008646314740180929,3.822684288024068e-05,0.005652898852632899,0.00011762588822924595
2,decoder_cross_attn,0,100,-0.015222521126270287,-0.007330006062984451,0.0455710729559878,0.015089835524533952
2,decoder_cross_attn,1,100,-0.28277410000562664,0.001449210941791528,0.11668836262939294,0.010691252422483038
2,decoder_cross_attn,2,100,-0.009383118152618384,-6.857633590697598e-05,0.012754144583759711,0.0021023407933807047
2,decoder_cross_attn,3,100,-0.006121039092540724,0.0011906358599662434,0.010164268708978477,0.0014690922430224242
2,decoder_cross_attn,4,100,0.007328713536262489,0.00026539027690886374,0.010986490840557795,0.00089442749599557
2,decoder_cross_attn,5,100,0.03923149138689039,-0.006481555104255648,0.03880466229671795,0.008801584325503651
2,decoder_cross_attn,6,100,-0.0014302572607994039,9.295612573623536e-05,0.0152351101232274,0.001786881780588627
2,decoder_cross_attn,7,100,-0.014226115047931642,0.0006072258949279627,0.017764252247373897,0.0019234720841335054
2,decoder_cross_attn,8,100,-0.009317308068275408,-0.0004599040746688755,0.006721772833803759,0.0010533183475466754
2,decoder_cross_attn,9,100,-0.0062842667102813434,-0.0002899235486984093,0.0068700026041052294,0.0006912695603610728
2,decoder_cross_attn,10,100,-0.007888153493404349,-0.00012781023979186715,0.006650730622595458,0.000986972086532796
2,decoder_cross_attn,11,100,0.00998628139495849,0.0024584406614303386,0.019609555212877255,0.0040023486775171225
2,decoder_self_attn,0,100,-0.005868346095085108,-6.268382072448682e-05,0.0059017117497546165,0.0004260598307261686
2,decoder_self_attn,1,100,0.003558042645454376,5.011558532714007e-06,0.0028934361003756853,0.00022297406488829528
2,decoder_self_attn,2,100,-0.0059339749813079445,-0.0001233536005020002,0.0037740834466804974,0.0002531988001214359
2,decoder_self_attn,3,100,0.03471770375967022,0.0008937492966651705,0.022988035983530532,0.0022049999545253854
2,decoder_self_attn,4,100,-0.05988564968109127,-0.0010605660080909456,0.0305353103967676,0.0020390478867931433
2,decoder_self_attn,5,100,-0.0023950654268264505,-2.0183920860286092e-05,0.0033702348647242216,0.00033312713602242863
2,decoder_self_attn,6,100,-0.004814936220645862,7.631063461302515e-05,0.0029676422248833684,0.00022590075001356383
2,decoder_self_attn,7,100,-0.024078480601310685,-3.856688737868882e-05,0.011109934231321717,0.0006180447419623181
2,decoder_self_attn,8,100,0.005444295704364732,7.033377885817485e-05,0.002836177792966692,0.00025202922645732535
2,decoder_self_attn,9,100,-0.004734351933002446,-0.00012544304132459496,0.005305268691072459,0.0002549402734523996
2,decoder_self_attn,10,100,0.000961962342262252,8.526265621183942e-05,0.0027969821671948616,0.0002741109066125833
2,decoder_self_attn,11,100,0.0035824951529502503,2.500027418136107e-05,0.002752409171179169,0.00014360606762756846
3,decoder_cross_attn,0,100,-0.01114136040210721,-0.0005955129861831529,0.010815508446654501,0.0017717246526213046
3,decoder_cross_attn,1,100,-0.01223406255245205,0.00039800435304640605,0.008999482742278162,0.0016763414745257271
3,decoder_cross_attn,2,100,0.0010464861989021254,-0.000651185214519488,0.02336561586468895,0.003367895824936314
3,decoder_cross_attn,3,100,0.0033402997255325005,7.595598697660721e-05,0.0032870626262994644,0.0005434740847362081
3,decoder_cross_attn,4,100,-0.0832682156562805,0.0024769243597984113,0.059545186297673386,0.004137198449675126
3,decoder_cross_attn,5,100,0.001657199561595897,7.827490568159991e-05,0.003591697261287587,0.0004340351110062501
3,decoder_cross_attn,6,100,-0.0012364131212234434,-0.00021026968955991854,0.004686605266552851,0.0005821695663566034
3,decoder_cross_attn,7,100,0.021926901638507808,-0.0006951701641082586,0.013426549484365776,0.002011240389094162
3,decoder_cross_attn,8,100,-0.002818790674209586,0.0003419932723045222,0.010937917127905287,0.0018186192265266631
3,decoder_cross_attn,9,100,-0.000844320058822626,8.102327585219346e-05,0.00297987234693083,0.00026529896995529075
3,decoder_cross_attn,10,100,-0.037277728021144825,0.00047212034463880336,0.015862306223604766,0.0011310850171830013
3,decoder_cross_attn,11,100,0.003215386569499959,0.002070547342300381,0.01899890030287201,0.002521516865875362
3,decoder_self_attn,0,100,-0.02668597638607021,0.00010601907968520937,0.013480341645988528,0.0010048563515448721
3,decoder_self_attn,1,100,-0.005411755442619285,3.132164478302283e-05,0.004196631452821378,0.0006329144634797132
3,decoder_self_attn,2,100,0.001908057928085302,2.436220645904438e-05,0.003052679531698147,0.00019407032265981078
3,decoder_self_attn,3,100,0.01626609474420543,0.00045034706592557574,0.008917107957349037,0.0011096642610199507
3,decoder_self_attn,4,100,-0.006795089840888937,9.937912225722214e-05,0.004021287982285988,0.00028604194160942266
3,decoder_self_attn,5,100,-0.011177899539470631,-0.0005651462078094311,0.008336651371549325,0.0014122112170276858
3,decoder_self_attn,6,100,0.002382510602474191,-0.00013725936412809907,0.00393370433940186,0.00035333050770382983
3,decoder_self_attn,7,100,-0.011923961639404266,-0.0005010849237441833,0.00820776129139783,0.0009547508127348808
3,decoder_self_attn,8,100,-0.0021259030699729608,0.0001156899333000119,0.0027030337965415286,0.00032249736657978664
3,decoder_self_attn,9,100,-0.019335249662399245,0.00028680413961408796,0.010021981601249114,0.0005388336381040796
3,decoder_self_attn,10,100,0.001303692460060109,-5.122214555739515e-05,0.005244271345511757,0.0003232597094978429
3,decoder_self_attn,11,100,0.0016787865757942058,7.128804922102785e-05,0.0030321568722641128,0.000185506546690559
4,decoder_cross_attn,0,100,-0.0008012932538986259,-0.0013254749774932672,0.019277444936463432,0.004297748700505158
4,decoder_cross_attn,1,100,0.0400382629036903,-0.0005341768264770425,0.027028002803367375,0.00486060006240987
4,decoder_cross_attn,2,100,-0.048961424827575636,-0.0010621166229247887,0.026333941660915617,0.004139934185230017
4,decoder_cross_attn,3,100,-0.042748661935329405,0.0007946756482124212,0.03592512731068433,0.004466906842034839
4,decoder_cross_attn,4,100,0.007625659406185121,-0.0003293201327323878,0.01097706685711063,0.0016426897251262864
4,decoder_cross_attn,5,100,-0.0028408914804458553,-0.0005339789390563828,0.008861196796541428,0.0009981328381004828
4,decoder_cross_attn,6,100,0.009531701505184136,-0.0002720123529434043,0.008336815792976264,0.0007359539467408702
4,decoder_cross_attn,7,100,-0.018322964608669234,7.498562335967249e-05,0.00735060314598089,0.0005691476074945908
4,decoder_cross_attn,8,100,0.051258559226989714,0.0005216091871261476,0.04125037462973564,0.0032434829381523993
4,decoder_cross_attn,9,100,0.0014021283388137662,-0.0006115990877151331,0.0157273663337556,0.002026770158241378
4,decoder_cross_attn,10,100,-0.006346658468246419,0.00021422863006589367,0.004061669793010882,0.00040257181392441843
4,decoder_cross_attn,11,100,-0.00428792446851728,8.022278547287085e-05,0.007395652764998602,0.0006727438418922402
4,decoder_self_attn,0,100,-0.0499979785084724,-0.00018749684095382298,0.019393801911472535,0.0014937184727037514
4,decoder_self_attn,1,100,-0.003678919970989186,-0.0001345005631446603,0.002385814900032557,0.00021828716592480523
4,decoder_self_attn,2,100,0.0022648191452026125,2.958506345748244e-05,0.00325372721955454,0.0002163885535347334
4,decoder_self_attn,3,100,-0.05994092166423793,0.0006460988521575762,0.030491945594187834,0.001801743423602571
4,decoder_self_attn,4,100,-0.0070132544636726,0.00012562125921248486,0.007041197525395933,0.00048701391619135185
4,decoder_self_attn,5,100,-0.0009957760572433397,-0.0007254165410995215,0.006282515902901302,0.0009510665414062369
4,decoder_self_attn,6,100,-0.0013983601331710638,-0.0001948904991149681,0.0036369135821211116,0.00036639409463475216
4,decoder_self_attn,7,100,0.002680664360523209,-0.0004025042057037085,0.00475998719112798,0.0006446088747008649
4,decoder_self_attn,8,100,-0.002498771548271148,0.00017124772071835663,0.0032940601705212427,0.0003001376708247301
4,decoder_self_attn,9,100,0.004427346885204281,-0.00018070816993712483,0.004472736425914361,0.0005048107375857855
4,decoder_self_attn,10,100,0.005946652293205231,6.343930959700755e-05,0.006249026500782237,0.0002762149637249916
4,decoder_self_attn,11,100,0.0036115440726279895,-1.9972920417781814e-05,0.003388920251177175,0.00033317498552890213
5,decoder_cross_attn,0,100,-0.004455359578132625,0.001003240048885325,0.019599547047612027,0.0019666428268636897
5,decoder_cross_attn,1,100,-0.009574282467365232,7.799595594406422e-05,0.008978947243825081,0.0008136976720993338
5,decoder_cross_attn,2,100,-0.012282175421714765,0.0033841827511787085,0.029721180842097763,0.004815427443239288
5,decoder_cross_attn,3,100,0.005346080362796767,-0.0008558318018913229,0.026279650553115447,0.0031343934428305375
5,decoder_cross_attn,4,100,-0.0639164766669273,-0.0026143559813499267,0.04065003455286579,0.006199720331585686
5,decoder_cross_attn,5,100,-0.019685358703136417,0.001248697042465185,0.022115073747706084,0.002929816919526315
5,decoder_cross_attn,6,100,-0.014509623944759329,-0.00017007499933242693,0.011915541086011549,0.0019360309296155187
5,decoder_cross_attn,7,100,-0.05246380835771557,-0.00034659802913665006,0.033028604022690804,0.006222125201885012
5,decoder_cross_attn,8,100,-0.02910856723785396,0.0007758745551109144,0.016827005461708934,0.0019661081566251792
5,decoder_cross_attn,9,100,0.01203483462333677,-0.0004916593432426242,0.023208228948959082,0.0011268511136677804
5,decoder_cross_attn,10,100,0.1363434055447578,-0.0008961883187293882,0.07800241150575458,0.005082731212259707
5,decoder_cross_attn,11,100,0.00030309468507766914,-0.00018340229988097809,0.020388403044630916,0.0017959995756888212
5,decoder_self_attn,0,100,0.008473508656024887,0.0002979034185409299,0.005364642365460872,0.000430711300932441
5,decoder_self_attn,1,100,0.0014959153532981772,0.0002372446656226864,0.005150859673801178,0.0005135822557644674
5,decoder_self_attn,2,100,0.009225719273090328,-0.00019986361265180434,0.006501551004755987,0.0005537194208273178
5,decoder_self_attn,3,100,-0.09801317423582073,-1.2462735176084088e-05,0.046671703803929536,0.0040241133964848365
5,decoder_self_attn,4,100,-0.005144872069358814,-0.001377575099468222,0.028707288130216124,0.0035884407688431615
5,decoder_self_attn,5,100,0.004477112889289832,-0.0005919581651687273,0.007189124197376007,0.0006918338710055989
5,decoder_self_attn,6,100,0.010471095442771871,-0.0003446540236472926,0.006190162730493172,0.0006037115789764638
5,decoder_self_attn,7,100,0.008213946521282166,-4.093199968337537e-05,0.008605247805624957,0.001291298853211013
5,decoder_self_attn,8,100,-0.0017022687196731462,0.00014453113079069185,0.00478618625279639,0.0003355407569104963
5,decoder_self_attn,9,100,0.0020212593674659627,-0.00016934871673582606,0.006374524545286415,0.0004891894408284447
5,decoder_self_attn,10,100,-0.06915597379207608,-0.0011105093359947069,0.03222401949804645,0.0043225210989750965
5,decoder_self_attn,11,100,0.008476667702197998,-3.885030746459324e-05,0.006595216086715741,0.0002473939894425766
6,decoder_cross_attn,0,100,0.00772670537233352,-0.004009911417961112,0.04115553513592992,0.007719606659618961
6,decoder_cross_attn,1,100,0.03500746279954907,0.0009903857111930655,0.03329833782052544,0.0029562020682562503
6,decoder_cross_attn,2,100,0.013825630843639367,0.002833857834339122,0.05067635503664186,0.005043992761744839
6,decoder_cross_attn,3,100,-0.023473551571369135,-0.000846818089485159,0.019485372970745825,0.003399635256664544
6,decoder_cross_attn,4,100,0.029413053393363912,0.0003981968760490286,0.019919184561301515,0.003017333084994496
6,decoder_cross_attn,5,100,0.06361165195703503,0.001087077558040602,0.036685792517543975,0.0027824411608025675
6,decoder_cross_attn,6,100,-0.04637616544961925,-0.0008146739006042348,0.026337651242670786,0.0036668895878287245
6,decoder_cross_attn,7,100,-0.11588765233755108,0.003762277662754053,0.07444820480560563,0.01167939268468467
6,decoder_cross_attn,8,100,0.01226374298334121,-0.001694678366184218,0.03408188494671417,0.004499276579726679
6,decoder_cross_attn,9,100,-0.07206250518560407,0.00388453751802442,0.046569380755755035,0.007462029538693319
6,decoder_cross_attn,10,100,-0.0903609615564346,0.001732003092765792,0.03824910091561481,0.003169566680414347
6,decoder_cross_attn,11,100,0.006851139366626726,0.0008571076393127196,0.013843536312028788,0.0013441396625237544
6,decoder_self_attn,0,100,-0.059051106274127914,-0.00055347263813018,0.027344658106349323,0.002947859818013455
6,decoder_self_attn,1,100,0.0028439837694168046,-0.0003468236327171211,0.009307165823797446,0.0008146557215074551
6,decoder_self_attn,2,100,0.004537924528121925,-0.00013820827007293303,0.005541383238207136,0.0008093586150649429
6,decoder_self_attn,3,100,0.09974909693002697,0.0011103746294975187,0.054849921535610954,0.006902656381409995
6,decoder_self_attn,4,100,-0.023968378007411903,0.0004868090152740383,0.013307506702937007,0.0014680089092108976
6,decoder_self_attn,5,100,-0.020921347141265832,-0.0007574388384818824,0.01479310267175525,0.0014967107674088624
6,decoder_self_attn,6,100,0.016331188678741407,-0.0001405295729637056,0.009593954588786393,0.0008872151941885643
6,decoder_self_attn,7,100,0.015068612396717031,-0.0004889306426048092,0.012773312897941716,0.001694669740169436
6,decoder_self_attn,8,100,-0.012933702766895254,0.0001364749670028613,0.008703727000230133,0.0006994183818951499
6,decoder_self_attn,9,100,0.021551461517810778,-6.818383932113106e-05,0.011778689093507393,0.0014891437375396538
6,decoder_self_attn,10,100,0.004990132153034187,0.0004405921697616379,0.008044852320753661,0.0008245278681732337
6,decoder_self_attn,11,100,0.017158563137054404,-0.00010981798171996507,0.008879026258941403,0.00048614509032310436
7,decoder_cross_attn,0,100,-0.02046435534954066,-0.0003761053085327022,0.015456451186566461,0.0019560804779837314
7,decoder_cross_attn,1,100,0.1025905385613441,0.002538784444332095,0.040169769840857426,0.003918772903799862
7,decoder_cross_attn,2,100,0.008865131437778468,-0.0010115361213683955,0.032888306951309204,0.0035690314908486376
7,decoder_cross_attn,3,100,-0.11038197666406628,-0.006336279809474934,0.09342364718507379,0.015705825172094512
7,decoder_cross_attn,4,100,-0.03785942912101742,0.001600640416145304,0.027656139040389317,0.0030271373337937154
7,decoder_cross_attn,5,100,-0.000886596441268919,-0.0017766374349594037,0.03887776696217531,0.00626148860724407
7,decoder_cross_attn,6,100,-0.029771701991558045,0.0021469435095786975,0.03423363387567258,0.006016345940684962
7,decoder_cross_attn,7,100,-0.02103877156972882,2.7396976947774743e-05,0.02009276622082773,0.0017262606628969598
7,decoder_cross_attn,8,100,0.009264845848083472,0.001145499050617197,0.01600519975875771,0.0021191333941431747
7,decoder_cross_attn,9,100,-0.021341253221034983,0.00034575045108794356,0.02818743845785802,0.0016776319963935262
7,decoder_cross_attn,10,100,-0.02915566504001614,0.0010315704345702954,0.023698789598052154,0.0028343322112223735
7,decoder_cross_attn,11,100,0.0018353143334388687,0.0005695253610610828,0.019516036044367743,0.0024712339102419384
7,decoder_self_attn,0,100,0.060597388446330995,-0.0010124337673187089,0.03719032713308483,0.002019523661981002
7,decoder_self_attn,1,100,-0.012433929741382563,0.0004397302865981882,0.00941594971098681,0.001664515018714195
7,decoder_self_attn,2,100,0.000791001021862022,0.0002316465973854046,0.007125381966395032,0.0011349343050664614
7,decoder_self_attn,3,100,0.022372102439403508,0.001475105881690951,0.028570792188268686,0.0024605705932741286
7,decoder_self_attn,4,100,0.014630609154701192,-0.000526847243309001,0.011937911122164432,0.001636136305016293
7,decoder_self_attn,5,100,0.011277339756488784,-0.00041577070951461583,0.019494538392179357,0.0028209888339760718
7,decoder_self_attn,6,100,0.018457102775573688,-0.00032014340162275166,0.01096867138101293,0.00062346718977985
7,decoder_self_attn,7,100,0.010966556966304754,-0.00011755198240279536,0.014616454305603805,0.0020469595107315717
7,decoder_self_attn,8,100,-0.010936717092990838,0.0005350911617278839,0.009112186485569053,0.0008209768896941223
7,decoder_self_attn,9,100,-0.15928281784057613,-0.0003561258316039985,0.07026313688913925,0.007138636810798857
7,decoder_self_attn,10,100,-0.014538456797599774,-0.0004629114270210228,0.019258182599768203,0.002379011682733889
7,decoder_self_attn,11,100,0.009767236411571466,-1.4585852622997441e-05,0.009739978130251584,0.0006111752281119833
8,decoder_cross_attn,0,100,0.014478694200515724,-0.00235082745552061,0.02585484454426437,0.005804390815504098
8,decoder_cross_attn,1,100,-0.08074025928974148,-0.0025368624925613302,0.055038909870088394,0.010131159824258712
8,decoder_cross_attn,2,100,0.058655240237712826,0.0026426604390144097,0.049228460048918836,0.004893790971963696
8,decoder_cross_attn,3,100,-0.10353491306304928,-0.00019033014774323085,0.053119503699526616,0.006897198423703904
8,decoder_cross_attn,4,100,-0.10106427907943721,-0.0012912079691886822,0.044107992516156984,0.006170954098439522
8,decoder_cross_attn,5,100,-0.01855361938476559,-0.0006551736593246435,0.01750512529998863,0.0034928859239097415
8,decoder_cross_attn,6,100,-0.0030232492089271473,0.0007659146189689414,0.013051837097689688,0.0012779487720245774
8,decoder_cross_attn,7,100,-0.11715114027261732,0.015684657692909228,0.16478080935559208,0.033361394007076994
8,decoder_cross_attn,8,100,0.016276210546493513,0.01025704741477962,0.050810999204880136,0.00729098099359523
8,decoder_cross_attn,9,100,0.019239004850387553,-0.0032198300957679647,0.023410929833355392,0.008630278560858504
8,decoder_cross_attn,10,100,-0.04090993642807003,-0.000675299167633048,0.036225914796642174,0.0033616530697875412
8,decoder_cross_attn,11,100,-0.06839516133069988,-0.00031031548976897193,0.03978181442793292,0.00403161633627236
8,decoder_self_attn,0,100,-0.11870141983032223,-0.0016336119174957192,0.06827754950603175,0.008352370975548784
8,decoder_self_attn,1,100,0.03903785109519955,-0.0004436856508254907,0.02259375022032372,0.0020966790364008478
8,decoder_self_attn,2,100,0.025344302356243097,7.8982412815094e-05,0.026426996768033933,0.0030413003324468563
8,decoder_self_attn,3,100,-0.037668322622775995,-0.0008744388818740805,0.032484641475961494,0.004224202644272124
8,decoder_self_attn,4,100,-0.09325483232736585,-0.00017941951751709046,0.054497068212490084,0.0028743888301305492
8,decoder_self_attn,5,100,0.024314786493778183,-0.0005077874660491803,0.013240089652569842,0.00144690319632666
8,decoder_self_attn,6,100,-0.014474787116050691,-0.0004069802165031271,0.018483374388524113,0.00163801517415575
8,decoder_self_attn,7,100,-0.003379634618759144,0.000515291988849617,0.013446678827512203,0.0010214989526012674
8,decoder_self_attn,8,100,0.025736544430255855,-0.0005058306455611989,0.01624808644016393,0.00103058844012884
8,decoder_self_attn,9,100,0.019711096286773637,-0.0005158424377441186,0.0144694245599323,0.0009658574510206142
8,decoder_self_attn,10,100,0.02578170955181119,8.675217628478205e-05,0.025624364626403665,0.002865916103637399
8,decoder_self_attn,11,100,-0.02136145532131191,-0.00011405527591704483,0.013150450735952505,0.0008292786142316453
9,decoder_cross_attn,0,100,0.011590132415294633,-0.0026082134246825893,0.023820972463466924,0.004354294914710506
9,decoder_cross_attn,1,100,0.07751822024583813,-0.003483157455921151,0.05034772423253558,0.005701774850282772
9,decoder_cross_attn,2,100,-0.16096023619174957,-0.006366325020790109,0.22344769836998113,0.05294982853536545
9,decoder_cross_attn,3,100,-0.049789468050003005,-0.000763966739177689,0.04022446490903772,0.003566747666296146
9,decoder_cross_attn,4,100,0.008141396939754481,0.0009376388788223189,0.03998880653142823,0.004176080369596866
9,decoder_cross_attn,5,100,0.006566454768180837,0.00019042551517486371,0.015594198541977574,0.0018447988009013853
9,decoder_cross_attn,6,100,-0.0030788445472717213,-0.00032666295766830243,0.014547684972925183,0.002727251744356554
9,decoder_cross_attn,7,100,-0.07742420375347134,-0.0005341333150863592,0.04848393179933373,0.007863646826937047
9,decoder_cross_attn,8,100,-0.05708595275878905,-0.0039632314443588165,0.07213262874117313,0.011711983429652073
9,decoder_cross_attn,9,100,-0.008731369078159332,0.0005427041649818371,0.060611290034493906,0.007200642462622634
9,decoder_cross_attn,10,100,-0.03274407207965847,-0.00015815675258636834,0.029835811534490997,0.0031178586076456016
9,decoder_cross_attn,11,100,-0.1340020304918289,-0.009418120086193074,0.1234273627171702,0.025261014334912665
9,decoder_self_attn,0,100,0.028874053657054876,0.0002349865436553962,0.03524524132252503,0.004424684250308198
9,decoder_self_attn,1,100,0.021309719979763005,8.253216743468957e-05,0.019352502237897844,0.0015819230239881889
9,decoder_self_attn,2,100,-0.005020628273487078,5.687177181242555e-05,0.016187804007208692,0.0020317764198933353
9,decoder_self_attn,3,100,-0.09201575905084608,0.00040405809879302465,0.06406036005143517,0.0056159429122051565
9,decoder_self_attn,4,100,0.0390883511304855,-0.0010007229447364762,0.03639210771347022,0.0045372653578133375
9,decoder_self_attn,5,100,-0.11527539342641827,-0.00032583802938460755,0.07710009469707456,0.005751602503963136
9,decoder_self_attn,6,100,0.050454742610454524,-9.618103504181432e-06,0.023701467433794456,0.0019441667592544568
9,decoder_self_attn,7,100,-0.0077608409523963855,-0.0001780959963798491,0.01952986414866638,0.002838261877037908
9,decoder_self_attn,8,100,-0.09473956972360607,-0.0023175227642059045,0.06748439388081189,0.0034092027961934238
9,decoder_self_attn,9,100,-0.034614469408988914,-0.0006806328892707588,0.02181111838446109,0.0015055498495169448
9,decoder_self_attn,10,100,0.04048219084739681,0.0002569749951362629,0.027687408586006025,0.0019746066828406177
9,decoder_self_attn,11,100,0.018542914092540705,0.0005273166298866082,0.01386089057851165,0.0011104758538734044
10,decoder_cross_attn,0,100,0.25246219426393507,0.004927951693534851,0.14809377637871643,0.027077754293243605
10,decoder_cross_attn,1,100,0.043723022937774615,0.0010890185832977042,0.024974940665042463,0.0020088696400994447
10,decoder_cross_attn,2,100,-0.004105885922908766,-0.0009909826517105042,0.025437183332168663,0.004765396333664974
10,decoder_cross_attn,3,100,-0.015712727010250088,0.0006422069668769796,0.03279042679025862,0.004416454893610239
10,decoder_cross_attn,4,100,0.07290055155754085,7.108330726622854e-05,0.027635343650242672,0.0024790756925269454
10,decoder_cross_attn,5,100,0.025775131881236986,-0.0007539927959442024,0.01733402306465496,0.002419537213753416
10,decoder_cross_attn,6,100,-0.049704050421714746,-0.0002650958299636818,0.03118897868753521,0.003898566425727364
10,decoder_cross_attn,7,100,0.018641715943813288,0.000326328277587876,0.014180756403233285,0.0010032458359606755
10,decoder_cross_attn,8,100,0.0010737442970275824,0.0006491491198539677,0.05533408515582967,0.007426083193075972
10,decoder_cross_attn,9,100,0.000652670562267308,-0.001045760512351985,0.029573098298186832,0.0050804341294374165
10,decoder_cross_attn,10,100,-0.05535233706235882,0.00038424432277678924,0.03440880594655937,0.0030515450643664697
10,decoder_cross_attn,11,100,-0.25104115962982176,0.002173160612583158,0.10683630946517923,0.010537654126232284
10,decoder_self_attn,0,100,0.0037020319700241007,0.000234148502349846,0.017069386557573136,0.0026444064374127932
10,decoder_self_attn,1,100,0.0011207103729248017,0.0011858484148978875,0.01724448294332917,0.00205817015192003
10,decoder_self_attn,2,100,-0.006716521084308606,-0.0010399872064590248,0.014897181489607678,0.002844423090579686
10,decoder_self_attn,3,100,-0.13725885868072507,-0.00182853996753691,0.08266712682664117,0.0057071179191473895
10,decoder_self_attn,4,100,0.03369297742843624,-0.00034008294343948145,0.023907724504016282,0.002701051568663062
10,decoder_self_attn,5,100,-0.04061704695224759,-0.0015762278437614359,0.04098070015841123,0.006511787093478385
10,decoder_self_attn,6,100,-0.08429404616355893,0.00019022375345229548,0.04455864175414558,0.0036234977215946376
10,decoder_self_attn,7,100,-0.07867370963096615,-0.000753395855426786,0.0497465522475753,0.005914453557531739
10,decoder_self_attn,8,100,0.021710356771945934,2.4937391281130223e-05,0.02985254892697335,0.002356239419290486
10,decoder_self_attn,9,100,0.04971937745809551,0.00013065218925476234,0.024039793845845803,0.0023851590326885745
10,decoder_self_attn,10,100,-0.05874728679656979,-0.0014144244790077016,0.03869919621516546,0.0026237478184869575
10,decoder_self_attn,11,100,-0.016348785459995244,0.0015419933199882151,0.016672649994679923,0.0015246507106318307
11,decoder_cross_attn,0,100,-0.07893396168947216,-0.0031478863954543836,0.06450231767252668,0.0098808591444638
11,decoder_cross_attn,1,100,-0.0015626952052116409,-0.0002611976861953692,0.02197272194073539,0.003539336078214287
11,decoder_cross_attn,2,100,-0.031155282557010642,-0.0091707345843315,0.08027763634069822,0.019273002727799995
11,decoder_cross_attn,3,100,-0.37977017551660536,-0.0029165759682655357,0.19150105825545488,0.02328466757311334
11,decoder_cross_attn,4,100,-0.010011467933654766,-0.00017011553049087265,0.01518482021056027,0.001896714391492104
11,decoder_cross_attn,5,100,-0.0052770122885703865,-0.013607593178749053,0.07745537932525373,0.022510389053126086
11,decoder_cross_attn,6,100,-0.13678796678781507,-0.0017840933799743537,0.10070498044795347,0.014041055684336806
11,decoder_cross_attn,7,100,-0.07628870576620098,0.0014095717668533225,0.04654285068870756,0.005975575339485127
11,decoder_cross_attn,8,100,-0.006491353809833524,0.004809118807315805,0.08548776339503032,0.015369969368349355
11,decoder_cross_attn,9,100,-0.007640150189399702,-0.0007080948352813617,0.017150307216626578,0.002801703968843665
11,decoder_cross_attn,10,100,0.00019457280635832794,-0.0011673188209533447,0.013772873582495834,0.0017320520043062062
11,decoder_cross_attn,11,100,-0.25596744924783704,-0.0063416433334350375,0.13524041885815916,0.016758282618000636
11,decoder_self_attn,0,100,0.04458820402622219,-0.0015743005275725994,0.02336773130627408,0.0018657567391535557
11,decoder_self_attn,1,100,-0.015988801121711714,-0.0004505822062492316,0.024725011701493865,0.002761059719189075
11,decoder_self_attn,2,100,0.003332996368408197,-0.0003221037983894306,0.02161808556441831,0.003344530012725976
11,decoder_self_attn,3,100,-0.015090655386447896,-0.0021645832061767405,0.0451454635767862,0.004650676106768401
11,decoder_self_attn,4,100,0.04556693613529201,0.00023779004812240194,0.02370010843191513,0.002356302255194991
11,decoder_self_attn,5,100,0.06501829534769053,-0.0008959788084030054,0.03199581464758224,0.0025277512058433384
11,decoder_self_attn,6,100,-0.006797224283218376,-0.0006375455856323134,0.024433497383723718,0.002184210091523841
11,decoder_self_attn,7,100,-0.062277254164218865,-0.0006471875309944152,0.043598505155046895,0.0035523697958544445
11,decoder_self_attn,8,100,0.12060616165399547,-0.0003547814488410863,0.05451417449707155,0.001953820182474402
11,decoder_self_attn,9,100,0.03364790529012676,-0.000965283513069132,0.023103814789759952,0.0016132972945402716
11,decoder_self_attn,10,100,0.08381857424974438,-0.001281514465808847,0.04204692490607456,0.0022009115567657254
11,decoder_self_attn,11,100,-0.015228181481361363,-0.0011381089687347214,0.017173094260887964,0.002849386250657518
