run_type,layer,attack_name,n,attack_token_rank_mean,attack_token_rank_std,attack_token_logit_mean,attack_token_logit_std
attack,0,relevant_start_5,100,6313.44,1366.4964810519168,-15.410920944213867,52.13625449215214
attack,1,relevant_start_5,100,3340.33,2272.464945913147,47.70379455566406,97.69655027173317
attack,2,relevant_start_5,100,22881.95,5531.525640053172,-257.1444789505005,99.65932117996635
attack,3,relevant_start_5,100,14154.57,4359.910251265605,-49.95206953048706,79.9821359852307
attack,4,relevant_start_5,100,10515.81,4865.747930496535,-66.31984855651855,132.18040622273514
attack,5,relevant_start_5,100,14371.75,5428.974988127794,-536.6886641693116,213.4704355864798
attack,6,relevant_start_5,100,19120.69,8874.469315412727,-1195.6023643493652,605.9308276336026
attack,7,relevant_start_5,100,14705.76,7311.6183828316425,-1009.4945370483398,324.0629296709568
attack,8,relevant_start_5,100,13839.3,4819.682559017446,-1888.1904760742189,626.0854437651125
attack,9,relevant_start_5,100,11799.3,5215.8161306828015,-1381.4210511779786,748.2031086313235
attack,10,relevant_start_5,100,22230.83,11091.888599701218,-3874.2913598632813,1126.8474833716946
attack,11,relevant_start_5,100,8741.27,4783.533020549442,-1417.1376504516602,1319.589162429913
clean,0,relevant_start_5,100,6322.1,1425.6456378948048,-18.769002075195313,55.72488789198621
clean,1,relevant_start_5,100,1776.46,1405.1521461889436,124.75402824401856,95.73410195297703
clean,2,relevant_start_5,100,23520.54,5416.929517948728,-231.67690692901613,104.10085228005765
clean,3,relevant_start_5,100,14009.01,4220.905000127462,-62.36381586074829,78.42301178378499
clean,4,relevant_start_5,100,11825.76,5079.760069733668,-88.96285919189454,138.9916875667518
clean,5,relevant_start_5,100,15005.7,4868.36482514479,-572.6385499572754,208.9978633272791
clean,6,relevant_start_5,100,22054.18,7554.139974553789,-1432.4849607086182,591.6878338099141
clean,7,relevant_start_5,100,16626.36,6682.704925523508,-1110.324669189453,344.4598733269849
clean,8,relevant_start_5,100,14259.87,4284.483992727642,-2013.321820678711,591.8036511171354
clean,9,relevant_start_5,100,13473.91,4860.224875487042,-1703.33759765625,830.5309456097809
clean,10,relevant_start_5,100,23784.36,9462.79473690132,-4261.33185546875,1025.9887867506602
clean,11,relevant_start_5,100,12037.88,5268.160914379701,-1496.6539462280273,1353.7714323533921
control,0,relevant_start_5,100,6280.12,1412.4884644563372,-21.22072410583496,54.02439647653802
control,1,relevant_start_5,100,1853.08,1494.4465120484363,119.14041229248046,95.71161172601911
control,2,relevant_start_5,100,23827.72,5488.764857249927,-248.89972370147706,108.23620253687069
control,3,relevant_start_5,100,13944.08,4284.691235484109,-59.91734735488892,81.00935152789252
control,4,relevant_start_5,100,11412.65,5058.472625260025,-79.47213592529297,141.17749975116297
control,5,relevant_start_5,100,14951.06,4878.609420229448,-574.5087830352783,212.53551411669952
control,6,relevant_start_5,100,21840.36,7657.990010466456,-1431.5533407592773,590.6844326377724
control,7,relevant_start_5,100,16501.7,6785.207915351266,-1111.6776312255859,349.0033604783566
control,8,relevant_start_5,100,14447.44,4180.731165379057,-2029.8093280029298,578.4159723995866
control,9,relevant_start_5,100,13427.66,4832.3007323717775,-1693.0416735839844,816.5944535366583
control,10,relevant_start_5,100,23824.05,9645.673786493848,-4259.0276171875,1075.7954081230203
control,11,relevant_start_5,100,11746.44,5243.891725684948,-1516.2328216552735,1349.8012332650283
